"x","y"
7.485,48.25411
7.2296,48.09836
-0.70843,43.16165
7.46989,48.22101
-1.34437,43.26766
3.53674,45.54832
0.25822,43.10929
3.67333,46.05943
7.37031,48.29578
2.33107,47.9026
7.39233,48.17365
7.19554,48.01066
5.8524,46.61657
5.83091,45.85419
-0.89252,49.18901
5.99746,46.90681
5.95817,46.60939
6.29979,47.27851
3.12169,45.26633
7.45682,48.21224
2.87211,45.99974
6.54897,47.20135
7.3303,48.1208
7.39004,48.30207
1.67598,48.71712
5.82801,45.81869
7.33006,47.92685
4.72287,47.83002
6.65986,47.26711
7.38241,48.29112
-0.48904,48.6254
3.79311,45.9817
7.80469,48.86589
5.73727,45.57082
6.29158,47.30711
3.89088,45.51898
4.96899,45.70327
5.89013,47.05578
2.65895,48.77612
-0.54798,48.58904
6.68086,47.26299
6.25814,47.28018
7.23687,48.08132
4.88913,48.70955
6.14673,47.17499
5.57308,47.85113
7.18942,47.95713
3.14188,45.7978
2.62064,49.25228
2.88972,46.01497
7.71202,48.42382
2.42854,47.29512
3.19034,45.27584
8.793334,46.16778
2.75356,42.49484
2.83564,42.522
2.77663,42.85061
19.883333,50.05
17.955883,59.227133
17.808717,59.17485
17.8336,59.494933
17.80775,59.100389
17.9176,59.11915
15.88295,58.586717
-2.31053,53.64279
-1.54965,54.53575
-2.33101,53.52988
-1.45352,53.37769
-2.39515,53.59743
-3.909245,50.77853
-2.312986,53.798446
-1.882427,53.82957
-1.486431,53.475649
-2.514248,53.599276
-1.367186,53.423569
-4.28294,55.95458
0.118146,51.187507
-1.581301,54.884164
-2.36347,53.55601
-3.928252,52.324733
0.012015,51.995123
0.69074,51.723011
-1.33703,53.736392
-3.799383,53.097498
-3.475317,55.898273
-2.624361,53.384319
-2.08791,51.59962
-1.874792,52.421201
-1.457896,53.555515
-1.801813,53.791416
-2.61941,53.57188
-2.40101,53.57857
-2.031075,55.296401
-2.253115,53.090242
-3.626815,50.565954
-2.533815,53.480973
-1.3602,52.73881
-3.131084,56.204257
-1.80751,53.64039
-1.543632,55.07701
-1.481327,53.358939
-2.389555,53.739857
-1.48649,53.39739
-2.642176,53.129161
-3.298587,51.664896
-1.322439,53.445083
-2.486013,52.695318
-2.104494,53.433242
0.623723,51.279711
-3.289184,50.719046
-3.26175,51.5395
-1.466909,53.760494
-2.33152,52.38465
-1.314814,53.545384
0.272703,51.147831
-2.48572,53.57523
-2.42359,53.6014
-0.26991,51.51355
-1.981532,52.525764
-1.1531,53.298901
-1.861457,53.697105
-1.926224,52.626391
-3.34157,51.689221
-1.93735,53.67516
-0.00357,51.73362
-7.86312,52.15034
-3.168582,55.929945
-0.417,51.48132
-1.751957,51.70261
-2.393023,53.883388
-0.660266,51.231904
-3.52116,56.35205
-3.24946,51.52839
-3.397188,51.755633
-5.352989,50.163222
-2.80251,52.738955
-2.690468,53.457403
-1.268023,53.53495
-4.024457,55.739991
-3.371367,51.740238
-1.470259,53.711451
-2.35353,53.53646
-2.7087,51.437698
-2.418078,52.576242
-2.487957,57.550371
-1.388783,53.423366
-3.86949,55.00602
-1.527593,54.538879
-7.870045,54.542651
-0.574234,51.441136
-0.55156,51.57825
-9.900719,51.837258
-1.922724,53.60214
-0.57532,51.391028
-3.586911,51.549694
-0.512097,51.023443
-1.29571,54.576637
-2.03103,53.73865
-2.713917,53.581334
-2.912542,55.044369
-0.77628,51.65182
-2.08835,53.71492
-4.97449,51.7934
-1.528145,53.428807
-3.381694,51.749271
-2.30093,53.56898
-1.875213,53.833411
-3.995965,50.749164
-3.487987,51.570174
-3.365274,51.758652
-2.10321,57.17378
1.30814,52.65719
-1.475196,53.517263
-2.664313,53.404058
0.23908,50.96325
-2.483685,51.757876
-3.662802,51.617928
-2.746281,53.364618
-3.473082,51.814043
-1.557215,53.672504
-3.32429,56.58619
-1.633672,53.846245
-2.40855,52.553209
-2.458689,52.622339
-0.23834,51.6446
-1.525878,53.831022
-3.406634,56.202912
-4.31785,55.94281
-2.707272,53.74862
-4.001021,55.992082
-1.62435,55.24499
-4.03216,51.62771
-4.069503,50.390203
-3.40675,56.37817
-3.62703,56.60733
-1.644319,51.669977
-2.41711,53.57389
-1.12364,52.95149
-1.497708,52.405397
-3.496814,51.532808
-2.088445,51.883157
-1.461738,53.702604
-0.5925,51.71358
-1.94835,53.66531
-2.617904,53.539603
-1.56884,53.47927
-0.72292,51.25821
-6.908423,54.267527
-3.44857,56.35934
-3.561001,56.18358
-4.147317,55.935435
-2.68028,53.49919
-1.507984,53.790398
-4.611903,55.790791
-1.727329,52.524034
-1.36337,53.38949
-1.604412,55.0017
-2.01864,54.971154
-4.057256,55.795737
-2.972133,53.195948
-2.756449,53.457832
-1.502138,52.402768
-2.306675,52.370178
-2.30732,53.59277
-3.56761,51.57765
-2.692909,53.553496
-3.995163,55.847165
-2.40744,53.65245
-1.630106,53.797888
-0.690039,52.308447
-0.175631,51.421165
-2.599719,53.279889
-3.33455,56.59059
-2.591564,51.45373
-2.128903,51.427437
-1.717921,53.8492
0.01757,51.158598
-0.06406,51.63609
-1.75502,53.85267
1.02003,51.95991
-1.499747,53.55429
-3.72879,51.55961
-4.927202,56.271667
-1.569758,53.821714
-3.040823,53.837015
0.880661,51.143787
-1.73604,53.75711
-2.90328,53.19294
-4.084522,55.803359
-4.342125,56.227123
-1.467561,52.458575
-3.3333,50.706953
-3.49496,56.35631
-4.006636,56.373537
-0.531165,51.445039
-1.44606,53.37391
-3.20346,51.53023
-3.672791,52.129845
-4.890634,51.705701
-3.33479,55.734273
0.117821,51.652712
-2.441765,52.676662
-2.165272,53.679017
-4.725491,50.467081
-0.86874,53.42472
-2.26375,53.49006
-1.43702,53.79545
-3.93051,50.72956
-3.27024,51.55128
-5.079945,51.867853
-2.875328,53.405809
-2.561994,53.395108
-1.76737,51.33807
-1.13491,53.510447
-1.79147,53.64143
-0.67419,50.98955
-3.19705,51.45837
-4.00278,50.73062
-2.24917,53.48847
-2.721902,53.409489
0.100212,51.53096
-7.27372,55.01159
-4.26678,52.0018
-3.92735,52.99383
-0.770406,51.246101
-3.278396,54.540851
-0.424915,53.842161
-5.339253,56.470931
-3.895962,52.331001
-2.45357,53.524654
-4.52589,50.59785
-2.052785,52.427377
-1.551393,53.41548
0.449224,51.323303
-1.380048,53.638403
-1.606195,53.683671
-5.18907,50.2149
-2.757986,52.236922
-3.346127,51.660545
-2.75007,52.704059
-2.108028,53.549113
-0.29011,51.65495
-3.90749,56.025396
-3.21503,51.55313
0.720661,51.360648
-1.546192,52.285746
-2.312767,53.400607
-0.33757,51.70858
-2.648642,53.545936
-4.032053,55.78156
-2.365839,52.666137
-0.9633,51.41723
-2.148589,53.571032
-1.177811,53.489921
-1.76238,54.67107
-1.260097,53.277014
-2.3182,53.6886
-2.931184,54.885799
-1.79777,53.56668
-1.081174,51.203249
-2.093106,51.476071
-1.904126,51.626558
0.18476,51.5595
-2.629431,53.584072
-1.152278,52.940997
-0.690713,53.631446
-1.51379,53.397872
-0.625285,50.960805
-0.55795,51.50972
-2.020648,53.455675
-2.642402,51.488451
-2.367876,53.489438
-1.62823,54.95602
-1.88696,53.61991
-1.608318,53.48483
-0.038689,51.128203
-6.21901,54.709919
-0.58391,51.51406
-2.980511,54.4408
-1.198032,52.935054
-2.26672,53.50934
-3.089432,52.929472
-1.3404,53.3433
-1.387846,53.511728
-3.156332,55.907573
-2.335982,57.540178
-3.415749,54.65963
-4.488156,55.51224
-4.81131,51.93396
-3.72836,55.24853
-3.58065,56.56275
-2.313139,51.358022
-1.505319,53.36764
-1.588009,54.914808
-1.715356,53.601817
-3.419055,55.933427
-4.64187,50.36478
-0.374546,51.505443
-1.0737,53.9585
-1.389356,54.810632
-1.51532,54.14372
-0.949798,53.68027
-2.767682,57.455918
-3.94229,53.005
-1.224625,53.706473
-1.66784,54.97818
-0.742506,51.582969
0.26175,51.10651
-4.23364,55.8398
-9.318988,54.100446
-1.57395,53.833744
-2.30743,51.751985
-4.20186,55.971587
-2.214235,53.042345
-3.795039,54.965141
-1.403434,53.412193
-3.38361,56.35033
-5.261688,56.546473
-2.172258,53.664154
-4.30614,51.85225
-1.605655,54.963924
-3.419508,54.383157
-2.952593,51.617721
-3.012,53.810511
-0.419074,52.030629
-2.446662,52.617062
-1.408666,52.926688
-4.466877,52.04061
-1.305371,53.130429
-3.79498,55.146973
-2.200227,54.300214
-3.606662,55.043276
-3.243921,55.924093
-2.17973,52.583446
-1.86475,53.62389
-3.43401,51.571469
-2.155004,53.128382
-1.852928,52.967395
-2.290961,53.43597
-4.505696,55.597061
-4.75412,50.37777
-2.8441,56.2923
-2.75497,52.69163
-3.491932,56.053665
-1.07074,51.42884
-0.48421,51.58654
-1.654832,52.206462
-1.626495,53.457927
-3.26174,56.58399
-1.71255,53.73009
-2.877066,53.225695
-2.235078,53.407588
-1.740618,53.67485
-2.155119,52.561482
-2.176905,51.718614
-1.41194,53.77014
-2.152339,52.992307
-3.390187,51.519986
-1.538197,54.833223
-0.095889,51.240738
-0.447061,51.443502
-2.05496,53.72433
-1.77945,53.72624
-4.031564,52.708185
-3.060937,55.90948
-2.13293,55.7682
0.129067,51.246642
-3.424517,56.124262
-0.1119,51.650296
-1.232199,52.942312
-3.970615,51.912897
-1.09052,51.26511
-2.466366,52.625505
-2.415264,52.533206
-0.77514,51.55812
-1.696347,53.863759
-2.133722,52.448895
-4.363249,55.909032
-3.222553,51.499163
-2.964385,54.393618
1.2877,52.639
-3.047158,52.982591
-3.208,51.54653
1.26377,52.80879
-2.781046,57.504253
-2.496331,53.492922
0.159633,51.588134
-1.160727,53.577157
-4.988727,56.094993
-4.541438,50.550061
-2.151843,51.720965
-0.337612,51.703601
-3.69975,55.099797
-0.330351,53.754318
-0.712177,50.814956
-2.564751,51.912724
-7.300077,53.68075
-2.44309,52.642931
-3.18139,52.98218
-4.047224,52.961815
-4.993124,50.410511
-0.115056,51.80228
-1.890658,53.734375
-3.144593,52.658866
-2.365373,52.449029
-0.358645,51.048367
0.174,51.17315
-2.779312,54.365931
-5.28299,50.09558
-3.0739,53.1833
-0.34021,51.36048
-3.58401,51.60814
-6.584857,54.197676
-2.489814,53.512236
-2.3175,52.122784
-1.413947,53.740971
-4.333492,55.610887
-3.299634,51.533136
0.08537,50.98312
-4.931853,50.38805
-1.235195,52.894235
-1.626275,53.679689
-6.671568,54.22393
-0.86281,50.84487
-3.582885,54.522835
-3.332514,55.729471
-1.913786,53.249035
-3.389154,51.836518
-0.294588,51.827356
-1.332986,53.025184
-9.577977,51.877744
-4.955448,51.652539
-0.113197,51.290939
-0.149335,51.69488
-3.734159,56.703443
-2.74723,52.71071
-1.448065,53.693698
-0.384269,51.669049
-0.799,53.0747
-4.48154,54.95665
-1.44266,52.91107
-6.543975,54.185018
-3.392365,55.949451
-3.416436,56.047668
0.47592,50.9894
-3.300619,55.89634
-0.911239,53.689389
1.1367,51.26144
-2.64715,53.50096
-2.454927,52.828438
-3.80936,56.34456
-1.854114,53.713123
-1.3353,53.0565
1.492553,52.216397
-3.072854,52.793953
-0.2676,51.74207
-3.9673,55.77008
-4.695562,50.401324
-1.332104,54.217926
-5.030691,55.990251
-0.947898,51.449005
-1.790043,51.546339
-0.30536,51.421739
-0.41244,53.84147
-3.039095,51.591626
-3.907061,50.824781
-1.197085,53.01828
-2.30473,53.310825
-1.338362,53.01827
-0.441453,51.561855
-7.85246,53.761683
-1.93126,51.673835
-4.05625,55.86911
-0.734,52.4013
-1.6708,53.747706
-4.023599,52.6402
-0.350896,53.765246
-4.24046,53.09346
-2.050882,51.409693
-2.37603,53.506199
-1.421996,53.72035
-3.61212,56.34183
-1.08982,52.65939
-2.399738,53.787354
-2.575151,53.6443
-3.52643,50.709713
-5.125498,50.099984
-2.50938,53.259782
-3.540891,51.504749
-2.109029,52.578696
-4.507557,55.679956
-7.901163,54.543672
-1.710769,53.792153
-2.213948,52.394462
0.157183,51.057476
-2.473682,53.398092
-2.84837,53.60265
-2.41643,51.05202
-2.874494,53.1938
-2.185103,52.582548
-1.53789,52.96631
1.27219,52.78565
-2.535158,53.733806
-1.91709,53.25954
-4.80711,50.28183
-5.193219,50.25946
-1.750166,53.667593
-2.61166,53.64881
-1.359965,53.166751
-1.39936,50.83073
-1.856539,52.458677
-4.5731,55.986358
-0.024477,51.667363
-2.782299,53.385691
-4.061877,55.676589
-0.491472,51.361481
-2.17876,53.37918
-0.55571,51.6068
-1.106271,51.411109
-3.103232,52.854815
-2.182405,53.443893
-3.05796,53.407346
-2.8061,53.39605
-9.405132,51.9108
-2.237218,53.429112
-3.457446,51.713566
-4.362729,55.840001
-0.294347,51.752563
-3.60624,55.84344
-2.9238,56.3414
-2.69914,53.055038
-7.475064,54.799132
-1.54968,53.65014
-1.376927,51.416541
0.897273,51.893921
-2.474927,53.601839
-2.365894,52.666666
-4.146777,55.752305
-2.33569,52.40443
-1.480415,51.210625
-1.65345,53.76752
-1.73919,53.65133
-1.33295,51.74845
-3.423166,56.39443
-3.361942,55.956158
-0.210943,51.58744
-0.694652,52.380581
0.05536,51.5383
-0.09809,51.36602
-1.604016,53.810854
-2.387618,53.871981
-1.155816,52.6117
-4.2684,51.76825
-6.626172,53.183976
-0.396232,51.64602
-1.56703,54.78199
-3.466842,51.667467
-4.112741,50.568727
-3.265289,55.942567
-2.5645,51.45126
-2.0702,52.57874
-5.02781,50.24862
-0.581375,51.291514
-1.98408,53.73107
0.856129,51.843403
-3.579902,51.486839
-3.026029,54.45799
-3.078093,52.925772
-3.57735,56.3424
-4.22164,56.48613
-3.872528,52.333314
0.086332,51.42667
-5.166259,50.279733
-3.130695,53.160442
-1.28546,53.73465
-3.50658,56.41798
-1.22151,53.48787
-1.426128,53.516449
-2.41268,51.38004
-2.298021,53.464492
-3.140881,54.604119
-0.22784,51.57318
-2.11312,50.689
-2.06058,52.50462
-2.542327,53.491021
-3.039215,53.11494
-3.76735,55.12642
-2.229345,51.863449
-0.706551,51.893521
0.06648,51.194867
0.97477,51.24119
-1.285172,52.926695
-2.01656,50.85824
-2.556145,53.602414
-4.044799,50.490678
-2.737771,54.313829
-1.868655,53.834702
-1.027329,53.60468
-2.540169,53.396253
-0.59882,51.69395
-4.488208,55.848733
-1.881443,52.479448
-2.790989,54.638228
-7.32121,55.00356
-1.936959,51.39539
-2.371772,53.284454
-2.258447,52.361661
-2.098696,57.154883
-0.130072,51.602228
-3.870661,55.704558
-1.89881,53.25256
-1.923192,52.575969
-3.97605,52.35029
-2.74676,53.888303
-4.501077,55.902578
-1.515682,53.57846
-3.84781,52.63222
-4.290126,55.885071
-1.536372,51.416323
-0.688686,50.836394
-1.409966,53.257321
-2.345424,51.365728
-1.488319,53.792823
-1.580503,53.085173
-5.00816,51.779484
-3.883118,55.190605
-6.585613,53.923694
-1.17096,53.575285
-0.282802,53.752409
-3.22995,52.559663
0.052292,51.619035
-0.50777,53.65162
-0.73083,51.99413
-4.284278,56.288087
0.423096,51.062684
-4.056747,52.936826
-1.419,53.2335
-1.60261,53.85429
-2.95695,51.23335
-1.93717,53.91355
-3.9012,55.7271
-3.932661,52.917325
-3.698854,55.892987
-1.82377,54.06615
-2.891144,53.569489
-1.779769,51.709582
0.849678,52.826255
-0.08069,50.864174
-3.049212,53.038059
-0.607675,51.27532
-1.485455,54.971303
-4.641385,56.149782
-1.98423,54.95515
-1.507979,53.662707
-3.819098,56.011472
-3.2502,54.394778
-4.18521,55.753915
-1.483262,52.917853
-4.731694,51.783607
-2.274394,53.699327
-1.23179,50.86079
-2.71425,56.61226
0.432453,51.034004
-1.624485,51.34703
-1.876441,52.500716
-4.41701,54.73109
-0.31321,51.461
-2.125959,53.458012
0.306975,51.307901
-6.66466,54.948711
-3.639674,55.068687
-4.435314,57.571895
-2.35575,51.37739
-0.504404,51.342304
-4.762845,51.673069
-0.855896,51.256281
-2.646747,52.652527
-3.542565,51.626747
-1.514316,52.355623
-4.135673,53.127992
-0.582705,53.47765
-3.90407,55.67409
-0.62383,51.54663
-2.125165,53.501714
-1.20763,51.74921
-1.86371,53.62674
-6.133225,52.940353
-1.18905,53.50698
-5.035675,51.807208
-4.669603,50.47826
-1.311692,53.460681
-1.677755,54.667455
-0.875552,52.272994
-1.70643,52.614361
-3.91877,55.942145
-8.40283,51.92229
-2.28215,53.58428
-2.096905,53.399149
-4.089659,50.656335
-3.111486,52.064999
-0.094756,51.605329
-2.630357,53.467335
-3.054549,55.872471
-3.47466,55.949429
-1.181937,51.613285
-2.5439,55.4892
-4.05642,53.173666
-0.418043,51.399784
1.441087,52.61478
0.959003,52.007326
-9.288668,53.847426
-3.34894,56.28887
-0.9801,51.1757
-2.087525,53.652312
-4.08103,52.1094
-3.374185,51.817794
-3.581241,51.523889
-4.823488,50.349901
-2.640597,53.445996
-2.179423,53.480589
-2.119011,51.789523
-3.05771,52.84538
-0.91316,52.23019
-1.697665,54.950792
-4.062498,56.026074
1.40179,52.40944
-1.982512,51.713896
-1.467797,54.506117
-3.609687,55.977709
-3.85524,50.65838
1.12449,52.806977
-1.850433,53.559482
-2.903533,53.420026
-1.901615,52.454263
-3.14065,51.85657
-4.308148,55.892987
-2.480157,51.414478
-0.052831,51.148991
-2.06426,55.76661
-0.90041,51.52097
-2.728539,53.455916
-2.726867,53.522004
-3.96735,52.40304
-2.028055,52.54235
-5.30297,50.14369
-4.310548,56.3008
-1.542331,54.851104
-1.853364,50.851675
-2.208282,53.160517
-7.252376,54.528971
1.168764,51.852287
-3.77567,52.108
-1.802124,53.794586
-1.432301,53.756412
1.6756,50.2731
-3.540736,50.620971
-1.538729,54.975818
-2.57537,51.4763
-2.249668,53.691465
-3.9013,50.58165
-2.399478,53.434213
0.284159,51.479939
1.369534,52.625833
-3.08635,53.176335
0.467317,51.271014
-3.107784,54.192904
-1.355368,53.309348
-3.0802,53.218102
-1.27615,53.49126
-0.322659,51.239548
-1.60452,53.38332
-4.055343,55.961557
-2.956542,53.190291
-3.98042,55.727
-1.719311,50.992999
0.106881,51.579449
-2.586724,51.485782
-2.11653,52.46288
-1.978586,52.587076
-1.365701,53.523334
-7.186804,54.922254
-3.53959,51.5952
-8.450813,52.243936
-0.79915,50.79415
-1.1539,51.533261
-1.903555,53.750799
0.136805,51.101468
-2.56893,51.51668
-0.112643,51.396892
-0.325588,51.055035
-0.61346,51.59825
-0.474281,51.399222
-2.216127,57.184115
-4.042247,52.913014
-4.7057,51.928672
-2.211811,53.591814
-1.67042,53.64111
-1.376485,53.155386
-2.33565,53.59541
-0.317328,51.662664
-3.239261,52.002636
0.160023,51.352913
0.139835,51.429457
-0.681678,52.538167
-4.953107,51.807666
-1.370989,53.917566
1.282236,52.611693
-0.27239,51.56028
-1.828641,54.52546
-4.482175,55.625223
-3.046954,52.438615
-1.778165,53.824681
-1.53952,53.32646
-2.849997,53.376374
-1.532417,55.067874
-3.784633,55.818619
-1.503829,53.702894
-2.453848,51.291834
-3.58309,51.59609
-7.381484,53.683038
-3.521841,56.499851
-2.44233,57.549282
-6.653999,52.914078
-2.54296,57.323994
-1.90361,53.32438
0.634882,51.94488
-4.970921,51.928038
-3.132024,56.548625
-1.940511,50.755991
-1.62176,53.71855
-3.008733,53.325831
0.16156,51.83721
-3.324345,50.9047
-1.459219,52.973058
0.12826,51.189212
-2.797483,54.577232
-6.892444,54.910761
-1.951215,51.649194
-3.37456,56.45869
-3.937215,52.393502
-1.357364,53.691278
-1.360944,53.624344
-2.174045,53.541673
-3.142156,51.514261
-2.14027,54.98776
-3.66722,52.854421
-0.75068,50.845897
-0.359183,51.179432
-1.087386,51.483255
-4.035756,50.834061
-0.48674,51.490322
-3.23332,56.62366
-1.33081,53.34832
-0.46339,51.63806
-0.936557,51.022233
-1.422755,50.938081
-2.15176,57.137937
-5.140314,50.234926
-0.38705,52.970131
-2.610316,53.232634
-4.446746,52.950176
-1.77924,54.97143
-7.318007,54.988634
-0.26752,51.86707
0.70692,51.785232
-6.70197,54.41409
-0.256191,51.473766
-3.883458,52.776346
0.257109,52.024005
-3.303922,51.669423
-2.613628,53.455126
-1.5469,52.387505
-2.759273,52.714159
-2.501867,53.507061
-0.983468,53.676017
-0.15943,51.17358
-1.25259,51.72797
-2.97466,50.83684
-4.395743,50.914628
-3.799721,53.07856
-4.05139,55.77093
-2.220804,50.683309
-2.173093,50.683054
-1.227641,53.70902
-4.67818,50.62107
-0.940735,54.017548
-0.474673,51.758172
0.10786,51.35674
-3.725527,55.100716
-3.478216,51.593906
-0.19123,51.71066
-1.149131,54.002633
-2.323773,52.132202
-1.51842,53.96832
-3.406503,56.104242
-0.43669,54.00217
-1.895773,52.064572
-2.708195,53.414882
-8.47455,52.691714
-0.55244,52.24931
-2.011014,53.96404
-3.982481,50.351439
-3.43903,52.484219
-2.962836,53.104316
-0.68072,51.52372
-3.559384,50.704368
-3.90981,56.37414
-2.723827,50.758512
-0.465097,51.220656
-2.69837,52.7301
-0.30915,51.36116
0.86772,51.309154
-2.529126,52.682239
-1.458363,52.425252
-0.72775,51.62271
0.321477,51.219556
-3.17942,51.58894
0.210175,51.562303
-2.483432,53.290076
-1.92786,52.44137
-2.137344,53.060229
-1.571645,53.789547
-4.614462,55.798921
-2.116996,52.727325
1.00307,52.18603
-1.802918,51.590236
-1.735803,53.015591
-9.782745,52.111073
-0.161456,50.924428
-3.399444,54.34039
-1.24943,52.38387
-3.790122,55.993549
-0.16341,51.367503
-3.680232,55.846322
-0.51708,51.54602
-2.764651,52.39137
1.42008,52.65691
-1.595728,54.289755
-9.390435,51.917624
-2.25265,52.38079
-5.208372,50.098873
-0.054925,51.61364
-1.305914,51.064761
-2.47209,53.75589
-1.296167,51.401033
0.815347,51.835927
-2.400443,54.530843
-2.166254,53.395094
0.300433,51.611798
-0.312425,53.800391
0.16787,51.53039
0.457007,52.073855
-0.878727,51.483334
-6.729984,54.6402
-3.249479,51.695999
-2.214142,53.854613
-0.477292,51.095612
-4.204287,51.035025
-0.37861,51.43615
-2.236189,52.197099
-2.046394,52.604169
-0.61954,51.00054
-1.496504,52.323059
-3.686708,56.160402
-6.028246,54.515861
-4.118709,55.933008
-2.012112,53.103463
0.068661,51.016403
-3.899889,51.695232
-4.870854,51.969792
-2.763404,55.43142
-5.23385,50.23568
-1.598791,55.166628
-0.75992,50.980473
-1.545079,54.97938
-1.422357,53.424216
-1.102383,53.919834
-2.80491,51.928409
-2.467125,57.593656
-9.585033,51.874665
-4.00459,55.85921
-0.465175,53.609431
-1.48225,53.031706
-3.651777,51.516563
-5.113045,56.680426
-3.354491,50.869528
-3.605625,52.115469
-2.05678,53.48363
-4.13129,52.18526
-3.758128,50.475118
-3.8666,53.133333
-6.60169,55.1246
-1.323967,52.065349
1.005432,51.948111
-0.113344,51.019352
-1.648614,51.493285
-3.203699,55.849822
0.121817,52.205337
-0.481613,51.582965
-0.42131,51.313662
-3.529728,51.571151
-4.398892,52.025863
0.39336,51.39428
1.03402,52.95505
-1.285618,52.879723
-3.240628,54.715987
-0.5635,51.761449
-2.22586,53.517661
-0.513989,51.477514
1.28742,51.24168
-1.818237,53.367226
-4.085375,55.887098
-3.689173,52.721262
2.79003,42.50843
2.91779,42.54687
26.7,58.8
26.7,58.6
25,58.2
26,59.5
-3.420575,51.668242
-3.953156,52.245852
-2.678024,53.759043
0.016107,51.76897
-0.84798,52.350844
-6.608,54.79861
-3.15949,56.469501
-0.33169,51.74177
-3.51437,55.05491
-3.161493,55.853242
-2.68138,51.698038
-1.14212,52.088902
-2.384505,50.706794
-1.789146,51.326913
-4.14836,56.53275
1.539643,52.335823
-0.495293,51.432506
-2.949395,54.411715
-2.591311,53.351348
-3.875808,55.783542
0.277733,51.191502
-1.491864,52.446845
-4.604624,55.443232
-0.39638,51.46116
-1.552796,52.29226
-0.144532,50.836519
0.99975,52.18764
1.136217,52.058666
-0.17069,51.2311
-3.886907,52.74203
-1.51426,53.84953
-2.548593,53.114534
-1.80155,54.988141
-3.34764,51.58539
-6.46092,53.201757
-2.792764,57.436629
-2.486191,53.746286
-2.276484,54.925298
-2.352125,51.690555
-3.879247,55.65248
-3.736282,50.548687
-0.932844,51.461151
-6.921993,53.133114
-0.022207,50.973031
-1.661492,60.259221
-4.066593,52.339909
-4.762578,51.981568
0.003476,50.878365
-3.458476,56.423971
1.3163,52.6175
-1.366996,53.635977
-0.502281,51.61225
-2.93034,54.864836
-2.442566,53.45997
-2.03782,53.509853
-5.282698,50.22256
-3.023149,51.679084
-3.78251,51.06118
-0.651948,53.602109
-0.67664,51.91852
-2.944033,54.309722
-4.111786,55.790155
-0.349154,51.153388
-7.659095,54.335534
-1.332146,53.733705
-3.873099,56.047958
-4.020285,52.359651
-4.433234,56.347545
-2.342563,53.730289
0.642216,51.216407
-1.84619,53.88419
-1.281227,53.612742
-3.33623,56.33848
-9.314061,51.98204
-2.010726,52.609437
-3.837138,55.729824
-1.991989,52.696585
-3.551595,50.753849
-4.540078,55.850482
0.041499,51.069312
-1.420568,53.260244
-0.248291,51.949618
-3.0293,53.0648
-1.166295,51.359586
-5.571086,56.69541
-2.824864,52.510546
-2.9921,51.13123
-2.796788,53.433553
-0.126282,51.241853
-1.348371,51.831808
-0.6848,51.3421
-1.131798,53.380741
-0.26312,52.56917
-4.269283,55.785795
-3.970987,56.109303
0.14367,53.21444
-2.957469,54.281693
-3.711376,55.162071
-0.71241,50.990795
-0.66545,52.33582
-2.467804,53.676689
-2.280047,53.566932
-1.556975,54.034233
-2.115737,57.224124
-0.78641,51.05482
-1.845103,52.361966
-3.251044,54.71822
-3.875102,55.62975
-2.937488,53.421068
-1.60692,53.11518
-1.042034,51.411834
-0.60981,50.98996
-1.32073,50.90162
-3.95513,50.787635
-3.0426,53.1103
-3.281494,50.916353
-6.66282,54.33969
-3.99451,51.77863
-3.60504,56.17159
-1.099098,53.89381
-4.100474,53.012025
-1.999735,53.36929
-0.011196,51.82308
-4.602067,50.496463
-3.780989,51.773643
-0.39321,51.54402
-1.961519,52.247105
-0.171119,51.174678
-2.181148,55.835199
-1.312221,53.697238
0.015151,51.034883
-0.467252,51.262251
-0.222504,51.291827
-0.67813,51.55329
-1.987409,53.378637
-2.788188,57.370992
-3.894027,52.577364
-1.813611,52.556793
0.507205,51.38534
1.9317,50.4078
-1.185368,51.466994
-4.998568,51.761142
-0.81563,51.367593
0.547984,51.386207
-2.171535,52.471357
-4.5204,55.473566
-3.77286,52.07893
-1.53741,54.81366
-2.632596,53.653511
0.077682,51.544073
0.136636,51.470926
-1.281777,50.700257
-2.204711,53.169711
1.234362,52.620868
-1.816816,51.574089
-4.6758,55.64328
-7.421253,54.951361
-1.485319,51.121026
-1.048331,53.788808
-0.312008,51.120672
-3.669515,55.691704
-9.053807,53.29556
-2.12112,53.504196
-5.2881,50.18531
-3.948668,56.121049
-3.827594,55.794966
-2.763145,53.459478
-3.815194,51.028624
-4.188822,53.094998
-1.35122,53.582581
-3.49053,56.41651
-2.18377,52.99171
-2.541103,51.473532
-3.29153,51.647239
-2.865839,53.442193
-2.077502,54.989484
-1.994939,50.798491
0.681832,51.236663
-2.712846,51.977662
-1.988756,52.572547
-3.091654,51.796709
-1.603372,53.422543
-2.25089,51.41722
-1.372654,52.9614
-2.050932,52.458373
-1.938101,53.711947
-2.678321,53.588032
-2.24235,53.79735
-3.435449,54.601659
-3.40836,56.46892
-2.1831,53.9115
-1.80984,52.440484
1.29754,51.28052
0.51793,52.74629
-2.113625,53.255227
-3.57908,55.11299
-2.14625,52.59385
-2.382803,51.347208
-2.387848,53.326771
-2.7061,53.50089
0.222296,52.602773
-1.404628,54.908639
-4.411093,56.352351
-3.05479,53.05085
-3.583877,51.515174
0.5256,51.33428
1.29268,52.71718
-0.27464,51.90214
-1.6,51.210556
-3.374142,56.123182
-3.88641,50.843891
-0.32266,51.70382
-1.325097,52.973574
0.493678,52.629952
-6.665266,54.914267
-0.392154,53.758256
-2.225966,51.731282
-0.289784,51.777345
-0.120422,52.333279
-1.9475,53.44224
-0.980303,51.47748
-6.820264,54.723184
-1.217936,53.02469
-1.55333,53.453
-2.024493,52.491581
-3.732827,51.699263
-0.9527,53.26966
1.357802,52.624143
-5.938756,54.564276
-2.280679,52.692674
-4.541778,56.083396
-1.741748,54.267002
-0.266027,51.957623
-3.25062,57.48632
-3.951099,56.155054
-1.2759,51.773
-8.242872,52.685586
-3.874123,52.333101
-3.21348,57.61216
-3.965329,52.763291
-1.851036,52.931576
-2.323702,53.425561
-1.920783,53.354619
-4.16055,55.82759
-0.2846,51.41336
-0.025747,51.304484
-1.18051,52.84686
1.020895,51.254892
0.057813,51.647246
-3.256269,54.467445
-2.532756,53.212878
0.572789,50.888518
-0.486673,51.518882
-1.51621,51.221
-1.058312,52.959867
-0.265929,51.958856
-6.370128,54.207196
-3.676122,51.537023
-4.306337,55.806095
-3.98481,52.25245
-1.807809,51.295499
-0.53846,52.48476
-2.752787,51.830523
0.472842,51.302895
-1.879706,52.39039
-1.81335,53.93105
-0.717245,53.443863
-4.16836,55.82493
-2.423842,50.798347
-9.341167,51.999964
-1.439563,53.602986
-4.292241,50.882542
-1.634323,53.29645
-8.48873,51.89828
-1.515248,54.900022
1.111066,52.758228
-5.047434,56.398906
-0.64473,51.53624
-3.507751,55.863793
-2.68993,54.07049
-1.607719,54.921325
-2.963334,51.617882
-1.398898,53.673825
-6.700732,55.103675
-4.666431,50.50706
-1.46364,51.18012
-0.57037,51.68178
0.00304,51.1233
-2.596536,51.914801
0.192847,52.248173
-3.505872,50.860076
-4.281354,55.611718
-1.493026,53.837308
-4.679869,52.008786
-2.385611,57.58935
-4.204805,50.989908
-3.320974,51.620335
-1.085443,53.294532
-4.168287,55.8856
-0.42214,54.27458
-3.791896,56.114073
-1.57333,55.025944
-2.756793,53.94886
0.3447,51.1052
-4.36487,56.01895
-3.283757,51.893105
-1.697491,51.162008
-2.042915,51.600644
0.056332,51.407877
-2.578268,53.800027
-2.605317,53.183827
-0.022051,51.606971
-3.818918,54.936834
-0.084682,52.316035
-3.911793,51.95646
-3.234033,55.811366
-1.461879,52.525829
-0.78636,50.8308
1.2621,52.7437
-2.544704,52.71333
-0.5713,51.3179
-1.12659,52.95842
-4.36731,55.98202
-9.549852,51.998891
-5.134241,50.157229
-4.119687,53.11489
-0.830602,53.446117
-1.45859,53.611516
-8.481413,52.355348
-2.373645,55.631076
1.406713,52.048067
-4.13843,53.05352
-9.537071,51.892222
-6.429744,54.49217
-1.347579,51.75993
-3.59012,56.55765
-4.685811,56.246223
-3.931676,52.630586
-3.093777,54.29889
-5.13777,55.90506
-3.79143,53.10655
-6.613885,54.252619
-7.268333,52.198323
-3.061332,51.825414
-1.35644,51.8498
-2.153443,51.199159
-0.87099,53.69535
-7.182319,55.026409
-1.149938,54.443672
-1.543053,53.321841
-5.0267,54.83323
-1.545704,53.36031
-6.962169,55.043615
-1.430467,53.459352
-6.360686,52.742303
-2.694713,51.792895
-1.3033,51.5715
-1.668296,53.21817
-5.141623,50.19884
-1.561883,51.408722
-4.314243,52.037965
-1.335104,50.978134
-2.26025,52.27381
-2.652104,52.787375
-2.37566,57.06083
-4.174986,53.217208
-2.7202,53.7572
-1.409039,54.56568
-2.734918,53.867313
-5.119067,50.203308
-0.096754,50.834942
-0.0086,51.25132
-0.0785,50.9167
-6.986113,54.506025
0.07479,51.33106
-4.220486,55.810881
-3.875228,56.617498
-3.783357,50.429909
-4.031411,52.434006
-2.398358,53.132868
-3.121409,51.580833
5.53,48.9
9.434742,53.897667
5.616947,51.51572
10.771944,46.045671
3.480744,47.289032
8.783712,48.702583
8.113575,45.832157
-0.086589,47.81587
2.743155,48.738605
6.451605,48.013314
16.294653,48.004899
15.904444,48.220833
17.4873,69.4332
6.07592,52.36217
5.65637,51.96162
5.6612,51.95784
4.69804,51.83407
4.47667,52.16
4.59843,52.3789
6.0113,52.37372
6.4831,61.5717
15.692,68.6209
8.7475,62.937
10.5076,63.3471
10.9278,63.474
5.3521,60.3823
5.82808,52.0262
5.67086,51.9526
-1.47622,43.47087
-0.33464,43.2762
-0.59576,42.98145
-0.43774,43.37797
-0.67515,43.05054
-0.4099,43.30035
-0.72983,43.45301
-0.42344,43.03037
-0.43474,44.9557
-5.019961,56.407542
-4.908424,56.284368
-5.450366,56.297319
-5.451687,56.415777
-5.192043,56.587961
-4.859372,56.220434
8.86311,41.75628
8.9536,41.81081
8.98081,41.8206
9.00633,41.8297
4.23198,45.61789
5.68153,45.07572
5.73816,45.09374
4.84671,45.37699
5.17641,45.68394
-2.65567,52.562264
-2.964467,52.44957
-2.624374,52.539958
-2.461027,52.429231
-2.764985,52.486091
-2.505261,52.951354
-2.341174,52.525831
-2.897408,52.63579
-2.919851,52.708841
4.09487,46.10737
-3.090101,52.828762
-2.700305,52.81251
-2.471484,52.58202
5.8747,49.5391
6.04172,49.7023
10.448261,59.828149
8.460772,58.339363
10.267674,59.790812
11.012187,59.972128
7.953168,58.25174
11.025183,60.340905
10.9826,59.944813
7.94573,58.110169
10.325502,59.820641
10.416924,59.83792
5.423456,60.273185
11.198309,59.78646
5.249984,59.44074
7.942547,59.064409
8.804601,59.401958
10.65235,60.256675
10.920699,59.749841
7.87298,59.621094
8.517985,58.354807
10.786537,59.648865
9.232612,59.286161
6.792244,58.828283
8.446624,58.338683
9.628517,59.201683
10.439793,59.366321
7.186695,58.394068
11.193995,60.190415
10.101004,59.742076
10.802583,59.789408
8.448651,58.296235
10.240882,59.13001
11.218107,60.398591
9.732949,60.012664
7.979593,58.287389
10.983563,59.967505
10.407136,59.838968
10.387748,59.827166
5.918472,60.784994
10.825581,59.686842
8.498561,58.32917
9.448514,59.899179
10.505154,59.912435
8.625308,59.482316
9.027937,59.408837
2.4866,49.00048
3.11401,43.58663
4.00817,44.29722
0.56719,43.38143
0.59901,43.11921
0.69217,42.93179
0.74871,42.86649
0.01927,43.53349
0.62865,43.0986
1.60487,43.12906
0.2286,43.20208
0.91509,43.17116
0.82171,43.19021
-0.20231,43.59165
0.08608,43.26386
0.14738,43.17954
1.84033,43.08663
0.59283,43.04363
0.85664,43.04023
1.01163,43.18734
0.65125,42.91512
0.96179,43.10157
0.86696,43.1063
-0.1057,42.90502
0.05742,43.26544
1.32811,43.96052
0.6978,43.09995
1.76955,43.08974
-0.06781,42.95049
0.26485,42.79304
1.81788,44.12916
-0.1159,43.24603
0.99515,43.03967
0.64694,42.9176
-0.13284,43.64947
-0.08823,43.32022
0.70645,42.89452
1.37279,43.01693
0.0488,43.40682
1.88451,43.88622
1.6408,42.90552
0.98374,43.05395
0.03612,43.47244
1.12361,43.01431
0.47275,43.38777
0.25815,43.413
0.60796,43.03076
0.62925,42.99306
2.11715,43.94406
1.14283,42.9853
0.10227,42.90365
1.062,43.03851
0.55204,43.11489
0.89134,43.14545
0.37334,42.94183
0.0617,43.89934
-0.10483,43.64211
1.59204,43.22337
0.52458,43.03071
0.08832,43.23679
0.0901,43.95199
0.78393,43.09846
1.03533,43.00618
1.06027,43.04317
0.59968,43.49324
0.22511,42.99308
0.76604,42.91162
0.22319,43.06827
0.60998,42.87789
0.66082,43.039
5e-04,43.58999
0.19388,42.78
0.09337,43.34307
0.787,43.13003
0.96832,43.16248
26.930084,60.511305
-3.473552,50.922493
-2.010741,51.437546
-1.677333,51.181737
-1.837137,51.304357
-4.495746,50.992757
-0.449434,51.61703
-0.363296,51.882921
-1.703477,51.343659
0.383218,52.559875
-2.267598,51.077566
-3.944446,50.859479
-3.166229,50.797191
-2.092215,51.174951
-4.281092,50.887423
0.391136,52.732358
-0.15893,53.731986
-1.865036,51.08409
-1.097564,54.181751
-3.526364,50.808007
-1.902094,51.078867
-2.517079,54.322334
-3.706012,50.980031
-1.784716,51.290012
-0.469727,51.914925
-1.80791,51.081897
-1.246032,51.742229
-2.257536,51.416151
-2.251879,51.336569
-1.737393,51.501138
0.731673,52.777154
-2.198355,51.241359
-2.017901,51.353024
-1.944357,51.310275
-0.389275,51.887775
-4.156164,50.428406
-2.116279,51.074218
1.001434,52.839876
-4.204151,50.733308
-3.597684,50.610097
-1.773408,51.057782
-4.018912,50.993728
-2.213833,51.181086
0.349399,52.699923
-0.435255,51.871357
-4.237448,50.985401
0.916489,52.879764
-0.452866,52.193438
-2.116713,51.527853
-4.149839,50.548192
0.976129,52.909532
-1.887795,51.000199
-3.687768,50.441543
-0.761453,53.966238
-3.726822,51.085798
-4.164628,50.596756
-1.956304,51.192963
-4.240205,50.78645
-3.838405,50.307272
-1.608952,51.476593
-2.079474,51.210613
-0.592935,51.878203
-1.860645,51.081891
-3.506885,50.950126
-1.716181,51.552969
-2.191098,51.27055
-1.737711,51.130633
-4.261438,50.921982
-2.139528,51.376096
0.38366,52.67676
1.005162,52.484561
-0.42314,51.881355
-3.320329,50.832419
1.497093,52.557374
1.02446,52.615368
-2.186128,51.405928
-4.121153,50.495607
-2.138499,51.044421
-1.610361,51.385396
-1.987801,51.136321
-3.786507,50.370815
-3.637917,50.951688
-3.934445,51.091224
-3.939711,50.817288
-3.75093,50.977387
-2.108616,51.457278
-0.520493,51.830154
-3.572738,50.986218
-1.759597,54.402929
-3.386002,50.86102
-4.056253,51.084647
-1.807658,51.149652
-3.68966,50.534151
-3.738856,51.064036
-1.906149,51.544104
-4.285803,50.775941
-4.361944,50.827353
-2.210621,51.417576
-1.713061,51.418314
-1.573348,51.429713
-3.590869,50.533745
0.709747,52.714217
1.62449,52.527454
-1.618844,50.987331
-1.906961,51.534618
-0.37478,52.162222
-1.973536,51.086863
-3.827071,50.511389
-1.740982,51.041295
-0.395725,51.86988
-1.963284,51.414163
-3.9712,51.045463
-2.241868,51.343784
-4.002599,51.09039
-1.044036,53.874443
-2.235313,51.465184
0.248018,52.74325
-1.752634,51.011969
-0.448637,51.640399
-3.623524,50.375004
-0.486717,52.144425
-1.641384,51.389344
-2.146103,51.026526
-2.225519,51.23052
-0.345067,52.123686
-3.760416,51.084982
-0.3733,51.829154
-3.693042,50.628535
-0.536327,51.878906
-2.983371,50.768885
-3.818413,50.689601
-3.986554,51.115845
-1.079209,54.194105
1.625372,52.663244
-1.574158,51.35495
1.378335,52.605795
-3.811441,50.844712
-4.096432,50.954742
-4.077517,50.368677
-4.179072,50.826462
-3.817332,51.047149
-2.102728,51.398838
-0.521024,52.035167
-2.183258,51.047156
-0.820935,53.911109
-1.698681,51.623652
1.583291,52.745474
-1.698019,51.081081
1.301971,52.533303
-0.548044,51.895803
-4.0601,50.905924
-3.50104,50.697584
-2.05238,51.354066
-1.141777,51.897467
-4.430589,50.671107
-1.336509,52.061055
-2.190901,51.171234
-0.410221,52.037365
-3.418505,50.810673
0.199477,52.720783
-4.175736,50.425343
-1.666774,51.257239
-1.73887,51.097302
-0.591081,52.021055
-4.120724,50.726447
-1.976109,51.639851
-0.221243,52.030618
1.468865,52.667034
-4.226956,50.55659
-3.179054,50.855696
-3.329832,50.852006
-4.031483,50.999958
-3.663244,50.995126
-2.560266,54.315536
-3.716548,50.794256
-3.281084,50.814961
1.453199,52.787111
-3.195465,50.800177
1.051099,52.467196
-1.723945,51.042479
-4.373905,50.678122
-0.319197,52.011375
0.516316,52.642545
-0.648891,51.911318
-0.497961,52.070841
-1.928127,51.026344
-4.163373,51.108209
1.32014,52.812497
-2.050512,50.975351
-4.113977,50.595348
-3.797242,51.207939
-3.838432,51.014353
-0.58262,52.161801
1.041412,52.454855
-3.544382,50.723818
-3.786676,50.375309
-0.5409,52.051599
-1.242404,51.872488
-1.987741,51.368311
4.770034,52.361444
7.049382,52.704379
5.817175,51.9738
6.706418,52.621852
0.30019,43.20721
0.02569,43.22342
2.06655,44.57445
0.40955,42.83774
0.02596,43.14244
1.64073,44.90562
0.39216,43.07017
-0.19165,43.10497
0.02323,43.1817
0.44524,43.15022
0.67857,43.3148
-0.02418,43.15382
0.09688,43.14365
-0.04315,43.05753
0.34258,42.8171
1.98274,44.54594
0.09259,43.32407
0.37563,42.98007
0.21549,43.25991
-0.06627,43.17665
0.35922,42.90546
0.57312,42.98942
1.81134,42.72735
1.68127,44.9319
0.37294,43.01895
-0.12993,42.88707
0.37066,43.3023
0.58559,43.25558
-0.06587,42.97228
0.23904,42.78616
0.16138,43.04287
0.26218,43.13206
0.08285,43.07774
-0.01044,42.87405
0.41001,42.81927
0.0375,42.88288
0.46011,42.98852
0.38192,43.13444
0.09315,43.18478
0.30487,43.27817
-0.19104,42.96824
0.4696,43.3058
0.51269,43.07559
0.46441,43.06632
0.37689,43.03515
0.23222,43.22482
0.1752,43.0921
1.80582,44.92597
0.26339,43.19097
0.56568,42.94521
0.54591,43.04606
0.5846,42.95715
0.43881,43.07223
-0.12464,43.14903
0.0655,43.13772
0.4549,43.27565
0.2709,42.94852
0.59139,42.96143
-3.956907,51.674536
-3.832035,51.658171
-4.08789,51.587111
-3.704371,51.710494
-3.7767,51.680198
-3.963958,51.675048
-3.225091,51.709889
-4.064417,51.713071
-3.637353,51.738487
-3.904448,51.72242
-4.007781,51.677958
-3.122092,51.583237
-3.263538,51.739154
-3.409965,51.557651
-2.947933,51.744822
5.637667,51.532132
6.494338,52.897417
6.459467,52.457324
6.024292,51.235439
15.14957,59.23582
8.289,58.6324
10.1841,59.7445
11.1102,59.5883
10.2684,59.7159
8.9903,59.3888
10.7628,59.3754
8.1634,58.6402
17.78397,59.38373
11.93664,58.38285
13.49959,55.58014
14.01991,56.30747
14.67199,57.83766
15.76756,60.02016
15.68707,57.36767
14.09687,55.77678
12.96963,56.83823
13.7516,55.85594
8.4966,59.3241
10.7765449,59.6703494
11.7167876,59.3497459
11.3335,59.6402
9.9058,59.0108
5.2464,60.949
17.74603,59.28239
13.52901,55.9203
11.71097,58.11964
17.02407,61.72314
17.62077,59.83439
14.55856,56.04778
14.1114,57.69639
14.60966,56.07762
13.96952,55.57891
15.08415,57.84198
12.09124,58.17374
13.89546,56.08104
12.38762,57.65166
17.64048,59.55683
13.31484,55.99162
16.29046,58.95685
16.17455,58.58002
13.41337,56.03131
13.74598,56.11278
14.5178,56.20497
13.74998,55.46242
11.65569,58.03283
12.80246,56.02513
11.3216,59.5712
10.2245,59.7796
11.0054,59.6596
11.7635,59.739
10.2499,59.6963
11.2514,60.556
11.1421,60.75
11.2084,60.7543
10.2386,59.7287
11.065,59.2548
5.4691,60.8886
11.104,59.6566
10.7062,59.445
10.7878,60.7813
11.558273,59.6053543
11.6999867,59.3599462
6.3044,62.1315
16.07197,58.5357
15.6345,56.23005
15.60278,56.24332
13.4889,55.73448
13.84752,56.04436
17.86207,59.60498
11.64478,58.33863
13.22246,55.79025
16.31156,60.52796
17.70657,59.94873
15.59127,57.31272
14.65726,56.08542
14.15948,55.80369
14.96469,58.04035
12.76341,56.07269
14.95187,58.08067
12.88288,56.02256
13.13873,58.48789
13.37336,55.90205
11.93762,58.14418
4.83732,45.00482
4.86211,45.83232
0.51796,46.79988
0.90857,48.87414
1.55513,44.85036
3.26106,45.55097
0.15856,46.9376
2.81536,48.79187
-4.55682,48.41195
6.42198,48.27249
4.97719,48.49368
7.54129,47.72358
8.9596,41.85901
-0.2661,43.22129
14.25707,56.35647
13.87744,55.50762
4.7592,45.83459
6.50696,48.32354
4.07573,46.2072
5.90471,46.0202
3.66046,50.45612
13.32451,55.76541
14.1246,55.61367
1.00601,49.32461
3.45083,46.07111
7.1954,47.73854
4.26018,45.55625
6.18271,45.56069
12.01866,57.65204
5.4989,45.70816
6.39527,45.66127
4.58129,45.89228
3.37022,45.90991
5.45288,45.34931
2.77852,47.65908
4.73455,49.39793
15.84997,57.47811
12.94003,56.13892
18.68126,59.78186
7.59669,48.55019
2.23286,47.56993
5.79729,46.36576
3.52253,45.80044
3.2842,45.40683
6.25651,48.40415
6.27349,45.39539
4.85552,45.68845
13.83546,58.36552
5.47728,47.13138
-3.66384,48.65914
7.54635,48.31816
6.64796,47.9042
4.00303,45.52438
3.33403,50.29767
12.30357,58.26135
14.99112,58.05432
12.13554,57.71815
18.28486,59.31675
15.86149,58.61001
7.33111,48.32749
11.88047,58.02883
12.90738,56.34398
13.17943,56.33292
15.78755,56.9498
6.44308,48.54184
6.32661,46.13218
6.33803,47.87921
1.34985,46.45018
7.14217,47.74075
6.28889,45.61103
6.18592,47.81229
-0.4933,43.34143
6.59713,48.10419
7.63499,48.92684
5.21987,46.76002
6.58299,47.76248
6.81837,49.12236
2.6629,48.3429
-0.63381,46.0555
6.8797,48.41781
12.36264,58.36388
6.3333,48.34756
6.88693,48.34549
6.97014,48.52236
4.72373,45.90735
13.60439,56.44633
1.49902,49.43687
2.26978,49.90675
7.29909,48.27479
2.80787,49.46581
-0.00195,48.21221
5.89595,48.66754
3.98441,45.75862
5.8193,45.89679
-0.54432,43.37604
4.92253,45.20087
13.98418,56.41295
15.22698,58.42672
6.90695,48.11054
6.14032,47.92183
5.31148,45.56924
-3.89139,48.28666
6.25164,46.17083
-3.41466,48.74361
4.73504,45.87111
6.28619,48.43917
15.06898,58.05981
4.7411,45.42094
6.5628,45.83527
4.0347,45.72188
5.688,47.12544
5.185,47.58903
5.35775,45.94614
1.25204,44.82981
3.66063,49.39657
4.03886,48.34905
6.37756,45.77002
2.2164,48.97251
0.81872,43.09831
12.77805,56.3933
11.66243,58.7977
16.02172,57.16763
16.79108,56.88269
15.68567,58.21124
13.09147,55.99948
16.86192,59.37214
15.67644,51.04178
14.85057,50.9092
17.1576,58.95089
17.37188,59.94864
14.29349,57.8545
13.4924,55.51352
15.8853,59.04668
13.9271,56.8644
14.41479,56.04183
16.64778,56.6076
16.51102,59.58218
15.68463,57.99787
14.10785,57.79019
18.22244,57.365
13.78954,55.70924
13.26883,55.64596
13.13474,56.27806
15.5294,56.33013
12.00182,57.75758
13.77686,55.64704
15.49649,60.53019
15.01839,56.49983
11.96251,58.3705
18.46744,57.34863
16.11198,58.96851
15.65765,57.98334
13.01634,56.32935
15.04145,58.5187
15.64732,58.42452
13.17704,56.27357
15.74023,57.85283
15.28965,56.21614
13.54764,55.90267
14.62667,56.36917
14.97965,58.12211
13.82031,58.40838
14.1831,56.422
11.84703,58.11362
12.0537,57.64681
13.08317,56.54629
13.06819,56.16968
14.23244,56.65246
12.80786,56.34785
15.87878,57.6935
12.06049,57.80505
17.70354,59.32672
11.84253,58.00896
13.28065,55.87682
14.40795,56.16785
13.08051,56.51767
15.82289,50.79758
13.64105,55.71838
16.88111,52.42306
15.13066,58.93106
12.95128,56.33416
12.09767,57.79136
13.29451,56.00407
18.10519,59.15617
13.53625,56.26092
13.24358,55.44387
13.66238,56.34572
14.71705,56.18593
17.54862,59.85651
14.01714,55.88165
13.8404,58.4186
12.06266,57.581
18.14018,59.47034
17.89893,59.53697
16.23661,59.00181
11.95424,57.68281
13.41505,56.28918
18.07813,60.06857
13.51478,55.87777
16.71986,59.91927
12.10519,57.73498
11.95305,57.71155
15.05708,58.01653
16.03233,58.14005
14.58418,59.30861
18.19818,59.20325
17.91196,59.58298
14.03046,56.66772
13.46061,56.36282
11.70489,58.43511
16.0876,59.02315
13.81591,55.94144
17.70475,59.97615
13.25997,56.35018
13.94785,55.55016
16.17464,56.69867
13.16504,55.62551
15.90937,56.74226
12.96515,57.79735
15.01792,56.49996
15.0782,57.95596
11.25286,58.40843
13.9928,56.29989
13.68937,56.13477
17.91794,59.50016
13.23439,55.68179
13.70604,56.19654
13.84122,58.41148
12.13513,57.67113
16.52352,56.64435
17.56687,59.54024
13.63149,55.51787
16.79461,56.90007
17.89992,59.20375
13.49161,55.68871
11.61154,58.1869
16.31754,56.6936
15.39101,58.28078
18.24409,59.24802
13.54796,56.36355
11.98366,57.65462
15.60299,56.31002
17.08269,61.67683
15.66665,56.2881
11.98186,57.77691
13.1306,55.47829
13.78238,58.36036
17.74311,59.36015
17.7869,59.85258
13.1546,56.1545
14.49254,56.09758
14.13416,55.68746
18.48506,59.26519
3.99881,44.03879
3.53171,44.1026
2.25118,42.94409
3.93316,44.44841
3.67545,43.99729
3.32429,43.73703
4.04946,44.16646
3.59838,44.31265
2.70598,42.49573
3.38553,44.78644
2.82858,42.51768
3.84543,44.10868
4.27412,44.23553
4.14338,44.029
3.11734,43.62517
3.08278,43.5979
3.81134,44.15908
3.85524,43.96795
3.50986,44.51929
4.05879,44.02631
3.96165,44.33628
3.20685,44.28311
3.61413,43.99219
3.19147,43.70653
3.50161,44.47426
2.89524,42.55867
2.37713,43.35908
4.22753,43.97719
2.30921,43.09468
4.0487,44.17354
3.96702,44.07938
3.8376,44.15677
3.84964,44.04672
3.89175,44.12809
3.54489,44.1043
3.83265,44.18635
3.94514,44.24031
4.56639,44.29952
3.95555,44.33834
2.43072,43.23294
3.87786,43.95809
4.0388,44.20304
4.02098,43.87525
3.63565,43.99311
2.46275,43.35265
3.25209,44.50707
3.66769,43.79738
4.6605,44.2458
3.28736,44.5416
4.21041,44.2511
12.39068,57.47475
16.96163,58.73603
12.38534,57.78301
14.59205,59.33382
12.6242,57.02578
14.94555,58.1506
14.95312,58.02497
18.02225,59.2316
11.47586,58.13295
13.09527,56.17387
13.70676,56.24237
12.98241,56.58373
14.00641,56.35398
18.60969,57.32352
12.97307,56.10554
11.62341,58.26503
12.27122,57.6038
15.57822,59.20561
12.95695,56.83254
13.57412,56.47096
14.85431,57.98929
15.20055,61.04096
14.82154,58.07434
16.31355,56.71535
14.05212,55.74381
12.48795,57.89579
11.71306,58.37921
12.42622,56.98235
12.03031,57.73643
14.25358,55.52284
16.21843,59.70527
14.24919,55.59375
13.41368,55.89655
12.62038,56.23942
15.15591,57.95242
15.54315,56.42133
17.91648,59.12209
16.22227,58.67697
14.30184,57.87534
5.520029,50.213177
12.05022,57.8451
15.23078,59.27344
18.20568,59.21039
15.92784,60.08463
17.99134,59.23214
14.06159,55.60291
15.79743,57.38273
13.94778,56.12812
14.0648,55.63799
15.77566,58.58839
15.70583,58.60788
16.40267,57.01027
16.15126,58.58488
11.96687,57.59149
17.19481,60.69506
17.13196,59.66539
12.31271,57.69173
13.72834,59.59676
12.9237,56.67765
13.68632,58.38186
13.33071,56.09436
15.19615,58.33284
17.03143,58.69462
13.78536,56.03617
13.49446,55.47852
13.89402,56.27882
15.91134,58.64019
14.09358,55.7426
13.48459,59.37945
17.62648,59.79364
11.94025,57.98042
13.18235,55.72292
16.09086,58.73663
13.98145,58.84179
16.19051,59.77403
17.2428,60.81648
15.04258,58.51597
13.46904,55.42683
15.87278,56.42402
14.2801,56.30646
13.64331,59.65306
15.96802,56.29382
14.49634,56.3168
15.93695,56.74084
13.62654,56.20595
13.95612,56.3539
14.12739,55.61533
12.94825,56.30983
16.18129,58.61693
16.54881,56.67287
14.17398,55.64757
13.87436,55.50577
14.0212,55.86284
14.81785,56.22166
13.1494,55.52812
14.78201,56.87526
12.98695,59.66937
13.56968,58.15129
17.62241,59.83195
18.0062,59.4794
12.18516,57.6809
11.68727,58.1903
12.01926,57.95323
16.27173,56.6709
16.03529,56.30158
13.72721,56.04329
14.32153,56.19648
16.47588,58.58287
13.66142,56.37993
12.09691,58.52738
11.25314,58.70665
16.97039,58.77911
13.5653,56.2336
12.38578,58.47069
14.04171,55.51549
13.50546,55.6153
12.09864,57.79269
15.90977,60.73895
12.03112,57.86022
13.62696,56.11343
14.09476,55.82762
11.93056,57.81493
15.98819,56.28918
14.55061,56.08855
13.57053,55.58775
11.60109,58.60201
15.07025,58.1858
17.58048,59.42228
17.85164,59.39818
18.06843,59.66376
12.73542,56.2023
12.87727,56.69862
18.73687,59.77717
15.13884,58.32057
12.38558,57.09524
18.35684,59.34774
13.17714,56.10736
11.68621,58.33072
17.625,59.87776
13.5222,56.33433
13.89694,55.49714
13.81514,58.3461
13.2882,56.22827
13.77801,55.77822
18.27228,59.2816
14.30252,56.23055
14.48313,56.35643
14.22714,55.4713
16.59994,56.62616
13.82824,56.2327
15.58277,56.53781
14.25907,56.22716
16.33126,56.98089
11.56934,58.16289
15.80661,60.01081
14.51711,56.22078
16.3027,58.44295
13.7405,56.24474
14.5236,56.14167
14.63004,56.06508
14.19875,57.76306
14.90169,57.9842
15.00046,58.54408
12.30452,58.38702
12.21073,58.39898
11.52946,58.0878
14.26638,55.98428
13.02514,55.44809
12.46245,59.12429
15.88059,56.21304
14.55196,56.21263
16.79818,59.60021
16.22643,58.58097
14.06795,56.2637
14.5678,56.89254
14.88736,60.71255
13.22297,55.56564
15.17237,57.72111
13.9785,55.47862
15.14954,57.80272
15.13376,59.2896
13.76194,56.32684
18.29783,57.59158
17.77921,59.27575
14.61925,56.10283
16.53993,59.34329
16.292,58.95742
11.56034,58.18971
14.45453,56.24194
12.26458,57.76179
14.51297,56.28621
12.05509,57.77119
13.07279,56.01435
16.31271,59.53429
14.93136,58.45872
13.27962,55.91723
15.7278,58.35298
13.60173,56.13274
16.94673,57.09142
13.64111,55.77499
13.2107,55.96701
12.35906,58.55716
12.10242,57.53892
13.72081,55.62544
18.5653,54.401
18.9361,54.3328
18.5648,54.3325
19.4394,54.0601
19.4216,54.0384
17.9816,54.1218
19.303,54.2356
11.72982,58.16727
-5.029229,57.760146
-2.717693,55.598067
-3.957265,54.930541
-3.207213,56.254094
12.89708,57.73934
13.70165,55.86408
15.33881,56.17899
14.61272,58.1662
15.54182,56.47353
13.3714,56.29911
16.31552,59.45932
14.9079,56.742
11.94586,57.88433
12.0086,58.48292
13.18926,56.14176
17.98773,59.4595
15.73346,59.99737
6.51911,46.4026
5.81277,46.17778
4.95585,45.23932
5.29889,46.00813
4.92434,46.32352
6.57743,46.05816
5.27835,45.99043
5.44409,46.31117
5.97578,45.55089
5.77592,45.78124
6.30441,45.58244
4.96959,46.12025
5.06626,45.81044
5.90433,45.58655
5.62415,45.61574
5.55307,45.68353
5.74788,45.81352
24.39395,59.425683
27.083326,57.75
25.69979,58.01063
25.31324,58.33195
28.07778,59.39021
25.083334,59.45
22.32431,58.38498
26.75,58.95
24.53146,58.78799
27.19832,58.53537
27.083326,58.15
24.416667,59.45
26.59267,58.07031
26.583333,58.25
26.71152,58.8391
24.8843,58.57399
4.69522,44.44062
4.83996,46.16117
5.38742,45.86531
5.72452,45.86071
5.27125,45.05431
5.25169,45.93738
6.8358,45.90702
5.34252,45.99266
5.68487,45.82391
4.81347,46.17321
5.48453,46.22387
5.62539,45.61605
5.2417,45.88648
5.29143,46.29981
5.70026,45.69887
5.34365,46.32626
6.76598,45.92023
12.05897,58.56896
13.53299,55.66073
14.10699,56.38415
15.73167,58.3302
13.89638,56.19089
11.88886,58.27402
5.70493,45.89211
6.12735,46.32885
5.24231,45.91884
4.78112,46.18747
6.27494,45.3241
6.14279,45.48129
5.43606,45.81351
4.75949,46.05598
13.26857,55.47315
13.80013,55.62676
24.200468,60.302067
17.78732,59.30265
17.31787,59.19802
14.77505,58.03801
15.76997,57.35829
13.10139,55.73897
12.94215,56.74627
14.18222,55.54649
13.70935,55.51294
12.07417,58.34281
17.18246,59.86906
17.72863,59.98971
24.105145,60.229701
14.45898,56.19725
16.55571,58.17743
24.201379,60.342158
14.92355,58.88134
13.77286,55.93804
12.03801,58.16085
11.99123,57.70212
15.85805,56.18177
14.35835,56.2663
13.95373,55.97144
24.030874,60.223882
13.25669,56.04704
13.02545,55.53346
11.47784,58.37021
13.78956,56.04791
14.15523,55.75332
13.20666,55.78813
13.82674,55.7568
13.89378,55.72528
15.36967,57.04143
12.98301,58.17016
14.53344,56.29455
12.8072,59.20137
11.78308,58.17166
15.84387,57.9018
11.71144,58.21908
24.212965,60.2907
26.21176,58.19828
26.94275,58.30492
25.25,59.35
22.416667,58.25
27.19084,58.15811
23.6351,58.87748
24.79188,58.06498
27.583334,58.35
22.75,58.45
25.22029,59.31009
26.59184,58.20682
26.91399,58.84972
27.416667,58.15
24.583333,58.75
24.25,58.45
27.43893,57.92358
26.08706,58.43358
25.85084,59.26317
26.14393,58.29109
27.416667,58.25
22.25,58.35
27.06316,57.71288
24.583333,58.45
22.083333,58.35
27.47106,58.23136
26.475633,58.119127
25.28548,57.99452
26.25,58.15
25.429991,59.272198
24.916667,59.45
27.583333,58.05
26.30825,58.1355
24.416667,58.45
25.97433,58.08002
24.8994,59.41289
27.51129,58.38339
26.75,58.15
26.25,58.05
26.26603,58.02352
25.916667,58.05
22.128391,58.281869
27.25815,57.60928
25.75,59.25
27.01625,58.73302
25.083333,59.35
23.703917,58.878333
27.583334,59.35
26.75,58.65
27.249993,58.55
26.916667,59.25
25.04477,58.1549
25.583333,58.65
27.249993,57.65
27.39739,58.19016
26.27872,58.21009
25.916667,59.25
24.583333,59.35
25.66078,58.00243
25.08051,59.39955
26.20369,58.05349
26.916667,58.85
26.75,58.85
24.083333,59.05
22.083333,58.25
24.5056,58.456867
27.53113,58.01001
27.076935,59.037947
27.083326,59.05
24.52449,58.09595
27.083326,58.75
14.76574,56.18899
13.40144,55.68069
16.50013,59.64122
16.16515,58.56474
18.21713,59.7572
13.28986,56.27682
24.130687,60.279966
13.80571,56.13891
13.50701,59.4447
16.6548,57.73575
13.56817,56.40524
13.7466,56.57523
12.77751,56.13864
14.71326,56.33516
13.67971,56.32852
12.97105,56.25146
15.62822,56.28245
13.90894,55.87194
16.59714,56.76293
12.32074,58.69505
12.86785,55.98806
15.53137,56.21121
13.04498,55.9095
15.29771,56.34762
13.15334,56.33596
17.96335,59.42987
15.38027,56.45317
16.25113,58.56636
13.08749,56.54617
13.10583,56.09235
12.1096,57.6878
11.98823,58.51242
14.85531,58.44742
14.20952,57.77265
12.02263,57.66725
15.79724,58.69726
16.65054,56.62595
3.1305,43.4066
4.13136,44.27399
4.20741,44.25135
3.06847,43.57877
2.86684,43.54369
2.97167,43.56986
4.42555,43.93703
-2.523823,51.392316
-2.628198,51.457442
-2.620417,51.414324
-2.452212,51.417791
15.89999,58.48686
-2.821626,51.40859
-2.447674,51.541892
-2.483848,51.417665
-2.531624,51.445332
16.04756,59.87726
14.28215,55.56183
-2.60729,51.508805
15.96291,58.53768
18.23997,59.19753
13.70953,55.95495
13.08738,55.69209
11.91906,58.04144
13.23533,56.71497
17.18227,60.20928
13.56445,56.59777
12.93657,55.88276
12.11064,57.65741
16.43094,56.44113
17.90786,59.21969
11.85508,57.83525
12.07472,57.72946
16.71564,56.78493
14.02411,56.00841
17.62794,59.54084
16.42393,57.23505
17.6225,59.88438
18.20593,59.25636
15.21418,57.37852
13.94819,55.68569
11.80841,58.19142
16.20176,58.96821
17.65908,59.16151
13.74612,55.47583
13.78784,59.60616
13.9527,56.32715
12.38001,58.56976
14.95303,57.67088
17.8768,59.27145
16.54607,57.72039
13.05883,56.30066
15.89422,60.10002
11.9788,57.88799
17.53638,58.9446
14.19684,56.01887
14.00138,55.70445
17.52494,59.34251
18.25073,59.69084
13.53701,58.1548
13.0236,57.70083
18.39005,59.31248
14.18056,56.13902
12.21331,57.6922
15.11148,56.30275
18.80607,59.69477
14.58267,56.35683
13.10103,55.66509
17.25341,59.04878
12.87782,56.06827
13.51249,55.52198
14.08532,56.00209
15.72016,57.9685
13.1338,55.92044
14.07426,55.42342
13.71048,58.48034
12.0975,58.56006
12.85436,56.10186
12.87349,56.18858
14.16391,56.11455
17.79991,59.46776
14.21676,55.57178
13.88007,56.30388
13.79848,55.72106
13.13836,55.85405
14.57915,59.35076
12.86255,56.72923
14.83164,57.58384
11.91816,58.22591
13.39064,55.39116
18.00971,59.20748
15.39756,56.2566
12.47532,57.86026
11.70823,58.42966
17.5145,59.8316
13.36324,55.53128
14.49154,56.26304
13.24014,58.05783
17.87868,59.43053
13.3408,55.65881
17.83634,59.2787
11.33403,58.59199
16.07136,59.04517
12.7207,57.50028
14.75497,56.21581
16.21279,59.7131
13.48684,56.38398
18.18333,59.16108
13.76869,56.58799
14.72699,58.0035
17.93148,59.15218
14.44046,56.38113
16.81229,58.69176
16.83642,59.08175
15.91993,59.08704
14.20056,56.23809
14.09336,55.56563
6.981661,49.220246
11.9569,58.18125
14.19591,56.27216
16.41711,56.56201
14.47615,56.42997
18.50147,57.3073
13.37238,55.94336
17.06071,59.62251
16.82366,56.87056
17.72154,59.49218
18.19839,60.16611
14.17554,55.53351
16.10665,58.89767
20.96439,64.83989
13.26255,56.17743
13.38396,55.9373
13.52378,56.22655
12.6436,56.16224
12.92013,56.21124
13.27829,56.30533
14.11708,57.72934
14.42767,56.47076
14.48671,59.3319
11.33802,58.46339
13.1538,56.37593
11.99214,57.71548
14.51916,56.11607
13.06334,56.26032
17.15147,59.72036
13.80697,58.31165
11.98203,58.18012
14.12162,56.51828
14.13939,56.33667
25.966017,53.589742
11.86816,57.81543
16.54732,56.74967
13.15422,56.01972
14.07242,55.89851
13.82422,55.96673
18.1369,59.17508
13.60815,56.01092
11.54742,57.97855
13.20244,55.56431
19.85,49.85
12.91379,56.25242
13.88142,58.37881
15.03193,58.33253
16.54614,59.34193
12.06052,58.63461
16.24289,59.56022
17.66894,59.27588
14.10182,55.44357
13.53806,55.97078
8.00196,45.230361
13.35162,55.73989
11.6814,58.47429
14.16299,55.98519
13.4188,55.96942
13.87801,55.56063
12.99163,55.56324
13.4986,55.94758
13.98068,55.73917
16.59461,56.68764
13.10965,55.92261
13.58266,59.39943
11.32268,58.38338
14.15775,56.3817
13.82948,55.8635
18.22469,59.49215
16.15389,58.66235
17.98818,59.19117
17.27839,59.24713
13.39209,56.32018
14.41184,56.04148
16.53423,57.71597
-0.15994,44.56344
1.46407,49.1116
0.61061,44.2016
2.01133,48.9427
3.01276,47.1761
2.43355,48.242
-0.6292,45.2483
5.75,47.53
4.77764,49.9335
1.81759,43.7247
5.97,47.8
3.24134,45.5821
4.54218,49.8446
1.84095,48.0376
2.96405,42.65422
5.77,47.58
13.14475,56.2037
13.80599,56.35002
13.86219,55.8802
14.92067,56.73841
12.98082,55.99969
14.65802,59.18328
17.66153,59.84019
15.72623,58.4939
12.06145,57.51546
13.2859,55.86974
14.97987,57.97311
13.21474,56.05278
12.69008,60.28047
14.07771,55.81881
16.17409,56.63282
14.94006,58.98379
18.24129,59.31434
13.18425,55.43273
12.4144,57.18422
18.70084,57.74964
15.54194,47.10333
15.77389,46.7125
15.53917,47.10328
13.82939,46.68361
13.81194,46.71972
12.97315,55.8854
15.80567,58.04333
-1.746534,51.606313
-1.058047,54.241756
14.87577,58.10225
12.96896,55.52588
10.325657,44.8073
8.783875,49.490758
13.18214,55.96281
12.47995,58.36529
16.75474,58.30881
15.46586,58.48666
13.92626,55.81112
-2.206372,51.43197
-0.447698,53.794504
-0.42148,43.06662
0.33961,42.84224
0.21907,42.8129
0.25107,42.78709
-0.60516,43.06941
-0.61423,42.94189
-0.60225,43.04067
0.32836,42.82925
-0.21562,42.95071
0.33055,42.83548
-0.55655,42.81094
-0.57058,42.90318
-0.13392,42.98519
-1.206035,51.854212
-2.040813,51.281984
-4.163887,51.071821
-0.430825,51.927675
18.63642,59.74794
14.16024,55.55845
10.9326,59.6422
8.5375,59.027
11.765,59.2564
8.1426,58.58
8.7822,59.1749
11.0381,59.6846
9.3275,59.4818
12.88423,56.17445
13.14742,55.67454
14.87224,56.1964
14.74673,56.29027
25.304124,53.92364
17.77346,59.92979
13.23475,55.50658
16.9847,59.37517
-3.76116,51.012442
-4.203358,50.880778
-0.306806,52.11568
-4.409514,50.868652
1.562137,52.667862
-3.783906,50.322062
-2.076185,51.039587
12.88391,57.65117
15.11112,58.33954
15.91184,58.56352
6.172813,59.143911
7.241295,62.810051
6.270121,58.356258
6.296543,58.361743
6.43428,58.421691
12.77358,56.74915
16.4452,59.73508
13.5941,55.95742
11.74172,58.05413
11.9136,57.72645
12.74722,56.129
12.90279,55.99249
16.94898,60.03646
21.40048,65.28849
14.97424,58.12782
16.02555,56.45112
15.00892,58.12456
13.85155,55.86925
16.1343,58.68306
12.96474,56.82813
13.50506,59.60879
12.99495,56.24621
13.34595,56.65976
15.25395,59.12619
15.05957,57.06537
12.89978,55.90436
13.29994,56.07308
13.69897,55.94309
18.61167,57.7309
13.73235,55.76758
15.27574,57.34434
15.48061,60.68726
13.99947,55.76436
11.84208,58.14133
14.25531,57.7866
15.28109,58.55939
12.28067,58.30737
17.41866,60.61177
13.88076,56.34312
16.84827,56.95575
20.4088,63.87486
16.04283,58.55193
15.10305,58.21347
12.97046,56.3373
11.60326,57.99299
13.43001,56.33439
14.60589,56.14265
15.29345,56.24873
15.02148,58.07573
12.23775,57.82654
14.88951,56.26506
16.04477,58.65049
13.30541,55.83959
-4.188977,50.924264
16.15277,58.99805
-1.128546,51.787956
-0.301068,52.074506
-1.725216,51.309544
-3.423929,50.974818
18.38832,59.75549
-0.453898,51.967274
-1.168366,54.188821
14.90884,58.16013
13.35571,55.44033
16.66241,59.55117
17.76835,59.60745
11.41856,58.4259
14.46126,56.39272
14.02823,55.98871
17.7068,59.48275
14.1447,55.8511
13.9538,55.9364
14.22861,55.63212
14.10754,57.79171
16.04092,59.87089
18.26155,59.24706
13.52368,56.11965
14.22584,60.50828
12.8606,56.76562
13.71378,56.53884
16.10034,58.64292
14.09936,56.47971
17.31555,58.87481
17.3021,62.50819
15.07922,60.53418
14.61771,57.6799
12.90758,56.86595
13.39676,55.83423
13.98715,55.60003
17.83182,59.27556
13.04761,56.20966
17.30462,59.05136
13.1787,55.68241
14.73392,56.37914
13.30536,55.46672
16.62272,57.74574
13.77526,55.61647
13.0309,56.15088
13.68193,56.12221
12.98048,56.02001
-1.492872,54.113556
18.49715,57.30048
14.50315,56.39726
13.08033,56.92645
14.85881,60.46021
14.17056,56.62871
12.96313,56.06578
18.42568,59.28261
16.09853,57.5988
14.66422,56.16321
13.94701,55.91115
13.41367,56.36282
15.38353,56.23089
12.42075,58.81077
16.67312,59.54689
16.30899,58.48537
4.41239,50.44485
3.86876,50.46177
3.96023,50.35514
5.32926,50.5821
3.76383,50.40643
3.88997,50.45286
3.67115,50.49042
3.9675,50.44417
3.69622,50.37516
3.98128,50.48018
3.93908,50.47284
4.03066,50.47134
4.68755,50.57198
5.69338,50.57069
5.65476,50.58405
5.8315,50.48882
5.82593,50.50836
5.51075,50.62625
5.90439,50.60459
5.79286,50.5656
5.97992,50.38774
5.77996,50.5627
5.72322,50.56641
5.84064,50.48881
5.88706,50.49941
5.8888,50.5006
5.62474,50.72452
5.84535,50.59096
5.25343,49.91424
5.38083,50.56631
5.62833,50.51921
5.96764,50.60513
3.4224,50.5614
6.02914,50.61828
3.59124,50.52498
5.92489,50.61223
3.33326,50.66143
4.07444,50.5663
6.02911,50.62549
4.22198,50.4188
4.64582,50.63619
4.5184,50.35575
5.24463,50.49891
5.63081,49.72997
3.84322,50.71361
5.81614,49.67612
5.28157,50.54313
5.35089,50.49734
5.18777,49.98729
4.55398,50.57821
5.71024,49.68325
4.69272,49.99586
5.7582,50.53565
4.2074,50.5695
4.1591,50.5646
5.51648,50.4109
3.7061,50.31424
5.62071,50.48476
4.53178,50.72614
4.87711,50.75353
4.1767,50.5283
4.81815,50.6953
3.94943,50.41713
3.70548,50.34849
6.04955,50.62092
4.88967,50.23885
5.53765,50.20205
3.72446,50.37802
5.51449,50.37169
5.63547,50.48068
3.81417,50.43275
5.37289,49.68147
4.54987,50.7296
4.64957,50.74414
3.72966,50.34125
4.36566,50.02725
4.3091,50.5987
3.98883,50.41571
3.73508,50.45213
5.24281,49.96725
5.56789,50.46105
5.57732,50.50474
3.76721,50.48394
5.23418,49.70435
4.18588,50.31637
3.95303,50.35961
5.64928,50.62661
5.69175,50.58969
4.98182,49.83639
5.59076,50.60476
5.02542,49.8408
4.45953,50.72243
5.72781,50.05024
5.61499,49.8027
4.66066,50.02139
5.90361,50.57919
4.0184,50.44352
5.39126,49.82835
5.57368,50.6471
4.33931,50.69941
5.66175,50.58174
4.14186,50.48824
5.4542,49.87034
4.11678,50.43488
6.14622,50.32396
5.28518,49.92163
5.71276,50.6223
4.59662,50.08531
4.42906,49.9464
5.78672,49.67329
4.6221,50.64209
4.64477,50.08296
5.72532,50.37375
4.43059,50.36572
5.96345,50.67058
5.33502,50.17679
5.29236,50.11463
5.44149,50.62035
4.71178,50.57165
4.72491,50.68723
4.5463,50.0743
5.62693,49.79643
5.49601,50.60122
4.18366,50.61193
4.51681,50.38587
4.17151,50.47526
5.58044,50.20268
5.63058,50.08093
5.74076,49.55318
4.34862,50.41698
5.21446,50.57753
4.30633,50.48721
3.94686,50.39015
5.59045,50.51031
5.51297,50.51986
4.60511,50.48291
5.44996,50.62593
3.52034,50.52568
4.77799,50.4738
5.61056,50.6594
3.82911,50.61703
5.68315,50.47563
3.79065,50.81517
5.68763,49.63703
3.63491,50.64076
5.70729,50.62866
3.84019,50.70618
5.80318,49.71886
5.077,49.80046
4.60616,50.06233
4.26222,50.35688
5.75337,50.72981
4.00291,50.41641
4.5526,50.65688
6.00246,50.40791
5.32104,50.54119
5.08659,49.82855
5.56235,50.26931
4.4668,50.41
5.49417,50.6426
3.70999,50.51981
4.85141,50.47621
4.04474,50.47138
4.2456,50.64554
5.53748,50.43725
4.58372,50.19472
5.18867,50.00265
4.06619,50.42199
4.08706,50.4616
4.78814,50.50649
5.12593,50.55108
4.9465,50.47208
4.55058,50.39086
5.57642,49.72399
5.39681,50.58667
4.45008,50.66733
4.54348,50.37379
4.25547,50.0601
4.95295,50.3247
5.2418,49.71157
5.11702,50.48721
4.46042,50.52744
5.06918,49.83594
4.92687,50.61433
5.83753,50.58099
5.69248,50.53693
4.29287,50.34747
5.93623,50.62643
5.11656,49.8877
4.97432,50.10416
3.01197,50.77144
4.14282,50.34546
5.77351,50.28189
5.77027,50.40542
5.56276,50.67069
4.23918,50.24054
4.61861,50.25273
4.54868,50.28149
4.43055,51.6098
4.1499,50.26375
5.8168,50.43673
5.64579,50.73805
4.96177,50.3225
5.30706,50.42567
4.15904,50.04441
5.49253,50.16427
5.09037,50.69839
4.18042,50.68052
5.45296,50.41684
4.16353,50.20112
4.75801,50.4255
5.44382,49.96575
4.2391,50.6009
5.08929,50.5078
5.2251,50.0903
6.35735,50.34059
5.53137,49.86275
5.9751,50.72984
5.25234,49.84007
4.01486,50.51175
5.32977,50.17756
5.72479,50.38262
5.28162,50.12729
6.02125,50.72516
5.22379,50.4141
5.65236,50.76594
4.22147,50.35603
4.66218,50.31367
5.7203,50.68785
5.56328,50.44554
5.3275,49.99061
4.63287,50.28138
4.2696,50.566
5.12872,49.91756
3.43823,50.58895
5.33259,49.70689
5.13397,49.76289
4.2567,50.6542
4.88745,50.1523
5.71701,50.47425
6.06755,50.37851
3.40962,50.60964
3.8907,50.5839
4.5121,50.64769
17.01248,58.75159
14.73578,58.10272
14.26314,56.44637
13.79458,56.10549
15.25432,57.65522
18.13264,59.16115
15.64881,58.4126
26.4,58.2
25.9,58.1
26.5,58.8
12.83551,56.03567
13.90561,55.94016
14.97708,57.64228
14.54356,56.29162
13.01759,55.75612
12.68239,57.53168
-5.041496,56.25474
-5.310153,56.463059
-5.514491,56.190951
-5.514027,56.111845
12.16689,57.7483
14.62084,58.0448
13.72292,59.51696
15.96992,59.10584
-1.237903,52.73963
-1.529783,52.731257
-1.15174,52.641999
-1.361769,52.681074
-1.502727,52.564431
-1.111945,52.669532
-1.415143,52.555446
-1.280814,52.539468
-1.309656,52.496038
-0.895365,52.871784
13.05019,56.13092
13.73688,56.13238
17.83468,59.50044
15.00483,57.98674
12.12405,58.07359
13.06608,56.73082
13.56081,55.92101
-9.085708,52.160667
-6.756616,52.311603
-6.508209,52.329397
-9.14034,52.15416
-8.85796,51.67375
-8.79229,51.73196
-6.567379,52.495493
-8.27683,52.08975
-10.15608,51.809502
-9.14943,52.16991
-7.282876,53.578476
-8.7424,51.74053
-9.62711,51.87812
-8.76466,51.67263
-9.23284,52.17737
-8.519053,51.809245
-6.579744,52.29433
-8.43591,52.803505
-9.23823,52.15166
-9.61215,51.88053
-9.051565,52.154738
-7.348659,53.522248
-7.066497,52.49689
-9.18038,52.34293
-8.79055,51.73034
-10.1668,51.83346
-9.001396,52.827939
-9.10125,52.24253
-7.967548,52.569765
-9.30097,53.85448
-8.90503,51.62506
-6.391631,55.204102
-9.700603,52.342763
-9.320755,52.398846
-9.14948,52.29902
-9.445658,53.559317
-7.15576,52.51295
-9.14685,52.36717
-9.488374,52.446284
-8.238732,51.989892
-9.02386,52.25183
-7.11658,52.24894
-9.29236,52.130442
-9.16326,52.443637
-10.22533,51.949337
-9.526361,52.39637
-9.189945,52.155302
-8.80828,51.67489
-8.78213,51.63664
-9.57847,53.77915
-6.594808,52.235194
-9.58404,52.23059
-9.56417,52.22428
-6.739392,52.504641
-9.06193,52.28179
-8.53314,51.897258
-9.046824,52.177803
-8.99539,52.21413
-9.170216,52.220469
-9.539177,53.807047
-9.03925,52.177599
-7.093194,53.411862
-6.678292,52.675621
-7.24648,52.23584
-9.68994,52.28713
-6.510658,52.343808
-7.503039,53.728738
-7.11528,52.25026
-8.59646,52.071306
-9.179491,51.948281
-10.45224,52.13537
-9.077924,52.223068
-9.131973,52.108608
-8.59228,51.72528
-8.86862,51.64485
-9.118377,52.204741
-9.000913,53.705827
-8.45048,51.91224
-8.26153,52.6616
-6.951333,52.386287
-7.683507,53.503837
-6.340273,52.543751
-7.17233,52.30959
-7.36177,53.98927
-6.96086,52.38927
-8.64266,53.76004
-9.252532,52.189079
-9.588087,52.356013
-8.074939,53.276915
-8.974533,51.886344
-9.37234,53.53565
-6.928957,53.124761
-6.629262,52.257169
-8.81085,51.63459
-6.36733,53.24222
-8.793612,53.955351
-8.18355,53.62772
-8.5082,54.2105
-7.03279,54.27004
-9.141221,52.501367
-7.73867,52.91272
36.8496,55.7359
37.699667,55.896167
18.09283,59.52034
17.67536,59.63085
11.851389,47.190278
10.740833,47.167778
13.31994,56.33582
14.90088,58.87621
14.43918,56.2871
16.34753,58.39115
17.6679,60.12076
12.94557,56.38884
13.64774,55.59722
13.25415,56.15839
16.54181,59.66527
15.54325,60.77122
13.48088,56.05596
-0.12066,43.26883
0.91911,43.11331
1.12725,43.21941
1.11656,43.2251
1.59921,43.12172
0.44915,43.32413
0.63128,43.23226
-0.12261,43.76897
0.14797,43.52193
0.74433,43.09597
1.49321,44.846
1.61372,42.86645
0.75633,42.91777
0.01386,43.02663
0.14189,43.44481
1.64031,42.91786
16.06172,57.98179
13.25933,55.39568
-0.03033,42.90215
-0.33147,43.08468
-0.08055,43.00446
-0.38913,43.00045
-0.08481,43.00033
13.67936,55.97959
13.51942,56.19144
15.86285,58.55794
16.54207,61.89528
17.61208,59.23937
17.82425,59.23069
16.44428,56.47614
12.8324,56.75906
13.49275,56.62799
12.30563,58.29648
14.1346,55.63349
11.89222,57.6698
14.15105,57.76481
12.14812,57.60709
15.61722,57.93152
14.12122,47.50558
13.20861,47.63472
-6.921935,55.051842
-6.107499,54.501934
-7.40808,54.860513
-7.417155,54.88994
-7.630292,54.417367
-7.624131,54.417348
-7.685234,54.484
-6.48447,54.20148
-6.975811,54.409995
-7.511299,54.708002
-7.451598,54.763441
-7.249172,54.767971
-7.63955,54.415598
-6.563588,54.658248
-7.261918,54.998524
-6.666717,54.683684
-6.938268,55.025935
-8.090852,54.415205
-6.670546,55.133959
-6.667433,54.684536
-6.044206,54.733543
-6.267163,54.349567
-6.934515,54.93158
-7.61592,54.649162
-7.425355,54.861234
-6.682487,54.764
-7.269724,54.597191
-7.721993,54.523617
-6.312867,55.097926
-7.566988,54.43153
-6.538702,54.340781
-6.832884,54.507521
-5.998331,54.750431
-7.366995,54.908552
-6.276843,54.439778
-7.362191,54.916612
14.33189,56.38793
12.96231,56.697
13.44332,56.17114
12.90509,56.71904
13.88824,56.00008
14.13083,56.50483
17.806,59.45141
16.28028,59.71612
13.68738,55.68595
13.78039,56.55189
12.96946,55.84821
13.46527,55.83645
11.315718,59.643408
10.889863,59.306439
12.316972,64.466206
11.014899,59.456221
6.948208,61.949178
9.264954,59.286395
7.65556,58.048092
12.348098,64.764089
18.44872,57.50538
14.2296,56.15942
11.120371,63.464426
11.124728,60.212547
9.071206,58.679236
10.985102,59.2408
10.73979,60.735002
15.70597,59.18472
16.3248,56.76214
13.497,56.16227
10.973712,59.33493
6.669668,58.349666
5.062312,60.24465
8.747453,58.467896
14.28638,58.31373
13.31292,55.50869
3.21542,49.04257
2.77824,48.94309
11.32993,58.72886
15.94334,57.80555
18.09805,59.09379
15.13168,59.2919
6.120339,61.919521
12.328066,64.621862
10.288612,59.83013
10.811018,59.721743
10.29711,59.875332
7.396494,58.048506
7.297976,58.083914
15.19934,59.59115
13.63149,55.63287
12.34356,58.7056
11.033396,59.344752
10.883269,59.217412
11.284358,60.285694
7.92253,58.218541
11.000913,59.241438
7.89258,58.233309
8.620054,58.50325
13.07024,55.50898
16.31624,59.45785
14.44921,59.34678
12.10499,58.03826
-2.701234,53.341134
-2.092111,53.24094
-2.177411,53.214776
-2.45278,53.3519
-3.044257,53.270694
-2.955144,53.241867
-2.824011,53.142716
-2.338485,53.131729
-2.370472,53.317577
-2.386053,53.102819
-2.651099,53.246388
-2.706734,53.311312
-2.443996,53.072953
6.781553,62.409823
8.371697,58.252798
10.367906,60.65457
10.37273,59.361232
9.680497,59.401248
8.410612,58.256853
11.317407,60.853833
12.494146,64.561013
8.448826,58.748115
13.04624,55.62109
17.58543,59.9594
6.302436,61.942578
11.043789,59.225599
7.508083,58.22507
11.127863,59.31091
10.849762,59.69782
8.864198,59.436425
12.107646,64.551558
12.353569,64.72712
5.457544,60.307687
7.545327,58.040666
12.424185,64.863487
11.119697,59.267399
10.72637,59.643317
15.68041,58.13999
14.68857,58.38333
16.41795,56.40157
14.06931,56.49269
13.79155,56.19438
14.5904,57.1582
13.67682,55.5582
15.82831,56.20075
5.13907,46.3502
14.59678,56.36573
-2.746095,54.339137
-4.218124,50.607216
-0.184316,51.636609
-1.636096,53.291433
-2.60105,51.989776
-0.31122,51.530057
-4.526545,50.535181
-0.188999,51.585785
-2.17898,53.611088
-2.052421,53.412972
-2.104783,52.643099
-2.409139,50.778609
0.300287,51.870379
-1.890276,55.316035
0.040869,51.598739
-0.893974,51.041431
-1.341201,54.185972
-0.263201,51.601501
-1.565591,53.746957
-5.542964,50.141004
-1.2313,54.002995
0.168966,51.831454
-2.455318,50.73307
-1.940165,52.520824
-1.558729,54.597416
-2.834159,50.962194
-1.600198,54.859071
0.446298,51.120304
-2.378688,51.217823
-2.722965,53.685519
-1.33986,53.288247
-2.261922,53.809653
1.11852,51.296975
-4.13214,50.51916
-1.182348,52.965502
-2.800571,54.636785
-1.877293,50.815359
0.873817,52.891038
-2.657713,53.706478
-5.028836,50.430626
0.03242,50.986461
-1.459758,51.144715
-2.491304,53.945549
-1.71337,53.340722
-1.855022,52.897506
-3.525089,54.507628
-1.736931,54.920255
-2.677422,53.655513
-1.354721,54.260452
-4.207665,50.532008
-2.522015,53.92694
-0.305053,51.584677
0.114397,51.391447
-2.316183,52.943917
-1.794771,53.706654
-1.634388,54.718001
-1.135413,54.39515
-0.808763,50.995145
-1.70898,50.844296
-1.539767,52.252389
-4.558335,50.470624
-2.025846,52.513114
-2.240826,53.334044
-2.772794,53.586946
-1.373574,53.973127
-1.110997,53.964461
-0.022392,51.665799
-1.277581,53.004567
-1.429517,53.992693
-0.385039,51.599976
-1.556945,51.614598
-0.769905,51.173802
-2.451876,53.831459
-4.565831,50.507535
0.393873,51.100803
-4.917829,50.267095
-2.626972,53.745913
-1.979415,53.466715
-3.894129,50.671307
0.972407,52.737317
-2.626562,53.994074
0.183782,51.116248
-2.286576,53.339957
-2.183649,55.680799
-3.497041,50.909604
-0.95606,51.156448
-3.525068,51.009782
-2.746298,54.076608
-2.026129,53.955836
-1.647461,54.212996
-2.147894,55.725485
-1.697959,52.53456
-4.875629,50.358551
-0.165453,51.388123
-2.534585,50.753111
-2.225942,53.330649
-2.157414,52.467217
-1.649319,53.574315
-3.168336,54.616755
-1.814234,52.488789
-1.628657,53.529734
-1.59207,53.781114
1.274272,51.145246
-1.372136,51.425976
0.09415,52.152428
-0.993491,51.5735
-0.375214,51.06654
-2.345251,53.793461
0.479528,51.736743
0.162121,51.875499
-5.210556,50.10229
-1.769431,54.25883
-0.904828,53.321237
-2.449309,53.394708
-1.613402,53.525083
0.072757,51.836301
-2.229099,50.808472
0.077251,50.964241
-1.184997,53.148283
-1.310945,51.775616
-2.955504,53.645679
-0.365835,51.428812
-1.293204,54.064681
0.134157,51.795438
1.506265,52.270326
-2.604286,54.102005
-2.251669,53.262858
-3.410274,54.671698
-2.077718,53.606109
-3.535886,54.464394
-1.696495,53.339862
-1.750657,53.359529
-3.812959,50.411733
-3.715102,50.459796
-2.686918,54.663662
-2.192878,53.850778
-2.453193,51.867137
-4.1486,50.49299
0.212281,51.47859
-1.950541,53.815916
-0.686299,54.447121
-3.277493,54.541955
-3.299149,54.68822
-2.051147,51.548131
-1.5419,54.797667
-1.502808,54.019424
-0.229465,51.792943
-0.142602,51.62691
-1.414814,54.250172
-1.83441,54.976887
-3.147122,54.578312
-1.217691,53.13295
-2.869231,54.896068
-2.105742,52.532353
-3.911701,50.594501
-1.788011,53.610675
-1.344777,53.906813
-0.807641,54.094868
-2.522324,52.637543
-0.294345,51.548759
-1.141162,51.08722
-2.976136,51.037295
-1.39681,54.09432
-0.059655,51.829793
-1.411913,52.901129
-2.97562,54.846425
-1.330741,53.540294
-2.831603,54.430806
-0.407789,51.52745
-2.749621,53.953885
-2.170649,52.914775
-3.165627,54.816971
-1.966433,53.443755
-1.67516,52.547589
-1.660449,52.785362
-0.377827,51.370852
1.109918,52.720289
-1.082331,53.937812
-1.947384,53.838465
-4.702629,50.529425
-2.818361,54.616931
-2.02057,53.564167
-2.459534,53.196196
-1.400605,53.181536
-1.564811,54.364819
-1.415747,53.228921
-4.38971,50.37509
-1.783513,55.280893
-1.496532,53.649578
-0.607857,51.49043
-1.875376,53.160659
1.217613,52.672878
1.469104,52.539311
-1.783865,50.895356
-2.225548,52.129082
-0.64933,51.419104
0.183065,51.312658
-0.491085,52.747765
-0.046947,51.672172
-1.569164,52.352472
-1.775575,54.093644
-3.835595,50.415821
-0.852173,53.062468
-3.614241,50.550826
-1.612404,54.370687
1.095895,51.093593
-1.5664,54.485665
-4.557607,50.457148
-1.182576,54.004255
-2.358877,54.489754
-1.277903,53.983933
-0.724432,54.435414
-1.491134,54.287815
-1.30535,53.984095
-2.833527,54.432905
-3.588435,50.63554
-1.413091,53.562802
-1.910899,53.708064
0.041106,53.259464
-2.592181,54.174406
-1.800672,54.905773
-1.563468,52.848798
-1.340444,54.137165
-2.039801,53.496201
-0.521896,52.14613
-2.204586,53.832828
-1.426153,51.591697
-2.185013,52.938872
-1.252629,50.93373
-2.341674,53.695088
-0.121836,51.86276
-0.571098,51.11577
-2.050955,52.677601
-2.20076,53.703263
-1.132423,53.249246
0.143711,51.530403
-1.299979,53.590274
-1.399014,51.177914
-4.260679,50.642833
-2.005842,52.981688
-2.698883,52.05236
-2.319093,51.409418
-3.873406,50.675104
-2.289595,50.713321
-2.495673,52.893862
-3.070978,53.374389
-1.605359,54.762762
-2.474908,53.439579
-1.823099,53.605348
-1.910964,50.844534
0.207707,51.476338
-3.083334,51.142992
0.191834,51.585225
-2.597111,52.312531
-2.062222,52.31149
-4.54438,50.551882
0.156021,52.115956
-2.588774,51.851
-2.171358,55.72107
-3.922179,50.354305
-3.891107,51.14412
-2.399576,51.811803
-1.992355,53.894551
-2.104807,53.706415
-2.46013,54.977512
-2.656193,50.797264
-1.467155,54.495918
-2.881591,51.942956
-2.089807,53.484821
-2.351204,53.36764
-0.029584,51.839103
-1.262014,53.886308
0.299256,51.285108
-2.108694,52.824901
-4.655087,50.484925
-0.208206,53.382813
-1.439937,54.208301
-1.554277,54.263008
-2.32305,51.197659
-1.782062,50.940602
-0.197185,51.822045
-4.499649,50.493856
-0.646292,51.266174
-3.998636,50.797865
-1.707635,54.775399
-2.003276,50.895744
-0.842517,51.001581
-3.437763,54.659691
-2.440267,50.853539
-1.115619,51.600559
-1.681364,54.392269
-0.361346,51.496363
-0.693476,52.045126
-2.549338,50.760047
-2.750772,54.562548
-0.231574,51.472878
0.374065,52.729239
-1.537014,53.525288
-1.823346,50.78369
-1.752141,52.520796
-0.044989,51.404457
-2.164767,53.853624
-2.533541,53.553486
-1.885659,54.726675
-1.891614,55.443991
-4.086234,50.968343
-3.833524,50.417616
0.197132,51.047342
-2.579224,54.652102
-1.284842,51.397602
-5.591512,50.116362
0.86484,51.14526
-0.124546,50.97888
0.506095,50.938267
-0.887199,52.926132
-0.967546,51.38085
-4.067936,50.454536
-2.4601,53.107895
-2.208948,52.529177
-0.620071,51.183946
-2.581508,54.236921
-5.214552,50.174013
-2.724549,54.653476
-3.242742,54.669938
-2.757059,54.277891
-2.561244,54.184063
-1.721654,52.489677
-2.91028,51.960908
-2.116637,55.739994
11.70116,58.08249
16.2058,58.63973
13.10132,55.46687
12.91562,57.70023
13.49406,56.59047
12.65742,56.17256
18.26414,59.42765
16.60422,59.60719
8.228541,58.334961
8.94519,59.207383
10.370331,59.806461
10.441289,59.780835
10.705475,60.773992
11.38936,58.71579
13.11351,55.7978
13.67763,56.36
10.417062,60.882263
8.361734,59.449838
10.363001,63.335326
8.067581,58.391194
6.107834,61.490648
8.248978,62.856822
7.846236,59.481977
11.130108,60.208999
10.737437,59.572797
6.731445,58.100086
5.466159,61.146129
9.842535,59.234928
5.633389,61.382458
10.710424,59.439819
11.025167,59.934277
-4.635165,55.639127
-4.438438,55.498019
-4.61897,55.590064
-4.613732,55.630624
-2.831407,56.209095
-4.435654,55.500366
10.98963,59.326256
10.803131,59.818458
11.089487,60.192303
5.73683,61.367787
7.409906,58.255643
7.180383,50.670005
7.150724,50.68967
7.427914,49.24344
7.165598,50.657869
7.41481,49.254838
7.136868,50.717413
7.098161,50.654645
7.089452,50.724594
8.350971,49.308106
7.108128,50.765878
7.192429,50.666078
12.28842,58.74519
15.20121,56.24659
-3.833318,50.417754
-2.242891,54.973521
-4.107293,50.405917
-3.975547,50.419023
-1.545904,52.747501
-0.213245,51.378071
-5.120331,50.22931
-4.68305,50.457919
-4.087978,50.446739
-2.175753,53.540166
-0.042072,53.538652
-4.229142,50.66268
-1.334269,54.559454
0.38827,51.752258
-1.759504,51.884165
0.715584,52.255058
-1.553118,52.766407
-2.455233,53.429768
0.693755,51.869758
-3.972535,50.380399
-1.566809,50.914311
-1.230623,54.561536
-1.678076,51.689764
-0.208603,53.383044
-2.290569,53.779927
-1.339528,54.233246
-1.517201,52.931673
-2.378838,53.470483
-1.299282,50.921106
-1.176866,54.543208
-2.228091,53.170644
-1.894959,52.980249
-1.678944,52.786591
-3.874905,50.543906
-4.800883,50.305821
-1.614974,52.810672
-1.87427,53.946489
-2.437987,52.032842
-1.302757,50.974182
-1.353278,50.925914
-2.925046,52.604517
-1.985699,53.320975
-1.414466,54.24981
-1.539397,52.662074
-2.299648,53.349363
-1.203508,54.524513
-1.258632,53.088554
-4.473213,50.432889
-1.899752,53.482728
-1.821631,52.702389
-1.58171,50.838829
-4.500385,50.387334
-1.599858,52.841187
-4.520227,50.416588
3.9243,44.06153
4.23997,44.23509
4.12069,44.02933
4.10634,44.06047
2.54478,42.41048
3.93956,44.11013
3.20363,44.47012
14.14532,56.02357
13.71275,56.19464
13.5876,56.34989
11.8506,58.49081
16.11886,58.67251
12.71287,56.10199
1.32235,43.76666
0.90132,43.1028
1.3145,43.74458
1.28763,43.36887
1.19164,43.9408
1.37308,43.67839
1.39889,43.50653
1.38151,43.66972
1.059,43.1964
1.22081,43.87779
0.89187,43.21141
0.9236,43.13115
1.27823,43.80743
1.23545,43.3015
1.3068,43.39855
1.42269,43.5272
-0.01344,43.60044
0.41437,43.587
1.2315,43.29151
0.58102,43.03465
-0.01071,43.65607
0.71683,42.88342
1.53258,43.3098
1.43753,43.55679
0.00255,43.56846
1.23431,43.86526
0.55041,43.5366
0.33911,43.09641
0.75846,43.069
1.61038,42.88769
1.34066,43.72453
0.96423,44.07415
1.76867,43.91633
1.50022,43.86663
1.43008,43.4434
2.3193,43.63741
1.28733,43.79
0.79977,43.01751
25.808423,59.267599
11.37,50.07
11.40682,58.49373
14.19211,55.59302
2.2066,49.14242
2.55943,48.92738
5.36176,45.17384
2.62925,48.98019
2.48883,48.91502
2.52951,48.88859
3.42875,50.44325
2.58721,48.89569
-4.397085,55.803126
-3.982443,55.705652
-5.495377,56.060587
-2.551475,51.301372
15.92232,60.06019
-4.339707,57.385003
-3.361596,57.433518
-2.397796,56.879684
-4.369159,55.816251
-3.156354,55.642312
-4.399191,57.92437
-3.163335,57.537016
13.23072,56.19564
11.8893,58.09058
14.28588,56.20144
9.49108,42.39977
12.96893,56.54839
16.86479,61.26946
16.61788,58.19507
18.62235,59.32611
13.3345,56.03514
12.9559,56.63283
12.99074,57.74147
-7.31767,54.227347
-7.659809,54.572865
-7.822398,54.518416
-7.495117,54.135687
-7.761283,54.406917
-7.465042,54.213717
9.464619,58.961645
10.848112,59.753963
6.180134,59.393579
9.776052,59.098433
11.15976,60.17948
6.865477,58.234541
9.954422,59.307389
2.87,42.55
1.37262,42.86923
-2.972957,52.966423
-3.133938,52.973087
-3.845633,52.759178
-4.795323,51.845791
-3.226828,52.992841
-3.712512,52.652388
-2.957098,52.989925
-3.692328,52.703925
-3.199118,52.906822
-4.752184,51.876487
-2.476812,55.595548
-3.846922,52.614405
-3.171529,52.931369
-4.010291,52.472379
-3.028821,52.936287
-3.576132,52.147192
-4.794325,51.806243
-4.772345,51.849932
-3.643247,52.736982
-3.645842,57.56848
-3.626854,52.774069
-3.497733,53.028393
-3.663016,52.867068
-4.414472,52.941377
-0.755017,50.950745
-2.456612,51.281999
26.693873,60.892181
16.559955,57.378653
16.897167,60.615369
-2.968872,43.320345
17.35267,50.30662
18.10663,50.39549
16.76462,50.34746
16.64481,50.41918
0.12955,43.10187
2.2083,43.95198
2.29109,43.9408
2.65074,44.85823
2.14505,43.57988
2.66547,43.71154
2.04934,43.4499
1.78623,44.89746
1.74299,44.91437
2.27125,43.55696
2.20613,43.95067
2.62183,43.47539
0.55766,42.80562
2.94841,43.76714
2.08395,43.42357
1.0968,44.11299
0.04727,43.3691
2.01158,44.32869
1.69365,43.98588
2.28798,43.53601
0.67359,42.98926
2.5297,43.4728
0.05022,43.2208
-0.22951,43.68218
1.00754,44.09165
2.1607,44.57254
0.17862,43.07782
5.77027,45.19963
-3.70702,51.70819
-3.802014,51.668572
-3.291877,51.576905
-3.047072,51.553251
-3.599778,51.753499
-3.185247,51.680626
7.796925,58.266837
6.29896,49.6627
6.39917,49.7027
6.26243,49.6247
6.36518,49.7167
6.34958,49.6692
6.11873,49.7143
6.42844,49.71
6.30431,49.5561
6.26259,49.5047
6.40151,49.7277
6.24828,49.5086
6.27891,49.4963
6.12064,49.7961
6.20603,49.9376
6.1822,49.8877
6.39568,49.8217
6.02655,49.8638
6.27022,49.6307
6.25432,49.7148
10.536019,59.939194
10.135503,59.05315
7.954445,58.128036
11.168942,59.576521
10.34349,63.406143
12.022563,60.195503
8.715394,62.967224
10.921783,59.223923
10.947576,59.94997
10.309673,63.398438
5.356238,60.354721
7.557742,58.111346
8.82006,62.990898
-0.68419,46.42064
-1.08374,47.01256
6.73495,45.38087
6.61311,45.44529
6.52414,45.46013
6.51377,45.45229
6.65646,45.415
6.56982,45.45207
6.68408,45.44414
6.69084,45.32804
6.88351,45.59015
6.63047,45.44921
5.6586,58.7172
6.0008,58.4765
-1.32622,47.317
-1.68752,47.20242
-1.72566,47.20876
-0.64974,47.37096
-1.4898,47.22093
-1.78065,47.20823
-1.57814,47.19583
-1.84918,47.19111
-4.026528,52.409161
-4.723289,51.90324
3.88909,44.25436
-8.47093,40.24424
-8.57945,41.686
2.32662,44.73027
3.47789,45.67512
3.39256,45.65239
2.41627,44.64317
3.03901,45.0517
3.4488,45.6509
3.279,45.79426
3.12772,45.99832
3.53103,45.67839
4.3567,45.18646
3.09006,45.81273
3.06576,45.75763
3.61046,46.30501
2.47473,45.12507
2.88181,45.72191
2.85735,45.10324
-0.11068,48.46893
-0.34387,49.21383
-1.44492,48.75234
-0.03062,48.45561
-3.548745,52.116085
-3.527369,52.131649
-3.634932,52.102558
17.5234,48.86019
17.66694,48.93694
17.54972,50.01583
2.64336,42.46166
2.49205,42.39037
-2.660591,52.932927
3.57176,47.79644
-1.67849,48.12135
4.41534,44.54842
-0.98303,43.54379
5.27354,48.53947
-0.65517,48.07087
2.88272,50.52746
1.86741,47.88092
0.18659,48.03096
0.03012,47.22939
1.73991,47.35676
-0.86164,43.11201
-0.59066,46.37554
6.15109,48.65457
2.03122,49.07181
2.26142,49.0107
4.40456,45.43337
-0.1558,47.20017
2.15889,47.13278
3.21936,45.75842
4.15129,44.17593
2.1836,48.71438
5.28633,48.4706
3.02725,49.58718
7.61022,48.45207
3.07418,46.95124
2.25934,48.99947
2.21389,47.14277
3.76508,49.24337
5.21136,46.39829
4.06772,48.26725
7.7,47.8
9.9,50.5
7.284,61.3946
5.1995,61.6975
7.1159,61.9141
7.4138,62.8875
2.45725,43.34533
4.50948,44.33592
2.45654,43.32207
3.16572,44.43593
4.10214,44.28875
2.25578,42.96292
2.19965,42.91457
4.507,51.913
4.595,51.869
-3.670781,52.123584
0.432274,51.141282
-2.716341,53.47343
-2.32081,51.635811
-3.016262,52.490988
-3.83009,51.70893
-4.281562,55.868158
-0.708317,51.394433
-1.634755,54.823831
-4.45629,55.89917
1.025678,51.11211
-2.0186,53.366
-1.469833,53.147201
-6.301435,55.191818
-4.839154,50.519555
-1.675449,51.711014
-3.61312,55.08474
-4.082559,55.953693
-3.874485,55.191607
-3.19516,55.04347
-3.832598,55.726116
-0.053263,51.365146
-0.06946,51.25824
-4.73181,50.6228
1.57788,52.204271
0.370759,51.441884
-4.345266,50.657636
-2.353759,53.430909
0.094831,51.590053
-2.225148,50.891406
-3.020921,51.820784
-0.56245,50.96357
-3.338041,53.094069
-6.541763,53.336743
-0.73632,51.64185
-0.619649,51.137049
-3.336494,57.65219
-2.109105,52.606565
-2.51063,51.82184
-2.075366,51.467932
-0.768711,51.002396
-1.32867,53.32654
-5.411055,50.128006
-3.561678,52.612792
-1.21526,52.76397
-0.157452,51.580898
-2.899349,53.787646
-1.502327,52.766776
-1.589112,55.091781
-2.037839,53.376755
-1.02994,52.4409
0.737212,52.051155
-4.196966,56.237131
-1.897224,52.271198
-4.576914,57.571041
1.072117,51.276865
-1.642683,54.966096
-2.363593,52.366198
-4.22609,55.98387
-3.723985,55.862447
-1.216844,51.08952
-10.157384,52.143131
-1.994772,52.371227
-3.36649,51.53871
-2.64859,51.846272
-0.083802,51.097951
-1.293689,53.227199
24.571095,60.176747
5.1974,49.917532
4.222097,50.519342
5.001724,50.620009
4.140902,50.606629
5.663903,50.704965
5.5726,50.562005
4.535585,50.192317
3.471036,50.592528
4.64461,50.442188
5.740099,50.451657
4.112406,50.302636
5.498829,49.636537
3.665233,50.506568
5.603371,50.580014
6.186947,50.287985
6.375839,50.326685
4.183189,50.653018
3.874208,50.450749
5.386981,49.714935
3.815472,50.476486
5.637445,50.246162
4.201756,50.41705
4.859476,50.456876
5.297441,50.013607
5.458317,49.679681
3.788095,50.645596
4.904811,50.265606
5.735679,49.769874
4.394596,50.510643
5.434947,49.691065
3.99234,50.506939
4.527734,50.093917
5.193334,49.707347
4.682432,50.088451
4.573456,50.67236
4.26424,50.034361
3.927256,50.50637
5.348057,49.640595
5.766672,50.669832
4.86283,50.317761
6.340495,50.331957
6.252277,50.396995
5.857338,50.648994
5.178398,50.566123
5.195793,50.519062
5.28658,50.538908
5.933948,50.452531
4.823835,50.211402
6.034445,50.236583
4.071954,50.404418
3.460522,50.561132
5.83624,49.555591
5.519718,50.608364
4.686399,50.677316
5.087679,50.62196
4.361896,50.244188
5.687485,50.727546
4.675897,50.480407
4.274682,49.998267
4.392448,50.490352
4.586341,50.515153
4.665928,50.767679
5.674599,50.700839
3.683467,50.602266
6.118569,50.456845
4.210907,50.409381
3.500779,50.595862
4.668961,50.02802
4.594989,50.450167
4.580811,50.438904
5.076563,49.972298
6.220493,50.443486
4.174221,50.380657
4.262833,50.198981
5.638926,49.628956
4.704725,50.431372
3.882854,50.47693
4.63892,50.400629
4.898438,50.483135
3.417263,50.633914
4.852266,50.204937
3.637577,50.543647
5.106224,50.427965
5.740335,49.626781
4.748154,50.423536
5.545499,50.614645
4.31782,50.429516
4.848624,50.362762
4.533329,50.683327
4.14927,50.309324
4.337025,50.325901
4.26637,50.697805
4.294793,50.683649
4.459956,50.419991
5.055095,49.7889
5.12782,50.245387
4.487855,50.108323
4.43376,50.414853
3.363619,50.508405
3.883955,50.369048
3.883863,50.378038
4.440507,50.602457
2.923412,50.729675
4.225427,51.109116
5.773938,50.358618
4.938109,50.24887
5.564945,49.525316
4.310872,50.059912
4.829564,50.4529
5.398235,50.538881
5.723062,49.73129
4.160643,50.018204
3.794326,50.394866
4.929986,50.352444
5.235831,50.501672
5.224857,50.598576
4.245669,50.492941
4.261073,50.448033
3.75819,50.614302
3.792622,50.526218
5.921888,50.469552
4.689188,50.225911
5.285465,50.345916
5.136264,50.624995
4.443642,50.268888
4.69716,50.887962
4.469252,50.280403
4.360753,50.393214
4.921963,49.900254
5.481588,49.730251
5.178271,50.600334
3.7266,50.941995
5.559498,50.29255
4.416461,50.348185
3.422821,50.520835
5.587986,50.254683
4.119297,50.370859
4.867925,49.813345
4.718313,50.595461
5.637231,49.697727
4.801369,50.486074
5.554984,49.577522
4.150906,50.396824
3.698095,50.760039
5.352716,49.794927
4.920631,50.253791
4.455067,50.41769
5.524535,49.692592
4.929696,49.855739
3.311643,50.607879
5.756263,50.49088
5.612812,49.516293
4.379961,50.005784
4.987603,49.818083
3.566566,50.550035
5.920687,50.699366
5.092195,50.289778
5.596848,49.59784
4.140773,50.432593
5.276318,49.999081
5.495149,50.711955
5.510823,50.475151
6.241015,50.355473
5.151,50.512471
5.750313,49.782844
4.895589,50.523782
4.551623,50.324354
3.756757,50.422393
4.445763,50.202275
3.747368,50.490607
5.449305,50.264769
3.674349,50.449118
4.555121,50.211268
5.417998,49.816821
3.642565,50.491711
5.384996,50.034168
5.341759,50.129437
4.718939,50.493781
5.630079,50.42583
4.222767,50.164684
5.106196,49.843047
3.896227,50.548908
4.20557,50.155149
3.868604,50.52857
3.903213,50.53866
5.60023,50.684098
4.748282,50.534288
5.162085,50.616887
5.968752,50.439871
3.5035,50.545938
4.397147,50.40664
5.497284,49.833318
5.480112,50.331717
4.841055,50.019241
4.964136,50.208556
4.085649,50.412651
5.174056,50.253753
5.391884,49.698512
4.606865,50.038442
5.337899,49.72941
5.655389,50.349183
4.787292,50.296853
4.800768,50.326615
4.08332,50.566658
4.237826,50.018177
4.850856,49.865097
5.389637,49.790102
5.111582,50.638432
5.373403,49.784026
4.916128,50.337975
4.681747,50.300259
5.44408,50.14909
5.232604,49.80358
4.391731,50.300708
5.713964,50.280644
3.71531,50.332423
3.605221,50.547493
3.770328,50.355202
4.727908,50.129266
5.746155,50.635404
3.28426,50.540705
4.269413,50.466066
5.697892,49.674627
4.623903,50.295241
4.771533,50.19737
4.002876,50.350701
5.045026,49.93304
5.122617,50.155884
5.283708,49.639384
5.049183,50.009028
5.169526,49.711858
4.788776,50.16479
4.70044,50.540395
5.130579,50.318537
5.383027,49.962785
4.709272,50.725562
5.038717,49.96465
4.143538,50.137019
5.497434,49.56175
5.607877,49.783703
4.413212,50.277669
4.531517,50.332765
4.22767,50.177726
5.808747,50.695452
5.309186,49.726921
4.51989,50.048983
4.977847,50.475158
5.527625,49.752823
5.536024,50.669878
5.675254,49.476518
5.660963,49.475054
3.347523,50.58662
3.873401,50.416069
4.904446,49.910857
6.05513,50.539781
4.566064,50.623603
5.015162,50.566644
4.075539,50.361381
3.794767,50.660194
4.70473,50.712822
5.572064,49.816697
4.602215,50.692252
5.494967,49.831775
4.332133,50.412313
5.599852,49.733016
4.995861,50.750739
5.820919,50.248948
5.115509,50.399908
5.354462,50.509442
4.579545,50.107418
5.081621,49.886572
6.317739,50.375539
4.459674,49.957468
4.317263,49.999057
5.162058,49.81332
4.594774,50.405988
-4.199125,54.919716
-0.674367,52.90818
4.01774,50.54775
6.01352,50.42317
5.2452,49.8381
4.85211,50.63857
3.67764,50.50126
4.88196,50.41497
5.48207,49.50916
5.02586,49.79938
3.39949,50.7358
4.35474,50.45955
3.26433,50.692
5.535,49.56672
5.08328,50.30307
5.55136,49.84939
6.1028,50.3261
4.95219,50.39849
2.96788,50.75237
3.61574,50.59979
5.81856,50.06402
5.48334,50.28475
5.3578,49.91673
5.149,49.97369
5.74027,50.01717
4.36263,50.51372
3.33961,50.67921
3.73761,50.54288
4.8838,50.41968
5.19121,50.14866
5.01022,50.2295
4.2961,50.50312
5.52477,50.75896
5.8883,50.4269
4.79831,50.20071
4.62249,50.70855
5.35561,50.56496
5.81507,49.55791
5.50618,50.11948
5.63375,50.16982
0.89914,45.26339
14.42919,48.04267
13.0838,47.73608
19.42206,50.14572
20.71472,52.39181
20.69028,52.40619
19.47147,50.29414
2.61895,46.36067
4.85685,45.05522
4.78703,45.206
4.105,46.05096
4.89697,45.79832
4.24891,45.53158
4.25044,45.53073
4.21046,45.65313
4.47863,44.90567
-3.889006,52.836715
-3.728511,52.808548
-3.917759,52.579112
-3.760781,52.786541
3.23621,50.34826
3.62907,50.04286
1.80866,50.4551
3.19635,50.38602
2.73476,50.51849
3.0936,50.41169
2.34685,50.62458
1.90223,50.93205
1.83695,50.65976
3.7855,50.26883
2.77207,50.66355
1.85629,50.67689
2.58733,50.58888
1.77388,50.46686
1.99499,50.38888
2.22027,50.29526
1.91517,50.41574
3.19226,50.26085
3.87285,50.20693
3.65834,50.03032
2.25436,50.28276
3.44352,50.49867
4.18775,50.26444
3.26302,50.33427
3.2022,50.16509
4.0739,50.20674
1.63538,50.59628
-3.15767,48.56209
-2.7543,48.51176
-3.14772,48.59442
-2.80349,48.51969
-3.04819,48.48417
-2.74437,48.18798
-3.24293,48.729
-3.32851,48.43619
-3.52429,48.78371
7.0213,58.2624
8.8836,59.1104
7.7395,58.9204
7.2202,58.3212
7.5882,58.2979
8.359,58.534
7.8434,58.5801
7.7644,58.3086
8.8152,58.6087
7.2355,58.3924
8.3664,58.8347
7.7453,58.1038
7.7358,58.895
7.8127,58.3288
7.8114,58.6658
7.9877123,58.1840647
7.84,58.2947
7.9223,58.3349
8.1029127,58.268369
7.8652,58.2499
8.6506,58.5262
7.8085,58.6717
7.6714,58.9797
8.754,58.4681
7.8612,58.457
7.4333,58.2446
7.4699,58.2626
6.7606,58.73
7.960209,58.2493668
7.0465,58.3405
6.7758,58.3719
7.605,58.0439
8.9478246,58.6523921
7.9282105,58.182664
7.4884,58.8376
8.5597,59.0171
8.3546,59.4789
7.9532,58.5772
9.1038,59.6965
8.0525,58.4837
6.6932,58.1016
24.747462,60.22542
4.11933,48.25206
1.68889,48.77739
1.86068,48.68693
1.96298,48.67633
2.02446,48.79861
2.16235,48.7955
2.53488,49.08303
26.916667,58.35
26.72329,58.82125
25.35491,58.72665
27.13622,58.60191
26.78565,57.74092
17.67246,59.40423
12.25537,58.3925
13.22515,55.72562
13.68493,56.28692
13.57011,55.56708
17.025949,54.449395
17.001298,54.552278
16.773273,53.650693
16.520829,53.998986
16.260175,53.931781
16.128043,53.888381
15.059129,53.94437
19.060759,53.800905
16.632643,54.197353
16.413473,53.947591
16.912736,54.428756
15.159054,53.862376
15.256967,53.872319
17.439547,54.613875
14.44954,53.438907
15.976426,53.681728
16.054196,54.171934
14.534912,53.397938
16.027422,53.65421
16.233724,53.700883
15.963706,54.177577
17.038245,54.477913
15.576982,54.055097
16.343894,54.165802
16.114477,53.622692
15.740084,53.496077
15.677253,53.818676
18.589829,54.294852
16.104877,53.830303
17.049276,54.45235
15.958342,53.841687
17.467854,54.428015
17.760006,53.971583
15.267738,54.055813
15.13323,53.953212
17.589052,54.656478
16.995577,54.474694
16.666609,54.365281
17.809354,54.096409
15.835478,53.942804
15.08245,53.914898
16.079328,53.712869
16.102905,53.762088
17.941407,54.752715
16.169097,53.863201
17.99856,54.410338
17.800182,54.604687
16.024455,53.817737
17.410651,54.457683
16.016311,53.672409
17.12619,54.475886
17.264878,54.502754
17.178363,53.614956
15.771805,54.090659
16.887975,54.35341
16.817754,54.538313
17.593135,54.675435
15.806002,54.165596
17.253082,54.650367
15.636371,53.868788
17.18019,54.430687
15.855867,53.979309
17.721466,54.643702
17.762231,54.542133
17.827195,54.765769
17.100224,54.440645
16.894615,54.395493
16.6262,54.305328
17.048678,54.463632
15.048944,54.030616
17.400941,54.585511
17.586947,54.277356
12.37361,51.89639
-0.469647,51.316055
15.0613,53.3452
15.48183,51.94696
14.94211,53.31237
14.978,53.3444
14.8841,52.9745
15.97883,54.01785
14.5101,53.4796
15.0373,53.3432
18.9967,50.1143
16.01377,53.5328
14.49591,53.4738
15.21482,53.06339
5.6424,58.6676
5.7219,58.7782
4.05795,44.30292
3.99097,44.33061
3.83396,44.18596
3.60114,44.16088
1.17093,42.94537
1.5726,43.03825
1.41215,43.01524
1.08509,42.95761
14.07742,50.61508
-1.664341,55.038002
2.71917,44.2697
0.60286,42.77217
2.13668,43.58622
1.16704,43.24872
1.4988,44.35703
0.60902,42.74936
2.25827,43.6285
2.25714,43.61917
1.34687,43.96232
1.20575,43.28583
2.817451,42.497215
5.22619,50.96292
3.18896,51.15819
3.86043,51.20774
3.42429,50.87221
3.54758,50.81449
0.8378,49.1615
0.95155,49.44761
1.0758,49.33192
1.29311,49.46035
1.52023,49.61873
1.41033,49.36464
0.50883,49.35894
26.56405,55.87555
26.68915,56.54195
24.68755,56.79185
27.31465,56.37535
25.31305,57.70815
25.06285,56.62525
25.81345,56.54195
27.06445,56.12545
25.56325,56.37535
25.81345,56.12545
5.7142,50.907463
14.45494,56.2052
-2.894323,53.483017
-2.941544,53.509216
-2.866872,53.46704
-2.951799,53.492461
-3.009535,53.511762
-2.916308,53.524199
-2.817306,53.47458
-2.962633,53.504958
-2.984421,53.481554
-2.780486,53.520668
-2.624301,53.464059
-2.810493,53.512379
1.70519,48.5095
5.262288,60.843208
6.83205,58.260071
6.779214,58.097929
7.074617,58.142162
7.123195,58.156907
7.365211,58.056723
7.03672,58.132335
6.919225,58.107348
9.619763,58.984885
8.894888,58.630626
8.976495,58.668648
9.952107,59.064824
9.983076,59.066182
6.127384,58.528069
6.711935,58.281307
6.365261,58.468884
6.498666,58.489974
10.413753,59.18168
8.653085,58.410017
7.329968,58.076028
7.26108,58.097991
7.508571,58.036216
6.742374,58.765595
6.952992,58.392349
6.922223,58.439562
6.929329,58.518606
6.790085,58.152801
5.772164,58.809868
6.723198,58.685517
6.716108,58.662739
6.824302,58.36942
6.83326,58.373063
6.836568,58.383066
6.128728,60.370132
6.065645,60.361641
6.115419,60.369833
10.712215,59.401587
5.281163,60.976072
5.225681,60.961943
5.29311,60.983229
5.52894,60.916116
5.459501,59.406939
5.326566,59.397534
5.691156,59.535671
5.846582,59.604842
5.655152,59.523438
6.55297,60.072518
9.381424,58.943715
9.360355,58.939213
9.316831,58.928571
9.511882,58.972164
9.227005,58.887006
9.255072,58.891609
9.555583,58.96694
9.179033,58.878807
6.687328,58.295338
5.366731,60.303645
5.381262,60.296811
5.407995,60.279308
5.446796,60.219115
5.463221,59.60531
7.18525,58.134419
8.678123,58.417843
8.107474,58.171378
6.819199,58.227049
5.188882,60.993846
5.188075,61.000627
10.406705,59.231096
8.818503,58.562208
5.227301,60.889332
5.515372,60.844818
5.580775,60.875276
5.321801,60.46239
6.706454,58.152544
9.6286,63.241588
9.084923,58.783091
7.619649,58.085534
7.66997,58.10176
10.423747,59.741849
10.180255,59.062333
9.042857,58.784894
10.8801,59.288335
10.799499,59.368643
-5.79,43.37
3.15386,43.60652
-2.660645,55.581216
-2.733371,55.895101
-3.822265,56.135604
-2.994199,55.91143
-3.573495,55.875735
-3.573349,55.872143
-3.94109,52.53917
-3.69436,52.45035
-3.07182,51.5936
-4.28564,53.03833
-4.21127,51.80877
-3.4487,51.46006
-4.51589,51.8602
-4.13016,51.93436
-3.22197,51.64788
-3.95267,52.33488
-3.29825,51.48431
-2.96859,51.62687
-3.19063,51.66529
-4.36564,51.93076
-3.99763,52.15969
-3.37832,51.60838
-4.3468,52.01567
-4.5244,52.01199
-4.4328,52.0427
-3.08069,51.72389
-2.67628,51.78806
-4.00884,51.75845
-3.54502,52.42992
-3.79068,52.61167
-3.54825,51.6791
-3.72928,51.79886
-3.14148,51.66577
-3.96717,52.03251
-3.26945,51.48462
-4.04753,52.60841
-4.90625,51.92224
-3.14528,51.7017
-5.03792,51.95489
-3.74453,52.04322
-3.96845,52.19435
-3.13593,51.61727
-3.30474,51.91224
-2.97453,53.03653
-3.72349,51.76118
-3.34749,51.49364
-3.89176,51.79996
-3.92186,52.06383
-2.88006,53.08401
-3.20711,53.14047
-3.22052,51.59394
-3.79473,52.34907
-3.50685,51.73898
-3.08623,52.97084
-3.83314,52.9203
-4.93495,51.91614
-3.85666,51.72229
-4.17017,52.96677
-4.01589,52.14319
-3.48493,51.64485
-3.39521,51.68821
-4.22935,52.20319
-3.2033,51.87016
-3.89459,52.52104
-4.26506,51.72411
-4.00355,51.8026
-3.44547,51.81259
-4.53292,51.80138
-3.29494,51.77388
-4.19907,51.76673
-3.19591,51.75605
-3.73334,51.60188
-3.20549,52.6002
-3.98335,52.95206
-3.62082,52.93058
-3.45393,51.62455
18.54161,50.09156
-4.50162,55.765989
-4.258479,55.809436
-3.336629,55.885113
-4.043477,51.658934
-3.703254,51.768176
-3.932907,51.642822
-3.747303,51.636515
-2.97974,51.685172
-3.9942,51.654611
-3.025669,51.659649
-3.527962,51.494694
-3.792392,51.757022
-2.685653,51.641447
-4.071199,51.599115
-2.89367,51.63735
-3.463153,51.729608
-2.955776,51.635962
-3.734693,51.749013
-4.248636,51.743312
-4.067083,51.669312
-3.338989,51.547692
-3.43807,51.762324
-3.420049,51.51783
-3.426807,51.450442
-3.624364,51.744611
-3.272893,51.453113
-3.5332,51.4473
-3.640763,51.645471
-3.842848,51.809727
-3.220083,51.792664
-3.325663,51.733974
-4.219999,51.750152
-3.145068,51.804972
-3.132316,51.735951
-4.041729,51.716517
-3.43451,51.64997
-3.871411,51.666749
-3.536241,51.672557
-3.188056,51.796094
-3.287291,51.759577
-3.885588,51.791065
-3.512952,51.661575
-3.329009,51.446709
-3.753501,51.729671
-3.152804,51.769965
-3.248308,51.770895
-2.709999,51.812136
-3.629275,51.6798
-3.273528,51.682399
-3.789341,51.651932
-3.112677,51.788334
-3.703468,51.614004
-3.198645,51.749725
-3.517054,51.764793
-3.465966,51.45985
-2.719732,51.735607
-3.291242,51.593187
-3.872263,51.786197
-3.489256,51.423587
-4.096149,51.672394
-3.080551,51.778744
-3.34583,51.45791
-3.632253,51.579542
-4.303446,51.738653
-3.410778,51.630476
-2.717854,51.75414
-3.043627,51.70818
3.1824,50.84391
4.17991,50.88187
2.88772,50.82927
4.88212,51.24362
3.39712,50.9281
5.15416,51.18756
4.44564,50.9233
3.23604,51.20396
3.65419,51.08207
5.02891,51.32559
4.53348,51.11554
4.97728,51.36265
2.94165,50.8087
5.43609,51.21887
5.41646,51.24974
5.12661,51.32207
5.02395,51.355
3.30703,50.92149
3.68115,50.88709
2.89217,50.8488
4.7724,51.48609
4.76883,51.42737
5.43761,51.18815
2.87453,50.85232
5.11651,51.33213
3.17343,50.79739
3.35135,50.93634
4.97454,51.25562
3.5318,50.80978
3.73317,51.11113
4.67821,51.41749
4.67888,51.20302
5.01188,51.28163
5.58182,51.10761
10.106035,56.107628
12.28254,55.801125
12.192385,55.813288
12.008493,55.466483
12.344105,55.805119
12.315852,55.792794
8.203843,56.537119
8.88417,56.178351
9.935964,55.913498
9.570023,55.862955
12.08,50.2
10.62,48.37
11.21,48.17
11.22,48.14
9.21,50.12
10.71,48.27
11.79,47.67
4.98721,49.69426
5.21241,45.81653
5.08867,45.81158
5.84787,45.98637
1.84408,45.024
4.52703,45.4827
5.78094,44.90077
-4.21567,48.46934
-0.62408,43.40396
4.09938,44.09455
4.83958,44.85372
4.39513,51.16277
4.63627,51.18004
4.91554,51.2064
3.17939,51.12108
3.7524,51.0253
3.59282,51.09059
4.45666,51.13244
4.84621,50.8834
4.8797,50.9859
5.5306,50.899
3.0305,50.9956
4.48283,51.12805
4.3484,51.30294
4.61829,51.2232
4.34674,51.12323
4.8,50.9268
3.57149,51.06886
3.96987,51.17376
5.25936,51.23005
3.98306,51.10841
3.23251,51.01385
3.37182,51.12802
4.60022,50.76544
3.65479,51.08826
4.99866,51.33074
3.65183,50.95874
4.04751,50.97049
3.93323,50.91228
4.34249,51.15445
3.63565,51.02266
2.74777,51.12096
5.1833,50.9766
5.53174,51.02777
3.74978,51.07849
4.34868,51.18357
4.41958,50.91644
3.5276,50.97599
3.53538,51.18089
5.06006,50.84245
4.28911,51.08289
5.01693,51.10929
4.93475,51.18595
5.182,50.7475
5.33612,51.05611
4.798,50.86137
4.34691,51.21521
5.26349,50.75952
5.49418,50.80901
4.17344,50.87328
3.6714,51.2647
3.51953,51.2837
3.78869,51.21003
4.5804,51.13213
3.83238,50.89354
4.45613,51.26831
4.96685,51.00606
3.6262,50.85769
3.204,51.0412
3.76681,51.09425
5.32886,51.12555
4.66773,50.86195
5.17376,51.15297
4.75691,50.85703
4.74875,50.92303
5.75676,51.031
5.24223,51.07407
5.21468,51.2007
5.2779,50.90197
4.43818,51.32317
3.59076,50.73586
3.70382,51.02175
4.5014,50.98995
4.4581,51.04412
5.27429,51.02276
5.05343,50.9888
1.33827,45.98562
1.23651,45.84902
1.214,45.82803
7.143,47.60788
7.16343,48.12512
7.21519,48.15637
8.927422,49.538876
-4.118793,51.748451
-4.100782,51.803601
-4.812882,51.987468
-4.444612,51.977213
-3.803967,51.998261
-4.919555,51.920565
-4.558097,51.797441
-4.042389,51.859484
-4.067978,51.804057
-4.831648,51.707319
-4.082674,51.78994
-3.944421,51.79926
-4.61639,51.813712
-4.116329,51.756157
-3.80656,51.796487
-4.896018,51.966565
-4.062527,51.87905
-4.918024,51.767261
-3.95857,51.800437
-4.658872,51.969464
-4.846779,51.717745
-4.37457,51.88908
-4.151096,51.78646
-4.150604,51.966361
-4.733039,52.03971
-4.171485,51.872772
-3.828234,51.952073
-4.013549,51.839703
-3.790415,51.926938
-4.683372,51.989592
-4.722393,51.744078
-4.461836,52.093354
-4.689892,51.874745
-4.64515,51.90952
-4.60563,51.781648
-3.881469,52.351767
-4.472498,51.970605
-4.79084,52.007778
-4.365939,51.843751
-4.574966,51.750101
-4.634715,51.830615
-4.357242,51.999408
-4.499586,51.850338
-4.232791,51.84051
-4.52487,52.046157
-4.84611,51.937205
-4.212483,52.050686
-4.839702,51.697231
-4.137299,51.730778
-4.171467,51.944712
-4.24041,51.912035
-4.831704,51.708217
-3.992888,51.992921
-4.133233,51.792001
-4.960247,51.912317
-4.182281,51.729591
-4.053199,51.95169
-5.058279,51.890507
-4.01343,51.89231
-4.772096,51.832895
-4.383028,51.953863
-4.542023,52.051588
-4.416391,51.817994
-3.972443,51.835814
-3.793056,52.098415
-4.186827,51.901533
-3.874871,51.876976
-4.115701,51.996443
-4.483391,51.756615
-4.297885,51.898607
-4.15995,52.074322
-4.29215,51.974346
-4.846912,51.90391
-3.98769,52.069531
-4.255134,51.866387
-5.093595,51.896779
-3.918953,51.78967
-4.307031,51.756434
-3.773892,52.011306
-4.205776,51.79273
-4.662078,52.081391
-4.507877,51.884514
-4.600703,52.062357
-3.863413,51.937134
-4.061164,52.020611
-4.452883,51.827311
-4.280644,51.922683
-4.527893,51.922665
-4.499046,52.044684
-4.3759,51.889503
-3.784827,51.993157
-3.700899,52.074919
-4.515034,51.99956
-3.296613,52.066295
-3.414533,52.153027
-3.819027,52.590522
-3.389718,52.238558
10.268955,51.479832
-6.547397,54.373257
-6.373395,54.300103
-6.204424,54.544742
-5.983061,54.583482
-7.306302,54.629746
-7.388512,55.031726
-6.641469,55.109222
-6.653525,54.468822
-6.817818,54.475886
-6.387128,54.192381
-6.697853,54.820574
-7.344015,54.979395
-7.037217,54.585907
-6.30709,54.37911
-7.691974,54.613376
-6.200588,54.701914
-7.250667,54.201793
-7.581789,54.339951
-7.548704,54.272454
-6.124711,55.000841
-6.860568,54.497409
-6.515345,54.214425
-6.597999,54.558929
-5.674255,54.491676
-6.723454,54.523889
-6.53777,55.073884
-7.303613,54.601388
-6.006498,54.547032
-6.520759,54.670535
-7.112015,54.663512
-6.258875,54.572492
-5.895099,54.429234
-5.93569,54.541351
-7.439996,54.252234
-6.969359,54.421619
-6.510537,54.752837
-6.369041,54.910931
-6.672249,54.374021
-5.940882,54.622305
-6.733914,54.612535
-5.933736,54.671601
-7.207106,54.475519
-5.899004,54.533531
-7.571,54.489936
-7.465542,54.293675
-7.829992,54.54897
-6.829696,54.564987
-7.311717,54.858846
-6.499158,54.219031
-7.159605,54.426103
-7.260297,54.945678
-6.595647,54.409091
-6.749389,54.410557
-7.648376,54.473073
-6.989456,54.900608
-6.511154,54.651326
-6.11353,54.739224
-6.049782,54.546839
-6.225194,54.635792
-6.327898,54.18699
-6.572197,54.766157
-5.99431,54.749762
-6.050646,54.69061
-5.933009,54.655415
-7.440762,54.68744
-5.759194,54.317208
-6.049821,54.096188
-8.079961,54.358617
-7.503024,54.623527
-6.921817,54.5892
-6.439152,54.427609
-6.953168,55.114097
-7.444259,54.61878
-7.706487,54.316961
-6.639989,54.551323
-6.737463,54.547888
-5.803397,54.587541
-7.230545,55.032626
-7.372542,54.349824
-7.312111,54.491929
-6.202576,54.7271
-6.242995,54.582145
-7.522,54.457412
-6.139687,54.302968
-7.352778,55.017169
-7.489181,54.616283
-8.020029,54.476324
-6.561535,55.066083
-8.038427,54.355044
-6.212878,54.492756
-6.225315,54.704076
-7.54447,54.793469
-6.003353,54.674565
-6.292544,54.617894
-6.295018,54.112987
-6.541754,54.878091
-6.36351,55.123772
-7.731465,54.256829
-6.061348,54.498507
-6.01856,54.998259
-5.937537,54.259245
-7.895236,54.416092
-7.164438,54.601001
-7.299036,54.7415
-6.878735,54.639881
-8.118776,54.484353
-7.245153,54.503612
-6.542464,54.382182
-6.002973,54.116715
-7.173593,54.224647
-7.004052,54.895339
-5.791513,54.396698
-7.185889,54.998201
-5.963483,54.541822
-7.415961,54.756986
-7.247521,54.722955
-5.91907,54.133713
-6.000355,54.229754
-6.518559,54.873319
4.79404,50.09056
2.39367,48.59361
2.83181,48.34949
7.54113,47.64433
12.499303,55.777757
-4.25666,53.056195
-3.619707,52.896894
-4.311228,53.016215
-3.628251,52.943149
-4.127043,53.223833
-3.710614,52.870401
-3.750547,52.792761
-3.646891,52.877488
-3.671214,52.890939
-3.950857,52.726025
-3.9477,52.754848
-3.804146,53.040267
-4.039932,53.014995
-3.8828,52.905322
-3.885737,52.792793
-3.817067,52.757569
-4.386366,53.344883
-3.872634,53.056946
-3.783823,53.058168
-3.626187,52.822572
-3.970773,52.637269
-4.195215,53.136105
-2.884612,53.018578
-3.038993,52.985731
-2.944556,53.029579
-3.02603,53.195208
-3.85232,52.911322
-4.090882,53.17498
-4.040935,52.981604
-4.010247,53.050501
-3.858426,53.008018
-3.883078,53.054866
-4.191678,53.189935
-3.58464,53.039852
-4.211522,53.214832
-3.717855,52.732445
-3.868346,52.838265
-4.224568,53.17467
-3.861835,52.74952
-4.044175,53.011083
-3.923827,52.90399
-4.033986,52.935151
-3.606523,52.986517
-2.861591,53.03785
-4.095659,52.983627
-2.867375,52.991602
-3.108848,53.11846
-3.026441,53.22806
-4.127485,53.120882
-3.548579,52.990882
-3.913941,52.969782
-3.568844,52.928441
-2.994043,53.041761
-3.126553,52.938187
-4.123272,53.133949
-3.511556,53.039905
-4.229392,53.056979
-4.259804,53.090571
-3.542612,52.913285
-2.861545,53.043019
-4.003429,52.750881
-4.147909,53.167806
-3.504324,53.260247
-3.884702,52.681988
-3.627663,52.961578
-2.956513,53.054429
-3.828766,52.733321
-3.962859,52.987774
-3.918086,53.11332
-3.480014,52.989958
-3.505518,52.995032
-4.313987,53.256761
-3.841147,52.916845
-3.46498,53.291257
-4.245009,53.142009
-4.508161,52.914259
-3.20495,53.172721
-3.92139,52.584853
-2.911343,52.999589
-3.801482,53.139065
-3.871769,52.672231
-3.369452,52.982338
-4.292396,52.992843
-3.37007,53.072409
-4.582682,52.87548
-4.559379,52.83813
-4.307068,53.243813
-2.956119,53.108045
-3.981103,53.000643
-3.506702,52.900621
-3.574713,53.013014
-4.201629,53.056867
-4.357662,53.264401
-3.876483,53.09674
-3.758512,53.280141
-3.835287,53.1072
-3.843088,53.188962
-4.044026,53.160087
-3.700284,53.022073
-3.965951,53.123597
-3.265797,52.977824
-2.879811,53.082978
25.513966,60.88937
23.710223,61.501837
25.70024,60.382425
26.732268,61.728294
24.773076,60.216808
26.104359,61.744992
24.411133,60.371468
25.076916,60.270099
25.948119,62.364413
24.768646,60.378986
25.779805,62.820175
22.758865,60.429443
25.089887,60.380564
30.148287,63.323498
27.63907,62.877732
29.85775,62.754726
25.491331,60.983674
25.939922,62.410053
24.704368,60.240397
22.324219,60.411522
23.747313,61.214396
25.484124,61.184485
22.273922,60.471138
24.986773,60.475622
27.406082,60.537021
24.737244,60.168946
24.951646,60.350845
24.08761,60.109724
25.048828,61.521982
27.161497,61.951787
9.949089,57.176338
2.47787,48.71491
8.476968,56.847208
-0.15593,44.84424
-1.38647,43.49785
-1.48187,43.45404
-1.43631,43.48761
-0.13822,44.81344
-0.48633,45.00745
-0.24753,44.91756
-1.59424,43.36509
-0.47868,44.73644
-0.81106,45.88354
-1.44017,43.38722
-0.23349,44.98562
-1.63987,43.37473
-1.28846,43.49785
-0.88191,45.93855
-0.76665,45.88453
-0.53527,44.95843
-1.57517,43.35558
-0.25879,44.56424
-0.54597,44.92624
-0.51688,44.79615
-1.4584,43.42491
-0.46805,44.98863
-1.10996,43.54484
-0.24381,44.87401
-1.19479,43.52397
-0.61975,45.72467
-1.19842,43.65246
-1.3927,43.35752
-0.24856,44.90958
-0.57758,45.01568
-1.33757,43.49763
-0.95925,45.91548
-0.51286,44.74534
-1.22877,43.52375
-0.41565,44.94793
9.518172,56.056419
0.64793,46.49288
0.90121,46.34481
0.86682,46.56017
0.54462,46.7607
0.67588,46.44845
0.8647,46.61413
0.85059,46.64087
0.68008,46.34954
-4.072618,52.826457
9.977713,57.119766
14.789532,55.200631
-8.609609,54.114851
-7.644483,52.94305
-7.117822,53.020279
-8.492589,54.221019
-8.651479,54.08671
-7.205182,52.969677
-7.141946,53.156139
-7.445949,52.881186
-7.571672,53.08568
-7.584325,52.856591
-8.445171,41.604609
-8.351562,41.614246
4.12836,44.23753
2.80329,42.72787
6.36683,49.4711
0.88432,44.55804
0.70343,44.40572
-1.572376,54.117459
-1.514783,54.332939
-0.775305,53.387505
-1.556564,54.308834
-2.107439,52.779784
1.63494,47.76871
-0.90725,46.07941
-0.87221,43.30777
-0.72353,46.12061
-0.45783,44.63679
0.08083,44.82645
-1.36751,43.76115
24.638963,46.096685
24.63704,46.141648
24.965476,46.012962
24.963824,46.057935
24.635113,46.18661
24.771854,46.009349
25.157639,46.061224
25.091479,46.10514
25.026822,46.104042
25.546541,46.021831
25.61112,46.022634
22.330792,46.293331
25.593912,46.697416
23.109354,46.281615
25.209113,46.467048
25.144024,46.46601
25.592743,46.742399
25.547719,45.976844
26.381704,46.434401
23.044494,46.282794
25.645735,47.23798
25.710687,47.283722
25.844853,47.195168
25.778859,47.194484
25.839941,47.420079
25.97771,47.151438
25.978572,47.106452
25.711779,47.238742
25.644587,47.28296
25.377464,47.369474
22.453459,46.021831
25.378842,47.324501
23.029592,45.87804
22.452281,45.976844
25.311267,47.368517
24.204791,45.726853
24.268974,45.728406
25.312701,47.323546
23.751998,47.4379
26.511464,46.480027
24.955506,46.282794
24.957178,46.237823
24.766415,46.14425
24.320225,45.999646
23.027956,45.833066
26.446785,46.434735
26.446329,46.479731
22.329703,46.248344
21.61627,46.254416
22.137949,46.385412
21.678918,46.074059
22.26797,46.384044
22.269013,46.429032
25.09303,46.060164
25.77679,47.284447
25.067768,46.779734
25.002308,46.77861
24.936853,46.777448
25.777826,47.239466
22.309505,45.393511
25.00397,46.733641
23.853414,44.330121
23.851235,44.285162
23.855598,44.37508
23.792913,44.376631
23.790776,44.33167
23.730222,44.378148
23.728134,44.333184
23.788645,44.286708
24.027367,47.927144
24.026089,47.972095
23.540307,47.17282
23.542455,47.217768
24.088148,47.928881
24.085621,47.973809
23.07878,47.182129
23.012829,47.183307
23.080538,47.227092
23.014531,47.228272
23.344519,47.221992
23.346504,47.266946
23.27853,47.223324
23.214411,47.269576
23.28046,47.26828
23.26705,46.953578
23.412543,47.265574
24.832873,46.100528
24.831109,46.145496
24.764593,46.189216
24.827567,46.235432
24.507684,46.138899
27.486137,46.210043
24.762767,46.234182
24.697972,46.232895
26.643497,46.210521
23.14654,47.225874
23.206943,47.08974
23.474389,47.174264
23.410502,47.220622
23.612845,47.306174
23.482787,47.354062
23.075276,47.092203
23.141112,47.09099
23.615064,47.351119
23.016238,47.273236
23.342538,47.177037
23.276605,47.178367
22.950172,47.274379
23.208803,47.1347
23.07179,47.002275
23.073531,47.047239
23.282394,47.313236
22.81957,47.321521
22.821117,47.36649
23.548928,47.352609
22.814953,47.186614
23.272769,47.088452
23.350489,47.356853
23.284333,47.358191
23.218172,47.359491
23.408466,47.175669
23.152007,47.360753
22.551445,44.895386
25.788047,46.78963
26.090862,44.317142
25.901115,44.405503
25.853545,46.790305
25.963898,44.40609
25.962305,44.496103
23.210668,47.179659
22.880916,47.18555
22.879329,47.140581
23.212537,47.224618
22.884102,47.275485
22.754927,47.367523
22.8857,47.320452
22.951826,47.319345
23.286277,47.403146
23.340562,47.132082
23.011131,47.138342
23.274685,47.13341
24.586085,45.82556
24.584138,45.870523
24.335301,45.684968
23.868611,45.905051
24.124413,46.039887
23.925909,45.768583
24.191232,45.996546
23.863988,45.815158
23.861685,45.770211
23.928263,45.813528
24.273348,45.6385
23.923559,45.723638
24.384728,46.001141
24.395264,45.776362
23.799707,45.816753
24.511734,46.048982
23.979004,45.766994
24.315871,46.08955
24.251268,46.088014
24.580231,45.960448
24.899227,46.056765
24.648506,45.871866
24.249031,46.132963
24.271164,45.683453
23.977817,45.722032
24.209268,45.636952
24.138315,45.770211
24.313686,46.134502
24.122077,46.084831
24.188954,46.041494
24.202544,45.771803
24.568396,46.230211
24.459513,45.77781
24.712878,45.873174
24.633182,46.231571
24.062262,45.993301
25.309829,47.413488
24.32887,45.819833
24.331019,45.774879
24.374067,46.22591
24.020996,45.766994
24.264579,45.818311
24.438839,46.22738
24.440928,46.182425
24.37621,46.180957
23.801964,45.861702
23.804227,45.90665
24.770045,46.054317
24.445093,46.092514
24.834634,46.055559
24.574335,46.095331
24.378347,46.136004
24.513751,46.004023
24.380479,46.09105
24.311496,46.179452
24.57827,46.005409
24.576305,46.05037
24.443013,46.13747
24.18667,46.086441
24.447168,46.047557
24.644702,45.961795
24.451302,45.957643
24.453362,45.912685
24.582187,45.915485
24.588027,45.780597
24.589965,45.735633
24.18438,46.131387
24.140613,45.725263
24.523768,45.779221
24.333162,45.729924
24.515764,45.959063
25.242136,45.432496
25.243532,45.387511
25.178246,45.431495
25.179692,45.386511
24.75172,46.503968
21.289331,45.760692
21.224855,45.715833
21.225217,45.80584
21.225036,45.760837
21.160611,45.715942
21.289099,45.715689
21.16074,45.760945
24.690412,46.412746
24.621496,46.501332
25.020371,46.283936
26.131351,45.80276
24.874938,46.686319
26.130651,45.847758
26.195689,45.803231
26.195041,45.84823
24.623455,46.456373
22.492673,47.461222
25.963102,44.451097
26.21384,44.498112
26.277838,44.408507
26.215648,44.363082
25.403085,46.51492
24.678936,46.682509
25.085239,46.285041
25.150111,46.286109
24.820431,46.415299
25.08367,46.330015
24.885447,46.41652
25.964691,44.361083
24.617563,46.59125
26.127125,46.072742
26.193739,45.938226
25.343392,46.334074
25.279866,46.288135
25.344749,46.289093
24.947088,46.507643
24.613611,46.681165
22.421515,44.762045
25.278456,46.333114
23.429051,47.625175
22.420412,44.717047
24.995621,46.958479
24.929947,46.95731
29.56582,44.922103
25.074174,46.599851
29.56382,44.877138
25.405714,46.424959
25.404401,46.46994
25.544177,46.111804
26.001877,45.846705
26.13205,45.757762
24.309301,46.224403
24.449237,46.0026
24.064639,45.948359
26.449945,46.119752
26.449497,46.164751
49.6039,54.2189
-6.097825,53.006132
-6.750578,52.720565
-9.448781,52.382625
-7.744043,52.145481
-8.053461,51.911484
-9.413553,51.735134
-9.45597,51.899456
-8.562265,51.897033
-7.887292,54.100573
-6.779364,52.493395
-7.701749,54.939095
-6.414324,52.619988
-8.51436,52.149196
-8.904035,52.137984
-9.384118,52.224739
-9.83238,54.067325
-7.562061,52.981314
-9.3637,52.327782
-8.65882,51.868779
-9.444391,52.22497
-7.315158,52.285384
-9.424699,51.871285
-9.564578,53.508948
-8.48503,52.916599
-7.636794,52.184858
-8.102925,51.962031
-9.256372,51.998229
-9.378876,51.753927
-8.602923,54.702849
-7.852256,54.77576
-9.140051,54.118346
-8.107073,54.077086
-7.534095,54.99903
-6.141606,53.190854
-8.206327,54.905602
-8.170989,54.791891
-7.448646,54.101769
-6.522244,53.859933
-6.432038,52.831343
-8.971117,52.0875
-9.535155,52.183326
-9.48716,53.518427
-9.285718,52.953516
-8.325826,52.605788
-8.330105,52.582008
-9.308493,53.024304
-8.080716,54.067377
-9.427456,53.606332
-9.354712,53.867513
-8.362406,54.950591
-8.15662,55.076345
-9.147841,52.750087
-9.399464,52.173788
-8.088044,52.527098
-9.075451,51.914567
-7.435625,52.347715
-6.286659,52.587662
-6.550602,52.548482
-10.179557,52.136068
-9.519935,51.623638
-9.045361,52.080601
-8.664761,51.764482
-9.000333,52.072886
-8.857414,52.340853
-9.734755,52.062676
-7.907752,52.003712
-8.374919,52.331837
-7.779326,52.055746
-10.293951,52.173115
-9.237162,52.31804
-8.176244,51.916703
-8.120589,52.628846
-9.74569,52.085442
-8.581353,52.218426
-9.08009,51.67617
-7.165378,52.303499
-7.99451,52.328522
-9.492548,52.352126
-8.511411,52.267898
-9.06796,52.036729
-7.932559,52.190054
-9.561963,51.808621
-7.709283,52.267674
-7.993121,51.942546
1.4623,43.58586
4.28545,43.94281
3.9854,44.47606
4.47342,44.34141
-3.74744,52.573613
-3.276423,52.524005
-3.308234,52.515143
-3.391542,51.945413
-3.779929,52.565082
-3.044439,52.5334
-3.591004,51.94918
-3.467492,51.954381
-3.514191,52.40816
-3.681036,51.827438
-3.183468,52.550072
-3.419625,52.145628
-3.0483,52.345601
-3.300776,52.825741
-3.756787,51.797557
-3.325067,52.648365
-3.586613,52.154244
-3.466487,52.766271
-3.419841,52.425199
-3.508131,51.95117
-3.248422,51.978487
-3.307799,51.869991
-3.03939,51.879817
-3.426374,52.171576
-3.521481,52.301658
-3.349642,52.245306
-3.447478,52.236055
-3.344276,52.503402
-3.595856,52.412165
-3.574607,52.35221
-3.241695,51.893141
-3.381305,51.813403
-3.445506,52.759336
-3.101892,51.836567
-3.514329,52.263988
-3.637381,51.944048
-3.507545,52.020412
-3.610631,51.887769
-3.199302,52.047331
-3.154069,52.241222
-3.359223,52.127414
-3.259468,52.00894
-3.372415,51.938444
-3.646377,52.584097
-3.724699,51.944599
-3.668963,51.848247
-3.286924,52.051801
-3.54297,52.286993
-3.536665,52.443518
-3.130096,52.078585
-3.014957,52.277429
-3.202459,52.219026
-3.350706,52.56896
-3.234994,51.942889
-3.108684,52.215449
-3.186996,52.023179
-3.270855,52.76673
-3.58212,51.944804
-3.541507,52.117978
-3.52971,52.500529
-3.558911,52.196018
-3.146612,52.039763
-3.006329,52.349428
-3.753774,52.649087
-3.114268,52.321487
-3.493642,52.258857
-3.568698,51.893731
-3.428016,51.948573
-3.160026,52.334757
-3.354609,52.26413
-3.352566,52.100517
-3.540633,52.346365
-3.459731,52.297043
-3.435776,51.963764
-3.793098,51.908508
-3.528906,51.79175
-3.23827,51.874296
-2.99426,52.269514
0.5099,43.12268
5.8937,49.9094
40.04,55.56
40.13,55.6
-8.54698,51.96119
-9.125924,51.841852
-9.645504,52.241984
-6.400078,54.005714
-6.648556,53.962943
-10.217306,52.140278
-9.655933,52.309335
-6.661987,53.632444
-9.706528,52.169444
-7.403264,53.06878
-8.036616,54.043313
-8.523688,51.708565
-8.756494,52.907031
-8.635116,52.940989
-8.173042,54.298036
-8.225655,54.468375
-8.204033,54.22584
-8.080142,54.301511
-7.917521,54.821248
-7.973528,54.818579
-9.248396,53.045276
-7.545246,53.044248
-8.140704,54.354522
-8.007572,53.807036
-8.2162,54.456417
-8.3629,52.2432
-7.948848,53.419789
-7.422825,53.056297
-7.24284,53.029228
-7.253111,52.432614
-7.462621,54.986267
-9.643038,52.275102
-9.615756,52.28958
-7.70489,54.787294
-9.616156,52.298157
-9.287945,53.035455
-9.673582,52.292073
-9.728472,52.172917
-8.75177,52.34244
-8.69946,52.02115
-7.633031,52.537748
-7.019541,52.885619
-7.90157,53.694133
-6.342841,53.718305
-9.030025,52.089885
-7.708544,54.892788
-9.703056,52.161694
-8.43729,51.86981
-7.298387,53.826544
-9.1183,51.7214
-8.40329,51.96089
-8.29909,51.91149
-9.28358,51.55363
-6.221998,53.457931
-8.741283,52.748812
-8.660646,52.836695
-8.728588,52.752143
-6.78574,52.692947
-9.769667,52.174194
-6.633538,53.683814
-8.575482,52.401698
-6.863414,53.731133
-8.48745,52.63886
-9.045997,51.585538
-8.54299,51.95236
-8.72169,51.63493
-6.607181,52.447438
-8.99903,52.073975
-9.704694,51.875336
-8.833241,52.85404
-10.263639,52.1425
-8.485012,52.916266
-9.186513,53.077764
-9.1982,51.67552
-9.219746,52.978977
-9.283168,53.057307
-9.237275,53.035993
-8.190712,54.279719
-8.300015,54.386868
-8.285744,55.097812
-8.323808,54.235676
-8.377097,54.415292
-8.241319,54.254403
-8.288507,54.376718
-8.257315,54.361966
-7.736539,52.352113
-7.976111,52.499639
-7.090709,52.649849
-6.708916,52.940159
-9.670942,52.238311
-8.733369,52.945815
-8.536556,52.668302
-7.89737,53.41425
-8.744713,52.913395
-9.130906,52.67311
-9.248911,52.922646
-9.841761,52.166667
-6.754525,53.220703
-7.774505,54.802203
-7.747841,54.838979
-8.6804,51.76502
-6.982013,54.034514
-9.148043,52.748755
-8.791783,53.973808
-7.570755,54.953461
-8.68192,52.890409
-8.665854,52.908472
-9.796131,52.171958
-8.648286,52.826798
-10.040344,52.175022
-7.7505,52.353833
-8.6798,52.35743
-9.563161,52.287259
-8.53157,51.97135
-8.21022,53.33001
-8.29942,53.30492
-6.556793,53.397596
-7.314116,52.858033
-7.261964,52.694174
-7.073865,52.915709
-9.24983,51.66505
-9.21733,51.67075
-7.8034,54.782149
-6.624188,52.510034
-8.093742,53.649772
-8.30812,54.439536
-8.096895,54.134717
-10.140652,51.973379
-7.595751,52.585253
-9.18663,51.83875
-6.216128,54.595231
-8.183112,54.425102
-8.128218,54.399902
-8.115142,54.304771
-8.318217,54.262471
-8.14594,54.169273
-9.21259,51.56637
-7.736992,54.796189
-8.271219,55.032255
-8.342413,54.280417
-8.150247,54.33136
-7.038684,52.218975
-6.392638,53.717843
-9.614367,53.533131
-9.625698,53.547418
-9.693087,53.595599
-7.163317,54.050288
-7.114161,54.06431
-9.31281,51.65329
-7.808377,54.873225
-6.254416,53.457151
-6.959915,52.956101
-6.54057,53.388413
-9.297177,52.945592
-7.369971,54.014713
-7.001957,53.775027
-8.96778,52.19258
-8.156438,54.650501
-8.30495,52.263785
-9.238904,52.811069
-9.450109,52.133596
-9.433567,52.434379
-6.390997,53.32898
-6.974324,52.975995
-8.18343,54.105168
-7.717379,53.396104
-8.89398,52.27504
-9.25384,51.66398
-9.334778,52.12828
-7.801688,54.01171
-6.398168,53.697493
-6.928341,52.848886
-8.47688,51.98095
-8.81923,51.85239
-6.864991,52.773711
-8.34268,51.96479
-8.558165,52.040938
-8.34936,51.76643
-6.477655,52.554936
-7.361704,52.953548
-8.154214,54.059391
-7.869322,54.813121
-8.14657,54.490613
-8.75184,52.723746
-8.367989,53.509128
-8.375521,52.331934
-8.059525,51.870589
-8.67761,51.72113
-7.728039,52.187531
-9.512879,52.087375
-9.505997,52.006403
-9.251622,52.396003
-8.984388,52.863127
-8.67396,52.29768
-8.6052,51.8933
-8.65317,52.1416
-8.22628,52.07748
-8.166298,52.477095
-7.48821,53.49642
-9.504388,52.044855
-9.803295,52.016778
-7.942558,52.506852
-7.242805,52.433448
-7.550253,52.128572
-8.595617,52.663528
-7.66232,53.704137
-7.391296,53.597945
-7.980421,53.444956
-9.07003,51.7851
-9.741032,52.325997
-8.252495,53.897512
-9.573571,52.065738
-9.391403,52.120633
-6.493285,53.365361
-6.991377,53.393075
-6.791983,53.188839
-7.371645,53.497213
-7.066304,54.278687
-8.77365,52.30826
-9.184978,52.966317
-8.378045,52.95461
-9.321544,52.719666
-7.447885,55.035606
-6.914678,53.157879
-7.354988,52.904988
-6.309653,54.876881
-8.382929,51.82864
-6.459198,52.262261
-6.77666,53.201542
-7.622548,53.917846
-7.02907,52.190138
-6.738192,52.802984
-6.793999,52.822435
-8.116962,54.372406
-7.989997,54.28543
-8.137968,54.166093
-6.610771,53.664594
-8.728923,51.696686
-8.252302,54.259124
-7.330059,53.075579
-7.224311,53.065052
-7.011457,53.314693
-9.907528,52.066694
-7.406236,52.496181
-8.422341,52.319195
-8.107884,54.655009
-7.063131,52.930901
-8.622388,53.30654
-7.504777,52.802371
-7.698512,52.591176
-8.912032,53.023654
-7.048806,53.782596
-7.641899,54.851289
-8.005816,51.945197
-6.792584,53.701248
-7.436387,53.953951
-6.913714,53.74018
-6.96953,53.75823
-6.294306,53.587529
-9.078821,52.782788
-9.084595,52.776014
-8.951899,53.660349
-7.329109,53.328062
-6.984868,54.042624
-10.278148,52.187425
-8.26729,52.20504
-8.20185,52.07214
-8.588437,52.015626
-9.11902,52.935981
-9.28717,52.985375
-8.779111,52.938281
-6.377403,53.857253
-7.872513,53.796186
-9.069511,53.692646
-7.416107,52.669872
-8.167063,52.679283
-9.759057,52.299666
-8.521908,52.1813
-7.967947,52.127853
-8.551461,52.678119
-6.434711,52.37518
-9.547761,52.167811
-7.052516,52.667522
-7.388476,52.425304
-6.958406,52.956986
-9.110309,52.384832
-9.536668,53.885341
-6.683363,53.046814
-7.204987,52.805817
-7.229081,52.54569
-8.05914,52.684777
-6.604573,53.085455
-7.305432,53.584
-8.109848,54.607433
-7.052983,52.645959
-8.4249,51.91833
-8.48418,51.87466
-9.307108,51.785153
-6.427989,53.384288
-8.88186,51.83816
-9.435839,52.774953
-8.49078,51.93913
-7.77552,54.055685
-8.67941,52.2869
-9.981678,52.172064
-9.661081,52.159831
-9.953089,52.187503
-8.936178,51.787792
-9.885031,52.197894
-7.343882,52.332818
-8.073665,52.52841
-7.450206,52.191999
-9.488405,52.027945
-9.228349,53.089103
-6.849868,52.897576
-7.946763,52.682083
-6.987785,52.462094
-7.306404,52.596492
-7.373015,54.72174
-7.801285,53.737628
-7.169935,52.242439
-7.429029,55.041806
-9.330603,53.426481
-8.12707,53.603687
-9.251241,52.800156
-7.988354,51.985639
-8.03186,51.88346
-8.269492,52.263925
-8.653863,51.907435
-7.30999,53.582229
-7.69717,52.95369
-6.63899,53.616586
-9.062503,51.736387
-8.67416,52.19667
-8.79113,53.954622
-8.004476,53.189783
-7.063917,52.548992
-7.983788,52.524837
-8.562912,52.729286
-8.850363,52.857423
-8.760031,52.858556
-7.8266,53.77116
-8.64609,51.80304
-8.579889,52.797309
-8.96414,51.81969
-7.558136,53.675946
-9.09342,51.78154
-9.612183,52.075436
-8.59678,52.965449
-9.11591,51.79343
-10.042267,52.168181
-9.19003,52.563793
-7.443563,52.719428
-8.783194,52.122429
-6.396032,53.833144
-6.429824,54.025873
-8.454147,52.703692
-7.942611,53.814793
-7.473131,52.476036
-8.853796,51.722809
-6.685696,52.921034
-7.02617,52.456125
-6.501521,53.899202
-9.694025,52.084794
-8.276203,54.446503
-9.260217,52.129891
-8.183922,54.389194
-7.699838,52.351738
-7.452279,52.836259
-7.679149,52.073274
-8.397272,52.139547
-7.638065,52.361073
-7.311874,52.703128
-7.228358,52.540689
-7.711616,52.014044
-8.17585,51.916308
-9.26583,51.60693
-7.928688,52.884255
-6.883793,53.933303
-8.352294,52.36256
-9.220551,52.441262
-7.260482,52.255623
-7.65086,53.49509
-8.263948,52.316959
-9.088846,52.348186
-9.05342,51.7929
-6.338422,52.687429
-7.51688,53.48761
-7.930586,52.62726
-8.696899,52.757051
-7.454471,53.030388
-7.788914,52.607323
-7.666363,54.905255
-6.369231,53.410385
-7.393568,52.346716
-7.129408,52.244888
-8.563451,52.786084
1.23568,46.1935
1.30595,45.64063
1.21302,45.77366
1.29414,45.76856
1.27897,46.13194
1.64987,45.60758
5.97628,49.4828
-2.008113,52.789721
1.82242,47.87476
1.78631,47.86426
1.82428,47.87563
1.26409,42.91462
6.21681,45.48814
18.625243,49.297909
20.901662,49.286983
19.7778,49.399577
18.437701,48.9554
19.587047,48.437201
20.087175,48.604134
20.37925,49.399051
21.689168,48.892523
19.656277,48.274169
19.908454,48.222503
18.289901,49.0595
20.496293,48.623237
17.669773,48.665766
20.191031,48.662529
20.065278,48.63274
1.21615,42.87937
1.33658,42.79008
0.96982,42.87682
1.26001,42.81058
1.35276,42.88831
4.807871,50.773898
4.49014,50.600908
4.487992,50.056825
5.343459,50.59116
4.495462,50.374857
2.44376,48.81659
2.10987,48.95687
2.76227,48.48407
2.0076,48.5338
2.72733,48.41757
2.50895,48.92056
2.19811,49.09374
1.58671,49.03783
-0.0775,47.11377
-0.16128,47.13409
1.30335,42.8986
1.02999,42.91785
0.40947,42.78461
-2.931963,55.046577
-3.440372,54.5581
-3.0284,54.471532
-3.07641,54.360567
-2.467692,54.285373
-3.049105,54.376086
-3.334016,54.757943
-2.949925,54.547667
-2.845598,54.586188
-2.823086,54.390421
-3.45487,54.530963
-2.94382,54.349993
-2.912985,54.90024
-3.039466,54.846201
-2.787936,54.324149
-3.209975,54.66308
-2.859295,54.575306
-2.915412,54.38706
-3.465651,54.529934
-2.381834,54.302752
-2.797125,54.322291
-3.104616,54.608366
-3.045255,54.466893
-2.980737,54.349698
-2.858311,54.822454
-2.704598,54.93308
-2.802713,54.214404
-2.828358,54.346347
-2.665584,54.269165
-3.279672,54.759427
-2.771729,54.19753
-2.429134,54.270238
-3.483118,54.585445
-2.761962,54.912964
-2.700128,54.404678
-3.346188,54.421673
-2.584956,54.213861
-2.979907,54.83052
-2.77348,54.209203
-3.170773,54.161057
-3.381594,54.420374
-2.986751,54.664206
-2.95399,54.919696
1.43314,45.7481
1.40152,45.88676
1.3225,45.87372
-2.56505,53.765465
-2.981806,53.876927
-2.584233,53.726723
-2.249629,53.785412
-2.352613,53.759088
-2.729401,53.619865
-2.905701,53.592593
-2.801313,53.585248
-2.643888,53.76237
-2.787223,53.721067
-2.781364,54.058158
-2.549634,53.746661
-2.452689,53.756055
-2.346542,53.942459
-2.641787,54.120999
-2.575863,53.890347
-2.188892,53.779231
-2.50733,53.759431
-2.829486,53.635392
-2.529039,53.797087
-2.418899,53.865831
-2.620222,53.700477
-2.335395,53.882272
-2.474713,53.826076
-2.809932,54.034601
-2.457973,53.684129
-2.690177,53.902327
-2.38481,53.796738
-2.529651,53.84562
-2.320872,53.97219
-2.419169,53.892794
-2.299745,53.789791
-2.802721,53.579846
-2.814284,53.866496
-2.572365,53.857108
-2.302461,53.95606
-2.522926,53.915755
-2.291468,53.909351
-2.777263,53.756187
-2.336197,53.982035
-2.707251,53.922001
-2.281152,53.733211
-2.794721,53.877413
-2.741464,53.962241
-2.723952,53.743038
-2.787522,53.899032
-2.602318,53.825503
-2.266792,53.859076
-2.483176,53.637291
-2.813442,53.979751
-2.453295,53.952889
-2.623012,53.786749
-2.871801,53.560486
-2.761308,53.628654
-2.422194,53.739988
-2.739112,53.829232
-2.783979,54.034773
-2.466287,53.888126
-2.203723,53.708201
-2.801398,53.828832
-2.509395,53.679428
-2.759935,53.552261
-2.283476,53.628044
-2.741788,54.151881
-2.564002,53.687272
-2.867482,53.865224
-2.329531,53.716909
2.5418,44.47169
2.62587,44.46341
2.85456,44.37246
1.40801,43.93155
2.64581,44.43491
1.5546,43.85454
2.61787,44.48268
2.64519,44.31311
2.73577,44.48387
2.26942,44.0839
2.70975,44.41321
2.71905,44.42734
2.67476,44.46147
6.21525,49.919
6.47639,49.7014
0.62733,42.7251
1.37084,44.47516
1.50797,44.84457
0.09019,43.06499
1.24865,44.48229
0.17438,43.02655
-0.02652,43.09399
0.79844,43.32689
0.042,43.6158
-0.07873,43.1054
1.71659,43.09377
1.32144,44.32792
0.11183,43.12325
0.12996,43.354
0.12936,43.01303
2.33861,44.50167
1.35511,43.27679
-0.64033,44.78781
-0.20097,45.3518
-0.62487,43.10758
-0.5009,43.16312
-0.66144,44.80382
-0.60257,46.22112
-1.10193,46.17739
-0.25699,45.25773
3.79103,44.20075
0.18806,43.17639
0.02455,43.27329
17.3835,50.317
-0.68572,46.21216
23.753618,61.320104
23.725383,61.432832
23.763974,61.336849
2.223,43.57952
22.58294,48.3772
22.59726,48.33151
22.59783,48.33373
-0.68353,46.30578
-0.19432,47.09797
11.349783,51.763212
10.953735,51.581577
10.959713,51.587671
10.957188,51.583873
10.968755,51.578304
8.511846,49.460274
11.962695,51.485509
11.412875,51.226227
11.418508,51.226254
12.097503,51.966496
11.909411,51.519821
11.046511,51.901138
10.99571,51.893272
11.605645,52.139855
12.101261,51.953231
10.956302,51.535589
7.949756,48.478731
10.957309,51.495923
10.974682,51.488579
12.278182,51.671739
12.254946,51.852257
12.232457,51.839352
13.147152,51.756505
12.570431,51.954218
12.354199,51.962849
12.552943,51.878096
11.31931,51.78457
11.30875,51.794889
12.257045,51.616428
12.223538,51.798178
11.291446,51.817212
11.249555,51.68268
11.252059,51.683045
7.996978,48.481334
11.450918,51.594552
11.190702,51.673067
11.162693,51.666105
12.672876,51.880221
12.070992,51.962753
11.117368,51.649122
11.464971,51.634771
11.080429,51.469947
11.136717,51.66726
10.81003,51.826968
12.740473,51.857282
12.2988,51.816101
12.206667,51.85251
12.30865,51.6632
12.094436,51.44841
11.843803,51.604618
11.305949,51.72272
10.677034,51.864439
11.764802,51.431791
12.037618,51.467262
11.336607,51.734491
11.505213,51.666946
11.971805,51.766982
11.975426,51.749322
11.945358,51.461305
11.705702,51.736844
11.564867,51.763281
11.527244,51.752322
11.518294,51.749099
11.488814,51.746431
11.54153,51.704561
11.542028,51.864772
11.372153,51.836729
11.381146,51.835164
11.512865,51.517537
11.873643,51.531882
10.974771,51.64398
11.898614,51.646702
11.929374,51.519239
12.000443,51.517642
11.459137,51.750729
11.746247,51.638315
10.654157,51.764947
10.720356,51.742737
11.523741,51.18966
11.146233,51.790147
11.596878,52.533699
11.630112,52.179947
12.300814,51.672588
11.537239,51.566733
8.178812,48.284942
8.032769,48.338957
12.250816,51.88841
9.011709,53.119415
12.151009,51.788747
11.111849,52.190559
10.727221,51.699789
12.915397,50.814368
8.21238,48.743037
7.41172,51.490335
7.29618,51.480535
10.696892,51.743228
10.670257,51.760222
12.430573,51.609401
12.481933,51.605328
11.556732,52.261869
11.63703,51.475324
11.973154,51.543716
10.78062,51.832021
11.774249,52.317952
11.477843,52.159943
12.031795,51.440643
10.849779,51.864809
10.821502,51.862285
11.079568,51.623698
11.970998,51.503259
8.185856,48.93946
9.936663,52.15415
9.231628,49.153014
8.002329,48.479079
7.806586,48.555409
12.380557,51.659938
8.236389,48.465877
11.142837,51.456431
8.088018,48.355953
12.26891,51.792698
11.794088,51.510148
8.029592,48.331628
8.05193,48.340449
8.047321,48.328444
11.445963,52.15608
11.282758,52.882847
12.308766,51.771831
11.108895,51.773009
11.070492,51.756419
11.16621,51.795696
11.184348,51.805081
12.229312,51.875888
8.916175,49.461005
8.976994,49.468317
11.652644,52.130557
8.817125,49.418183
8.836988,49.416566
8.834369,49.413371
8.801873,49.392363
11.121967,51.669099
11.18361,51.889619
11.558428,51.560621
7.962699,48.441974
7.997977,48.416148
11.600286,51.380993
11.384132,52.284361
11.210997,51.939009
10.712382,51.892171
11.353416,52.28568
11.34421,52.153486
11.399839,52.165705
11.480724,52.114533
11.459846,52.30669
11.5179,52.27135
11.168542,51.872711
10.73131,50.62145
11.119355,52.15375
11.296639,52.282198
12.507716,51.952979
11.557143,51.525143
10.907755,51.867691
11.324672,51.838886
11.229045,51.712859
10.495452,51.442495
11.78125,51.673223
12.850342,53.417311
8.468572,49.478047
2.16578,49.13478
3.20011,48.90874
0.39358,43.11421
2.49741,48.69449
2.47899,48.38672
6.11234,49.9784
4.79846,44.82498
4.36372,44.50532
-0.93957,43.39611
6.91858,46.39464
8.4932,47.33747
8.33229,47.13291
8.51185,47.34231
8.55732,47.38741
8.92857,47.22646
9.18169,47.46279
9.18103,47.42809
9.16095,47.43442
9.22846,47.39988
6.86689,46.98113
6.14711,46.24999
8.30969,47.12094
8.42356,47.40183
6.07371,46.20339
8.33752,47.13017
8.77878,47.50738
9.20276,47.41464
9.31169,47.45061
5.37865,45.93439
5.70026,45.87093
1.31217,44.84023
1.27487,45.86977
2.11037,49.05434
0.74687,47.3987
2.34563,48.70798
2.28113,48.72087
6.11886,45.88662
6.13254,49.8495
-8.15239,42.28514
-8.57297,42.86384
7.35001,47.77495
7.28023,47.77589
7.29458,47.75767
7.24604,47.74093
2.36451,48.72687
-1.04207,43.51873
-3.215275,55.891987
0.54736,45.14108
3.23534,48.08839
-0.69915,45.84082
8.05107,47.39271
8.23201,47.49035
7.7993,47.55467
8.16197,47.41747
8.28506,47.57823
7.45881,46.28412
8.98035,46.40971
6.53051,46.56629
8.2311,46.91657
2.70116,43.60214
2.79237,43.50126
2.79126,43.5007
-8.891619,52.715903
-9.207684,52.725867
-9.047511,52.823812
-9.458487,52.678834
-9.187435,52.830403
-8.894496,52.943139
-9.289973,52.7055
-9.252741,52.712459
-8.860962,52.767261
-9.380801,52.681651
-9.221769,52.721409
-9.322956,52.700284
-9.327669,52.823841
1.8579,46.16587
1.58221,46.09194
1.88196,46.17539
1.47886,46.23593
1.77544,46.01564
1.60874,46.28953
1.11639,45.8085
1.85872,46.16772
1.19069,45.83801
1.84545,45.95955
1.30579,45.89426
1.20648,45.81986
0.88968,45.8965
1.98962,45.78263
1.20572,45.95999
2.14771,45.98678
1.26024,45.81965
2.01141,46.00765
1.75091,46.0534
1.29519,45.93894
1.73323,46.05189
1.19821,45.95811
1.1086,45.88766
0.83977,45.88439
1.95285,46.03969
1.66212,46.30379
1.85192,46.05144
1.20228,45.88586
1.27239,45.94476
2.16734,45.82683
1.12529,45.79973
1.20453,45.7827
1.09123,45.85097
1.21044,45.94736
1.30485,45.96277
2.1607,45.81761
1.76222,46.25589
1.08041,45.85589
2.16709,45.88843
1.38528,46.20387
1.17682,46.12419
1.73578,46.04128
1.02815,46.15097
1.32654,45.83079
1.5146,46.21175
0.8061,45.76145
1.26476,45.88653
1.06351,45.93745
1.24662,45.88002
1.79982,46.04552
1.67731,46.25182
2.17198,45.83462
1.75685,45.96642
0.93752,45.92319
0.37704,45.48132
0.5463,45.81478
-3.273668,55.896276
-3.336378,55.859668
1.32116,45.14274
-1.294728,53.072593
-1.287422,53.153452
-1.115916,52.9851
-0.773686,52.919135
-1.257192,52.998652
-1.109793,53.137874
-1.20558,53.050457
-1.032444,52.854101
-0.780869,53.192494
-0.959775,53.098004
-0.804567,53.039912
-0.968745,53.347084
-1.159783,53.104078
-1.269524,53.062552
-0.948333,53.077228
-1.024795,53.062597
-1.304914,53.088833
-1.14289,53.12733
-0.928,53.294588
-1.00268,53.37344
-1.055989,52.9325
-1.238636,53.121688
-1.233831,52.971535
-1.153635,53.26494
-1.084352,53.27971
-1.155813,53.001571
-0.906624,53.250347
-1.005455,53.383351
-1.220561,53.04696
-1.148703,52.832517
-1.336336,53.084518
-1.061364,53.027832
-0.985152,52.971471
-1.167997,52.832654
-1.04135,52.989018
-1.055008,53.045761
-1.115383,53.011166
-0.791708,53.073044
-1.134552,53.170418
-1.066084,53.292153
-1.085369,52.879691
-1.063567,53.201343
-1.000932,53.190947
-1.243729,53.17206
-0.96343,53.070169
-0.836226,53.414183
-1.187891,53.197761
-0.86988,53.279669
-0.970614,53.331819
-1.12208,53.121785
-0.803098,53.092936
-1.145382,52.850472
-1.064834,53.417989
-1.094072,53.174611
-1.124503,53.369901
-0.906111,53.387876
-1.01039,53.040004
-1.195018,53.296688
-0.892497,53.042561
-0.924998,53.175004
-0.909739,53.009459
-0.847982,53.089783
-1.018869,53.126373
-0.817858,53.208149
-0.975386,53.195224
-1.202566,52.646802
-1.154847,53.051006
-1.331335,52.635013
-0.855602,53.36493
-0.970955,53.442386
-0.809478,53.348298
-1.016701,53.090397
-1.069611,53.26791
-0.99774,53.006637
4.16803,44.0237
0.0598,48.07807
5.37568,48.54008
5.32441,48.48827
-2.316028,55.805458
0.13285,42.99912
0.25712,42.95887
0.07102,43.04068
0.20526,42.99929
-8.629738,52.672337
-8.641432,52.663289
18.1607,50.3067
20.1294,52.5092
18.8533,50.2616
17.3008,50.4256
3.8791,43.6144
19.01997,50.25335
19.0072,49.9113
19.2,50.3297
19.1284,50.2812
18.9132,50.3155
18.6721,50.296
19.0451,50.2734
18.8391,50.1502
18.4491,50.1913
18.9542,50.2979
19.2255,50.3167
19.271,50.2028
18.8086,49.7228
19.2254,49.8882
20.3796,49.7901
18.9777,50.2809
18.9123,50.2807
19.0269,50.3053
19.22828,50.17307
19.0872,49.5578
18.9469,50.3832
18.9226,50.4918
18.2095,50.3451
19.0266,50.2325
19.6766,49.73
20.8625,51.1161
19.0661,50.023
18.7138,50.4033
19.1076,50.8127
18.7412,50.5135
18.8269,50.2687
18.5398,50.0953
18.2664,50.0239
19.0105,50.1592
19.2532,50.3124
0.97364,45.57616
0.97284,45.59616
0.39212,46.58772
0.97084,45.53601
-0.64102,46.28516
8.917905,49.133446
8.904681,49.134833
8.912401,49.115119
1.4061,46.00306
14.864593,55.128549
9.912772,56.036097
9.37574,55.032603
9.723377,54.918405
9.117028,55.461027
8.359027,56.122152
12.468023,55.819341
9.612925,55.545034
9.39202,54.87133
9.397545,55.532455
9.370338,55.513515
9.94773,56.670095
9.224504,55.379897
9.633862,55.971698
-0.352885,51.624662
6.76224,51.436962
3.76109,51.04847
3.32795,51.2544
3.27354,50.83706
4.03806,50.95896
3.71862,51.01428
3.79367,51.04127
3.79334,51.04262
3.33769,51.25125
3.97754,51.13028
3.55082,50.98225
3.43309,50.75109
3.69225,51.05523
3.84155,51.15532
3.95633,51.17344
3.91497,51.17018
2.96961,51.1813
3.87991,50.76574
3.06482,50.77951
4.07879,50.87555
3.49964,50.79247
2.60839,51.0711
3.62905,50.87724
3.33267,50.88215
3.1401,50.79456
4.05952,50.92054
3.44157,51.2344
3.57162,51.12127
3.55596,51.04108
3.24081,51.3136
3.36482,50.71909
2.83212,51.16496
2.83568,51.1656
3.48707,50.78501
3.96633,50.80427
4.03041,50.83535
3.71773,50.98607
3.65662,50.95566
3.2302,51.22267
3.19811,51.21826
3.00065,51.19092
3.67247,51.08985
3.83251,51.15103
3.58896,51.01288
4.02365,50.83298
3.4945,50.97307
3.14725,50.94324
3.27995,51.27815
3.45572,50.94665
3.4283,50.74843
3.31904,50.87072
3.61249,50.84443
3.24992,50.82741
3.2472,50.82685
3.25773,51.29784
3.86937,50.76417
8.087479,47.175674
16.246161,48.019496
3.859411,51.001648
4.085207,51.04977
3.97038,51.02021
4.397074,51.074795
3.878761,51.008615
4.387873,51.21914
4.083088,51.049954
4.366695,51.08169
4.332992,51.183541
4.133824,51.106154
4.019251,51.006821
4.098108,51.035614
3.821004,50.997202
4.31161,51.106115
4.323024,51.289674
4.023035,51.097196
4.194541,51.079063
4.257954,51.113674
4.330213,51.140467
4.042145,51.019942
4.122182,51.104628
1.09339,45.17037
10.933922,53.241125
1.6799,45.75009
5.74334,45.3794
-1.10713,45.22583
1.39446,45.80942
-2.04,43.1
-2.74,43.23
-2.03,43.27
-2.09,43.11
-2.23,42.98
8.48,45.93
8.41,45.8
8.58,45.7
-2.89,43.23
-2.07,43.13
-2.08,43.11
-2.95,43.26
-2.5,43.18
-2.26,43.19
-1.97,43.25
-2.025816,43.226578
-2.127243,43.08938
-2.041909,43.196746
5.3151,47.80437
-1.296879,50.70257
-1.297738,50.645021
-1.253613,50.662732
-1.234362,50.628434
-1.399161,50.677062
-1.220702,50.684999
-2.384556,50.72114
3.66356,49.94548
33.7112,52.01748
7.843176,47.972571
7.880802,47.991875
-6.743941,58.195214
7.634994,51.628169
1.91334,45.48591
2.30731,45.4186
2.21198,45.27787
1.65129,45.04981
7.781111,45.481111
14.654617,49.772517
14.230014,50.990647
20.002799,47.884003
8.270388,49.254125
11.206226,49.236095
1.02562,44.85642
7.83649,48.000194
12.941723,48.212949
-3.977213,57.512513
-5.572611,57.791139
-5.093363,56.887852
-3.40414,58.580175
-5.035858,56.887466
6.612438,51.657059
3.38195,43.78007
-4.325546,55.861123
-4.18973,55.72139
-3.830564,55.835685
-3.858734,55.786833
-4.151921,55.900231
-4.084624,55.83848
-4.155268,55.863083
-4.18086,55.845798
-4.170411,55.944843
-3.947245,55.740366
-4.140284,55.741108
-4.237872,55.789915
-4.248841,55.916474
-4.21738,55.926032
-4.259442,55.719722
-3.887832,55.839376
-3.957555,55.757287
-4.196118,55.705835
8.698382,50.592855
8.667612,49.414826
2.48849,44.27802
2.24812,44.5843
2.39735,44.28426
2.25562,44.5605
2.30774,44.31565
2.34073,44.55224
2.32167,44.3551
2.42027,44.38241
2.0444,44.18828
2.68382,44.8188
2.19314,44.58219
2.27675,44.40503
2.23479,44.55949
2.25182,44.54038
2.14278,44.35167
2.21366,44.36835
2.17977,44.49767
2.24232,44.17509
2.35149,44.27038
2.25149,44.16982
2.49602,44.36951
2.85955,44.6588
2.43556,44.2781
2.18831,44.3739
2.54501,44.37417
2.60685,44.28381
2.02168,44.55189
2.20509,44.58702
2.10243,44.33679
2.16798,44.4414
10.381328,51.053169
1.733,44.953
-0.548,45.492
1.826,44.899
8.588562,50.073447
1.747899,43.723378
6.885736,50.271533
8.674908,49.41706
7.808082,48.028746
1.6861,45.18616
3.785965,51.176606
8.803507,53.090206
-0.70893,46.29019
7.170358,51.276421
12.943182,50.790257
13.399753,52.14343
-5.07285,56.838022
-5.075681,56.832559
-4.948994,56.889548
-5.041903,56.881027
-2.654703,55.985583
-2.776753,55.917486
-3.657849,55.829696
-2.820175,55.927987
-3.670653,55.830422
-2.866219,55.911498
-3.656521,55.836005
-2.87796,55.864692
-2.865279,55.869274
-2.75745,55.912215
-3.505214,55.928708
-2.898292,55.914862
-3.068304,55.813766
-2.84408,55.923333
-2.621785,55.931844
-3.976844,55.886093
7.29228,51.966496
9.927823,51.542979
7.057858,50.981938
7.160854,51.260733
6.452718,50.891039
7.21181,51.482901
12.753925,48.869006
2.60162,49.01085
2.61582,48.99057
2.63033,49.0031
2.5827,48.89429
0.96167,45.87302
8.971982,47.737201
9.919882,53.739879
14.916687,50.993555
1.30826,46.2544
12.400672,50.712942
6.431268,51.358786
9.65012,53.75019
8.475782,50.05681
6.403158,51.363483
13.248997,52.445548
9.028659,48.429827
7.368844,51.5343
12.748484,50.870534
7.019926,51.448735
2.35151,46.18648
1.50269,46.19818
8.088953,51.377593
7.760553,49.460705
11.544693,48.109845
25.815428,53.584008
6.965203,46.929371
20.285577,54.722707
8.098407,45.175879
7.248155,44.902223
6.945347,46.993581
25.835137,53.612718
6.265427,52.471546
11.075016,47.58349
8.960155,49.611603
8.446243,45.81888
4.751795,52.632261
8.712303,50.10598
15.42563,46.894874
12.432109,51.352105
12.349894,51.327849
8.559132,49.347787
19.184258,49.665659
15.686212,47.118599
7.4056,44.5999
6.211748,46.174857
18.774902,53.039096
6.6499,53.2355
8.795308,49.487152
44.180012,56.16001
18.589318,53.00887
10.393222,63.40649
7.453744,44.682839
-8.63535,42.105042
6.806584,53.31799
7.001305,49.228997
11.484908,48.151447
25.818333,53.582626
30.206218,50.507757
37.259013,58.510153
23.798008,52.562782
9.970058,45.148744
37.798633,55.739298
5.35319,50.93448
-6.401349,42.718558
24.566112,48.287115
9.080243,48.546365
16.926685,52.364664
-8.559172,42.387786
19.537987,49.623017
13.602533,46.508385
0.291836,47.250932
7.452943,52.71908
30.214329,50.508987
7.198398,44.858705
8.352424,49.406966
9.200903,45.528502
9.199458,45.362967
15.77652,46.703807
20.013653,44.160038
20.88307,49.969817
-8.624552,41.527127
14.570646,50.682713
2.419947,48.970763
5.995828,51.859608
-4.868429,55.854153
-4.628949,55.881078
-3.278897,57.593391
-3.529675,57.269877
-4.4223,55.849369
-2.546366,55.576388
-4.913721,54.895684
-1.93591,57.453749
-2.241497,55.777738
-3.778918,56.105799
-2.435604,55.743059
-3.350283,57.397705
-3.733174,56.158452
-3.105694,57.61928
-2.646112,55.468974
-4.197617,54.905793
-2.288731,55.697668
-3.428078,55.133434
-2.810098,55.443737
-4.587715,55.862178
-2.450245,55.596591
-2.146123,57.117408
-3.275355,57.444302
-2.36491,56.892766
-3.763378,56.149937
-2.890592,57.585946
-3.292027,58.478058
-3.663929,56.64103
-4.419669,55.729881
-2.688748,57.614155
-3.210061,57.535678
-5.036253,56.570903
-4.565015,55.857261
-4.425256,57.597922
-3.63485,57.621628
-3.102169,56.191739
-2.538561,55.50904
-5.495086,56.266485
-3.648705,56.1619
-3.186888,57.542186
-2.091608,55.763565
-3.000785,55.856566
-4.574285,55.828305
-3.00527,57.620119
-4.821513,55.253525
-2.795845,57.536274
-3.668501,56.633781
-3.65885,56.228358
-2.791436,55.221906
-4.321824,55.98612
-3.199986,55.889343
-3.408762,57.317108
-4.481389,55.823923
-2.817272,55.178602
-2.971479,57.545824
-3.189973,55.721893
-3.958533,56.174361
-2.957675,57.656419
-4.733814,55.711018
-3.398357,57.610991
-6.582344,57.43664
-3.943534,56.371721
-4.866065,55.140869
-4.777619,55.263216
-5.559701,56.72218
-2.810208,57.656552
-3.325457,57.63154
-2.262592,57.241183
-4.435,57.490803
-3.194974,57.534025
-2.9393,55.292746
-4.560818,55.890605
-2.922116,55.907498
-3.140462,57.553394
-5.215836,55.916534
-3.456342,55.905932
-3.690668,55.91816
-2.693408,57.507236
-4.872742,55.890908
-4.506514,55.922776
-3.282689,57.653541
-4.811502,55.906705
-2.992891,55.860224
-4.211124,56.237097
-2.269194,57.094512
-4.702422,55.902856
-2.284671,55.795615
-3.931704,55.679222
-5.333142,57.48101
-2.243413,57.096595
-2.896928,57.09452
-6.168949,56.620028
-4.0924,55.678088
-4.495198,55.479914
-5.563369,55.746058
-4.467101,55.774777
-2.355951,55.837704
-2.694461,55.609783
-2.195763,55.788008
-3.096874,55.524173
-3.132522,59.008578
-3.91263,54.987165
-3.182152,57.499111
-5.442907,56.361719
-3.087808,55.892209
-3.619979,57.550847
-3.996659,56.148499
-3.456617,57.282289
-2.212909,55.797557
-4.368662,57.892911
-5.24455,56.556217
-3.238139,57.477014
-3.849497,56.153764
-6.282079,57.480223
-4.337805,56.117933
-4.409197,55.740873
-2.477567,57.209109
-2.577005,55.502566
-4.235256,57.554929
-3.409533,55.587338
11.737218,43.756257
11.588559,43.555379
16.77667,49.405
16.88556,48.75778
18.70833,49.63361
17.74056,48.92583
18.05417,49.10778
3.77367,44.16429
3.21389,44.43067
3.66571,43.80373
15.41861,47.16472
15.41861,47.09472
-7.448781,54.168725
-0.034977,52.147654
-1.955214,52.388363
-4.332107,50.484374
-0.193208,51.046826
0.238781,52.243486
-7.456519,54.162471
0.236916,51.855954
-6.087421,56.621073
-4.731933,55.275089
-0.363199,51.242675
-4.228518,50.499896
2.63042,42.45383
-1.519205,52.608999
-1.226698,52.531306
-1.251505,52.637232
9.46,50.07
9.64,49.79
10.04,49.67
11.37,48.57
11.19,48.1
12.29,49.02
9.04,50.07
12.04,48.32
9.29,49.67
12.21,49.07
11.96,47.87
9.12,50.07
10.04,49.77
11.15,48.02
10.87,48.42
9.54,49.92
12.54,49.42
10.96,48.07
10.45,48.66
9.21,49.72
-1.186684,52.702207
5.46627,50.35626
5.25909,50.48568
4.74545,50.77663
3.64125,50.69883
6.05267,50.44665
5.9555,50.39317
4.88102,50.72325
5.68228,50.00359
5.03029,50.49385
4.8315,50.71646
4.07108,50.64222
4.89405,50.29559
5.25704,49.70059
5.78491,50.04625
5.2514,50.3834
5.92163,50.17457
4.96794,50.33492
4.52364,50.42058
4.4098,50.17713
5.52138,50.54241
6.01285,50.31123
5.91915,50.52136
4.95704,50.68293
4.14895,50.6662
4.27036,50.41458
6.13427,50.27382
5.97771,50.65894
4.09227,50.58991
3.29523,50.54393
5.83809,50.35648
3.73005,50.62047
4.86869,50.67126
5.67001,50.79547
5.5355,50.74878
4.38402,50.71654
5.01006,49.91433
4.42687,50.4605
3.67163,50.74453
5.68738,50.38679
4.68504,50.77176
5.70249,50.30847
4.82961,50.37849
5.38526,49.92083
5.25561,50.69273
3.76409,50.57581
5.88008,50.39222
6.13743,50.69086
4.84056,50.74152
3.57693,50.59103
4.21065,50.32116
5.7885,50.12786
4.27797,50.59687
4.85161,50.20841
4.43924,50.52576
4.98761,49.91749
5.41354,50.48224
4.34543,50.60827
5.61453,50.10329
5.45088,50.67942
4.17107,50.0266
5.5926,50.4507
5.14991,50.3383
4.81503,50.62772
3.61396,50.65425
4.76488,50.7615
5.36531,50.67013
5.18208,50.35696
4.49637,50.03311
5.39105,49.91199
4.68047,50.33562
3.23058,50.74652
5.28146,50.09103
4.85124,50.38023
4.16056,50.67069
4.54069,50.60548
3.33223,50.71308
5.07617,50.40684
3.63153,50.60671
5.24358,49.77306
4.95906,50.68327
4.86369,50.56991
6.09463,50.28368
5.83769,50.10579
4.33505,50.059
4.66955,50.60673
4.88891,50.09055
5.75871,50.45567
4.20963,50.69363
4.11939,50.69941
5.35285,50.2266
5.00075,49.91857
4.10906,50.66164
4.37763,50.69389
5.8726,50.3933
5.06968,50.31308
6.16355,50.23235
5.20147,50.30503
5.4571,50.55147
5.9044,50.26351
3.40302,50.65686
3.32252,50.64861
9.88,50.34
9.74,50.31
11.59,49.94
11.95,48.51
11.51,50.06
11.77,47.89
13.45,48.57
11.81,50.09
9.91,50.08
13.21,48.77
9.46,50.02
12.14,49.59
10.45,48.12
11.98,50.34
11.26,48.22
11.46,47.75
11.88,47.7
11.81,49.76
10.09,50.23
13.62,48.72
10.12,48.12
11.69,50.04
9.37,50.07
11.49,48.19
11.56,49.96
11.57,48.13
11.04,48.37
11.11,48.19
11.53,48.11
11.53,48.16
10.9,48.73
11.14,48.23
10.71,48.17
11.64,49.93
12.14,49.74
11.31,50.24
11.96,50.27
11.65,48.18
11.71,48.57
11.61,48.18
11.71,49.97
11.69,48.04
11.73,50.01
11.15,48.06
11.61,48.12
11.57,48.18
11.61,48.16
11.7,48.14
11.54,48.07
11.77,49.94
12.04,48.07
11.43,48.13
11.6,50.06
11.72,48.13
10.62,48.17
11.69,50.06
12.21,49.92
11.37,50.47
11.96,49.87
12.37,49.82
11.31,49.94
12.5,49.06
10.8,48.44
12.37,49.77
10.47,48.64
11.64,48.22
12.54,49.52
12.13,50.03
10.57,48.49
12.37,48.02
11.96,48.92
11.68,48.11
13.71,48.77
11.52,49.99
9.71,50.02
10.12,49.97
11.98,47.69
11.53,48.17
11.63,48.16
11.37,49.77
11.58,49.94
12.29,49.07
9.87,49.72
11.48,48.1
11.44,48.18
10.46,49.77
10.04,49.82
11.54,48.23
11.71,49.57
9.52,49.76
10.85,48.66
9.12,50.12
11.96,49.62
12.21,49.67
10.71,48.37
9.71,50.07
12.21,49.87
11.94,50.31
12.23,50.01
11.29,50.22
12.29,50.02
11.96,49.92
11.85,50.04
12.04,49.87
10.89,48.59
11.16,48.19
11.96,49.02
13.37,48.72
11.43,47.61
11.21,48.52
9.8,49.76
10.46,49.67
12.04,47.92
9.12,49.87
9.91,49.79
11.38,48.17
9.79,50.02
12.04,50.12
10.65,48.84
12.62,48.02
12.09,50.1
13.04,49.17
12.21,49.62
11.33,48.2
11.65,48.08
10.12,48.42
11.66,48.12
12.04,49.32
10.37,48.27
11.2,48.14
11.21,50.22
11.4,48.21
10.29,49.52
9.84,49.77
11.68,48.08
11.46,50.32
12.04,49.72
11.79,49.52
11.59,48.23
12.12,49.02
10.94,48.64
12.37,49.57
12.46,49.52
11.87,49.72
11.87,49.62
13.12,48.72
12.04,50.07
11.37,50.42
12.04,50.27
11.87,49.42
11.87,50.17
12.12,49.07
10.04,50.02
11.96,49.42
11.62,49.97
10.96,50.17
11.96,50.12
11.96,50.17
10.94,47.78
12.54,49.57
12.46,47.67
11.79,48.07
12.04,50.32
12.46,47.72
9.87,49.82
9.21,50.02
12.21,50.07
11.71,49.87
10.41,48.57
10.61,48.97
10.62,48.27
12.96,47.57
9.54,50.12
10.52,48.49
9.37,49.77
9.62,49.87
10.21,48.12
11.35,48
11.41,48.15
11.85,49.99
12.27,49.46
11,48.04
11.03,48.11
10.79,48.37
13.46,48.52
11.46,48.21
11.28,48.17
12.29,48.82
12.87,49.27
9.21,49.92
11.18,48.18
10.46,48.27
12.14,49.81
10.61,48.48
11.87,49.07
11.72,48.09
10.12,48.47
11.79,48.52
11.69,50.09
11.23,48.27
10.54,48.12
11.66,49.91
11.21,49.87
11.87,50.27
11.77,50.09
12.53,48.89
11.06,49.71
11.6,49.91
11.98,49.81
11.63,49.97
11.64,50.09
11.37,50.37
11.29,50.32
11.37,49.62
9.37,49.82
11.73,50.09
10.7,48.59
10.46,49.07
10.71,49.62
11.87,49.77
11.56,50.19
12.37,49.52
11.77,49.99
13.04,48.62
10.05,50.18
11.47,48.08
9.21,49.87
12.87,48.42
11.87,49.02
10.51,49.02
12.21,48.97
11.29,48.57
11.46,48.29
11.46,50.07
12.21,49.02
11.96,49.72
12.04,49.07
11.71,50.32
11.96,49.77
11.54,50.37
11.21,49.37
11.7,47.88
13.04,48.52
12.21,49.52
11.59,48.08
10.73,48.96
9.04,49.82
11.29,50.47
12.37,49.97
10.46,48.12
11.39,50.09
12.37,47.87
12.37,47.82
12.96,49.22
10.07,50.27
11.55,50.09
11.44,48.09
13.71,48.52
10.54,48.37
9.56,49.74
11.37,48.97
9.6,49.79
11.96,48.02
10.73,48.66
11.35,47.96
12.29,47.72
11.03,48.32
12.04,48.22
11.71,48.52
10.07,49.57
11.24,48.11
10.54,48.22
11.87,47.92
12.86,48.78
10.79,48.32
12.74,48.57
12.57,48.58
10.12,49.77
13.04,49.22
11.46,49.47
12.07,49.13
11.85,50.11
12.62,49.17
11.72,47.98
12.12,47.82
11.77,50.04
11.56,47.76
10.46,49.22
10.54,48.27
11.68,48.17
11.24,48
11.96,50.32
11.4,48.08
10.71,48.22
11.21,50.27
12.29,49.87
13.21,48.82
11.37,48.17
11.78,47.94
13.29,48.87
12.15,49.21
12.87,49.17
11.87,48.07
12.04,49.52
10.48,48.61
12.96,48.42
10.64,48.66
11.04,50.27
11.71,50.22
11.71,49.72
13.62,48.67
12.87,48.47
12.12,50.17
10.63,48.92
9.87,49.97
12.18,50.17
10.09,49.57
10.39,48.66
12.37,49.22
11.45,47.73
12.29,47.77
9.12,49.82
10.79,48.27
11.81,50.01
10.77,50.34
10.65,48.67
11.56,50.06
10.99,48.69
12.21,48.07
12,50.04
10.32,48.61
10.6,49.56
10.71,48.42
10.78,48.94
11.77,50.16
9.97,50.29
11.72,47.76
11.54,49.37
12.63,48.73
12.19,50.01
12.65,48.57
9.29,49.97
11.71,48.27
12.22,49.19
10.51,48.57
11.74,48.46
11.94,49.99
11.87,47.71
11.6,48.01
13.54,48.57
10.37,49.57
11.37,49.37
13.21,48.67
11.31,48.34
11.36,48.06
10.62,49.62
11.62,50.17
11.19,48.21
11.45,48.21
11.79,50.17
13.12,48.57
11.79,50.07
11.46,50.12
12.37,49.67
11.1,48.05
9.91,50.27
12.21,49.77
10.54,49.32
11.29,50.37
11.96,49.97
9.12,49.92
11.53,49.94
13.13,48.96
12.04,47.87
9.54,50.02
10.68,48.56
10.13,50.13
9.64,49.84
11.29,50.27
11.46,48.92
11.71,50.17
11.04,50.37
12.12,49.72
10.96,50.37
11.46,50.47
11.46,50.17
12.12,49.57
12.12,49.52
11.64,50.06
12.37,49.87
11.39,50.01
10.62,49.47
12.12,49.77
11.73,50.39
11.56,50.01
12.21,49.97
11.37,50.27
11.69,49.96
9.54,50.17
11.05,48.44
11.62,50.12
11.74,48.07
11.93,48.82
11.96,49.07
11.94,50.01
13.37,48.57
11.94,49.91
11.48,49.91
11.89,50.31
11.82,48.07
12.46,47.77
9.29,49.72
13.04,48.67
12.19,49.46
11.79,50.27
10.79,48.42
11.46,50.22
10.8,48.71
9.37,50.12
9.64,49.81
9.96,49.72
10.21,50.42
9.12,49.62
11.54,49.72
11.89,50.11
11.46,49.67
10.54,48.17
12.79,49.17
12.04,49.67
11.62,48.37
12.11,50.13
12.95,49.23
12.46,49.32
12.53,48.58
12.54,48.02
10.79,48.12
11.06,48.14
10.34,48.52
9.12,49.97
12.43,49.18
10.53,48.92
12.62,49.12
11.54,50.12
11.83,47.77
10.21,48.32
13.71,48.62
10.47,49.03
11.87,49.92
9.21,49.97
13.04,48.72
11.54,50.17
11.71,50.07
11.73,49.94
10.7,48.44
10.52,48.64
10.29,50.42
9.62,49.92
13.21,49.07
12.12,50.02
9.21,49.57
10.54,48.32
11.44,48.25
11.27,48.1
10.29,48.42
10.71,48.12
11.96,48.82
13.29,48.62
12.04,48.97
9.46,49.77
11.36,48.27
11.4,48.09
10.21,49.77
9.29,50.02
9.78,49.79
11.65,47.97
11.74,48.39
12.28,49.13
11.16,48.14
13.62,48.52
9.21,49.67
9.12,50.02
9.37,49.97
11.13,47.53
11.96,47.92
12.12,47.92
10.71,48.32
10.87,50.02
10.21,49.62
11.46,49.32
12.62,47.87
11.12,50.27
12.87,47.57
9.04,50.02
11.85,47.75
10.96,50.27
11.71,49.82
12.04,49.97
11.06,48.07
12.12,47.87
10.12,49.67
13.46,48.67
11.99,48.39
11.46,48.52
10.95,48.89
12.31,50.01
11.52,50.01
12.46,48.02
11.96,49.57
13.21,48.37
11.88,48.97
9.95,50.23
9.62,49.82
10.2,50.19
10.79,48.17
10.36,48.57
11.56,48.28
10.04,49.87
9.95,50.26
9.21,49.66
13.12,48.62
11.36,48.3
12.37,47.77
11.37,50.22
12.46,49.67
11.96,50.02
11.87,49.87
11.96,49.67
11.87,49.57
10.98,48.51
9.56,49.76
11.71,49.77
11.71,50.37
9.71,49.97
12.29,49.92
11.79,49.72
9.21,49.62
11.71,49.52
11.87,49.52
11.04,50.32
11.89,50.01
10.37,49.77
13.46,48.42
12.14,50.26
11.31,49.99
12.37,47.72
10.85,48.86
11.82,48.46
10.29,49.42
10.29,49.32
11.27,48.27
9.78,50.27
9.97,50.17
11.44,49.59
11.86,48.19
11.06,50.14
13.46,48.57
12.2,48.18
11.77,50.36
11.79,49.77
11.29,48.62
10.64,48.54
13.21,48.27
12.04,49.62
10.11,50.16
11.69,49.36
11.04,50.22
12.46,49.87
9.68,50.26
11.6,49.84
10.62,49.02
11.54,47.77
12.45,48.92
9.87,49.67
11.46,50.27
11.46,50.42
11.56,48.22
9.37,50.02
11.37,50.52
11.87,49.82
12.04,49.02
13.12,48.67
10.96,49.62
12.46,49.97
11.87,50.07
11.62,50.37
11.54,50.32
10.09,50.19
11.96,49.52
11.37,50.32
12.87,47.77
11.6,50.01
11.79,50.42
10.38,48.67
11.71,50.27
12.03,48.34
12.62,49.52
11.21,49.67
10.12,48.17
13.46,48.62
9.62,50.07
10.04,49.57
10.12,49.92
10.79,48.22
11.37,48.92
11.14,49.89
10.62,48.12
11.64,50.04
10.24,50.21
12.62,49.42
10.22,49.51
10.79,49.67
10.29,49.22
11.12,49.92
12.29,49.82
12.96,48.24
11.79,49.87
11.46,50.37
10.04,49.72
10.29,49.72
11.96,50.22
11.46,47.72
11.21,48.62
11.46,50.52
11.54,47.72
11.81,50.06
12.21,50.17
9.8,50.19
11.54,50.27
10.96,50.22
11.79,50.22
11.46,49.62
11.12,49.42
10.04,49.97
12.04,49.57
11.21,49.62
9.96,49.77
9.79,49.97
9.37,49.67
12.12,49.62
9.29,50.07
9.62,50.12
12.12,49.67
1.13228,49.50157
1.08607,48.90584
0.67832,49.51597
0.85916,49.43025
0.4368,49.65118
1.16841,49.54016
0.73015,49.42508
0.91623,49.37397
1.16279,49.43558
1.18917,49.19882
0.60569,49.43133
1.15985,49.46693
0.59148,49.18113
1.6489,49.32903
1.11072,49.79183
0.16843,49.522
1.04169,49.49609
1.1716,49.4581
0.49123,49.50368
1.17759,49.47664
0.9512,49.69783
1.25657,49.23953
0.74306,48.9064
0.61301,49.80453
0.90836,49.7805
1.65241,49.53115
1.06965,49.22798
1.3284,49.42455
0.44803,49.47437
1.73658,49.80786
0.83593,49.63722
0.52719,49.74345
1.5378,49.62825
1.1183,49.74667
0.53834,49.51782
1.36818,49.84278
0.76211,49.65427
1.72366,49.4858
0.80757,49.5709
1.38657,50.01271
1.40951,49.23977
1.12553,49.03629
0.51565,49.00152
1.12755,49.35177
0.34692,49.66859
1.20349,49.31138
1.63743,49.48866
0.20754,49.5964
1.25425,49.81292
0.99496,49.45934
0.54952,49.4547
1.68598,49.64248
0.99251,49.30566
1.23715,49.00399
0.97248,49.8448
1.44648,50.02108
0.64903,49.73563
1.31977,49.04061
0.8015,48.68263
1.33868,49.0435
1.15143,48.98011
0.98711,49.40265
0.87171,49.48018
1.00534,49.72677
0.77221,49.07471
0.63049,49.81437
0.44798,49.09027
1.42209,49.94321
1.35858,49.04084
1.30505,49.70971
0.51679,49.26627
0.56706,49.6234
0.81134,49.07337
0.36508,49.30901
1.64392,49.80014
1.47103,49.34991
0.56494,49.75272
1.59243,49.76486
0.61163,49.61952
1.01749,49.39479
1.29477,49.5766
1.22317,49.9024
1.35289,48.95072
0.25844,49.53249
1.22791,49.31941
0.47658,49.3245
0.95522,49.57224
1.41306,48.87
1.34898,49.9836
0.28211,49.69903
0.41227,49.52845
0.64067,48.98266
1.70962,49.27857
1.48526,49.22335
0.88117,49.12941
0.68243,49.47579
0.8769,49.47911
0.7107,48.8146
0.53454,49.21713
1.61998,49.14669
1.19511,49.25128
0.82044,49.45597
1.21853,49.24617
1.2299,49.66009
1.07958,48.75593
0.62747,49.43294
1.22335,49.95681
0.74741,49.65116
0.40141,49.15864
1.42493,49.14358
0.48326,49.6822
1.47432,48.95982
1.09064,49.87211
1.35539,49.60248
0.55646,49.49228
0.81032,49.83255
1.52956,49.48382
0.22084,49.56684
1.00518,49.50162
1.11754,49.66677
0.34891,49.51659
0.65885,49.2722
1.2881,48.99945
1.58137,49.10735
1.43031,49.08601
0.51387,49.60009
0.62945,49.60486
1.19042,49.73304
0.44968,49.70284
1.56641,49.26664
1.06267,49.43421
0.84029,49.50782
1.28352,49.33049
1.61031,49.64987
1.39408,48.98761
1.5123,49.54428
1.69741,49.51271
1.15337,49.04833
1.37186,49.62678
1.5154,49.31816
0.43707,49.27779
1.49127,49.77247
1.73368,49.38651
1.04832,49.50857
1.17515,49.39906
1.32869,48.96821
1.68781,49.25811
1.13906,49.90169
0.7339,49.37835
1.008,48.84341
0.85547,49.73262
1.62812,49.7192
1.04475,49.39498
1.62551,49.93246
1.49981,49.89498
1.68194,49.56991
0.6277,49.78605
0.58499,49.11674
1.19991,49.14218
0.51652,49.07363
0.66777,49.29763
1.28467,49.66965
1.04553,49.66356
0.72551,49.59737
0.75915,49.5961
1.11606,49.31758
1.32341,48.93
1.16184,49.77466
0.35349,49.59167
1.34129,49.28568
1.13317,49.23411
1.13895,49.32671
0.26729,49.54568
1.35662,49.35885
1.66508,49.43821
0.5918,49.65598
1.05651,49.5431
0.92988,48.74281
1.28953,49.13913
0.60079,49.53255
0.76739,49.29552
0.39136,49.67133
1.45572,49.29406
1.65644,49.13313
1.1404,49.09091
1.6244,49.51195
0.4831,49.13182
0.69656,49.24466
1.45237,49.28138
1.55683,49.66186
1.12038,49.3691
1.04543,49.80887
1.55343,49.36479
1.66591,49.60861
0.65729,49.57569
0.51655,49.47952
0.90624,49.79609
1.04052,49.49209
0.93629,49.79196
0.23263,49.60607
1.23516,49.58742
1.15151,48.8919
1.01688,48.95852
1.27073,49.25481
1.4621,49.00029
0.24745,49.50287
0.50688,49.3022
1.14009,49.40327
0.40047,49.41182
1.64337,49.55747
0.45184,49.55201
1.4155,49.0609
0.81186,49.39064
1.27501,49.08336
0.72144,49.10739
0.94189,49.23257
0.13535,49.53009
1.08723,49.23345
0.32959,49.69614
1.57659,49.7603
0.38517,49.28096
1.58726,49.95401
0.36314,49.23072
1.20302,48.8773
1.67838,49.44047
1.67056,49.19776
0.79993,49.4933
1.26282,49.19907
1.51857,49.9416
1.02715,49.6147
1.19147,48.77655
1.51803,49.28746
0.85357,49.77679
0.30215,49.61402
1.00457,49.56364
1.27263,49.4116
0.46776,49.36328
0.89585,49.50512
0.90314,49.2948
0.97321,48.9517
0.58256,48.96191
1.48393,49.25446
0.72002,49.35968
1.51473,49.08419
1.21157,49.69255
1.09141,48.96322
0.90619,49.71434
1.00899,49.6906
1.42451,48.93586
1.77654,49.28303
0.6451,49.0038
1.5014,49.38966
0.99333,48.84968
0.9622,49.26975
1.3158,48.8434
0.95653,48.96778
1.33669,48.96637
0.58932,49.32934
1.50051,49.2045
1.17916,49.91028
1.18888,49.06864
1.12411,49.39095
1.11238,49.45208
1.40357,49.45805
0.50467,49.54929
0.53598,49.20227
1.31649,49.96686
0.9471,49.18876
1.44354,49.00308
1.23985,48.89941
0.50216,49.76259
1.65512,49.86151
0.61792,49.69378
0.71455,49.16646
0.3994,49.33707
1.56205,49.82491
0.74846,48.95627
1.51615,50.00496
1.16665,49.80066
1.39768,48.93482
0.74121,49.79435
0.65595,49.15286
1.33842,49.09729
1.27123,49.02046
0.39318,49.23587
1.10249,49.19861
1.05139,49.68212
1.23488,48.77606
0.80929,49.19324
0.33743,49.57093
0.72863,49.52114
0.63565,49.64064
1.45498,48.89513
0.78244,49.70226
1.42664,48.96393
1.70824,49.42598
0.56072,49.57552
1.34757,49.14757
0.46398,49.24358
1.36601,48.83611
0.87875,49.39945
1.60122,49.18555
1.70461,49.67446
1.36116,49.16934
0.88867,49.18745
0.6922,49.38789
0.67073,49.72339
1.5544,49.55415
0.95544,49.34804
1.37557,49.62953
0.96748,48.97885
1.43408,49.7253
1.21569,49.11154
1.1986,49.86092
0.92204,49.40392
0.91845,49.51682
0.48372,49.6221
1.24601,49.04636
1.44335,49.37881
1.51828,49.78972
1.44875,49.50852
0.70881,49.78275
1.0035,49.28374
1.3893,49.26406
1.56897,49.52205
0.8561,49.79537
1.26826,49.05699
0.87321,49.40775
1.35593,49.29625
1.5307,49.14539
1.40552,49.29259
1.71075,49.86269
0.55961,49.70061
0.53764,49.65284
1.63457,49.69357
1.30714,49.22327
1.33741,49.82564
1.10987,49.46823
0.84875,49.35852
0.78658,49.1681
0.99763,49.20023
1.44669,49.62288
0.78486,49.11874
0.7121,49.19697
0.48475,49.55759
1.46678,49.32091
1.00023,49.77271
1.07948,49.59594
1.49564,49.18619
1.40472,49.95752
0.91133,49.64147
0.28084,49.58781
1.26034,48.76307
1.01037,48.73052
1.76119,49.47392
1.11115,49.25976
0.70873,49.22715
1.54454,49.89137
0.58914,49.48597
0.58618,49.24455
0.66158,49.18473
9.988056,55.75925
8.643457,55.686506
8.88822,55.87826
9.039981,55.796458
9.55405,56.175444
12.416997,55.757458
9.742475,55.824837
8.962842,55.505105
9.816543,56.728101
12.236653,55.685841
10.194231,55.18771
12.375871,55.80774
11.562079,55.786978
8.589513,55.825009
9.580909,54.918351
11.828799,55.419883
10.676192,55.354401
12.169639,54.917024
9.117686,55.861507
11.996261,55.144623
12.210593,55.610839
11.976605,55.259065
12.058577,55.568112
8.771701,55.504981
12.381759,56.063343
9.27104,56.793613
8.553609,56.753439
10.321157,55.201425
9.573011,56.535015
10.065736,55.371599
15.05965,55.079547
9.152306,55.95942
8.859748,55.235669
14.847508,55.118681
9.982344,56.782125
11.940032,55.237506
9.332286,55.191588
14.843804,55.190908
9.938613,57.146573
9.349452,55.549841
10.274394,57.149447
10.224976,55.180659
11.880218,55.570286
11.725082,55.273752
11.8864,55.142574
10.184114,55.459575
12.452763,56.039136
9.150454,56.108884
12.235415,55.924737
11.673093,55.636959
14.79457,55.204203
10.166339,55.48243
9.893663,57.069303
10.081247,56.27507
11.800887,55.261166
12.02068,55.080374
11.912823,55.106032
9.861317,56.629798
11.647661,55.636997
9.532856,55.758461
10.401142,55.14703
11.964366,55.108225
9.347664,55.099428
12.228175,55.755114
14.876192,55.142884
9.528827,55.687519
9.177503,55.913061
10.220572,56.267438
9.735274,56.050131
9.611194,55.71845
9.611754,56.302034
9.959009,57.330573
15.028044,55.062747
10.057279,56.246917
10.071625,56.199708
12.247411,55.898386
11.856186,55.222459
12.364422,55.751787
10.1702,56.209849
10.252409,55.320133
10.475245,55.138119
11.778401,55.434828
12.413259,55.750906
10.046922,55.39591
14.798973,55.145373
11.49038,54.752908
10.164733,57.400097
9.2621,55.835352
9.289617,55.899255
11.936935,55.066745
9.999996,56.97805
12.242152,55.806718
8.732108,55.722963
9.76448,55.840351
11.674541,55.318136
9.281345,55.707791
9.955357,56.205521
10.253077,56.254944
11.925061,55.197178
9.491775,55.749736
12.321652,55.780967
10.098579,55.339913
14.752086,55.147072
9.735673,55.853587
11.98668,55.248399
8.953054,55.365207
9.488933,55.48762
10.505422,55.122738
9.740235,57.043503
12.271199,55.591388
15.078825,55.121871
11.983516,55.544914
12.315358,56.029134
8.493438,55.689194
9.644379,56.639233
10.277137,57.020513
10.104561,55.305088
11.970219,55.595028
8.468445,56.932817
12.422195,56.043516
9.117498,55.449498
10.423449,57.328344
11.243442,54.848503
12.154119,55.460943
9.873159,56.414662
11.555813,55.80579
10.041265,56.179247
9.739685,55.948551
10.225682,56.449181
9.999797,56.122689
11.448626,55.76095
12.205968,55.402775
11.921507,54.845841
11.951052,55.385653
8.738972,56.732099
9.807569,55.951921
9.372936,55.981955
9.814353,56.638608
8.763029,55.700588
9.501231,54.998994
10.229237,55.536633
11.410898,55.744893
10.267566,56.521387
8.644226,55.485174
10.240104,55.424263
12.216246,55.294493
10.056224,55.489113
11.771682,55.416479
9.413296,55.960747
11.550325,55.405787
12.156494,55.611723
11.999283,55.30652
12.354078,55.742362
8.576844,55.81796
9.662176,56.063368
8.582056,55.66347
10.11687,55.216253
10.041847,55.260546
12.334629,55.909431
12.174944,55.749865
9.346866,55.467041
12.27889,55.71208
8.883533,55.703537
10.195842,56.309071
11.970784,55.495312
9.345203,56.167701
10.166107,55.938778
10.113826,55.393746
10.271867,56.372559
11.86639,55.664992
11.884464,55.671253
8.532293,55.677054
11.273301,55.384707
12.274664,55.675107
8.739844,55.644877
9.976349,55.393899
8.463063,56.3486
10.170379,56.252732
9.863719,55.747788
9.830904,56.480123
9.272543,55.370192
10.14041,55.433784
9.208211,56.16759
9.769552,56.096138
9.968288,57.498032
8.264088,56.369834
11.308296,55.442155
9.041211,55.35378
9.414775,55.4842
10.182851,55.370555
8.530263,56.427655
9.06663,55.890469
9.447981,55.865585
9.307352,57.065387
12.458809,55.98436
11.588863,55.208194
8.865173,55.294811
8.782276,55.717115
9.899846,55.414197
9.238872,56.113803
9.127243,56.125676
9.106481,55.924354
11.411982,55.269637
10.216304,55.357206
9.713829,56.347648
11.919544,54.811577
12.105888,55.561435
9.740929,56.096572
11.939898,55.463173
9.7634,56.72038
12.333503,55.937505
11.87147,55.60811
10.185,55.405923
10.614757,55.02841
9.577134,56.281463
9.891782,56.953071
10.09877,56.703069
10.229592,56.975154
12.402952,55.860553
9.706888,55.552287
9.999699,56.644019
10.213444,56.540212
10.03065,56.105961
10.090255,57.466053
12.255354,55.370574
9.986832,56.130686
8.99293,56.054741
11.569523,55.215846
12.4389,55.953408
12.39013,55.965004
10.430863,55.407078
15.110662,55.103556
11.871799,54.819749
14.984551,55.162856
11.429251,55.614565
9.116948,55.259405
9.386425,55.233659
9.686793,57.231615
9.116593,55.582584
9.92294,56.029913
11.748219,55.432304
12.124096,55.235837
10.317536,55.386577
9.429883,55.391041
9.901984,56.424491
9.680057,56.176933
9.451837,55.707925
9.616644,55.970431
10.84651,53.933479
9.972869,51.70697
12.20787,47.602921
8.991237,50.063999
9.136312,50.389545
8.643011,49.345684
13.006665,47.847355
6.253989,51.348534
7.227631,51.507435
7.143688,51.416821
13.076134,47.782021
10.031977,47.678219
10.702357,53.922436
7.041378,51.562023
8.516893,49.267357
6.80786,51.153404
8.987675,50.778324
11.574011,53.010021
10.727119,51.549751
11.508007,46.509026
7.655223,51.880684
10.704861,53.854038
6.450644,50.834053
12.453194,47.800926
10.33079,53.216125
10.663261,53.894833
7.163687,51.403919
7.077255,51.407452
11.45687,53.623451
7.684342,51.970528
7.640664,52.024437
10.705104,53.884766
13.775616,51.100376
10.857925,51.556583
13.029539,52.459305
13.05665,47.803066
7.725226,52.006245
7.495072,51.961544
8.990487,49.551029
7.420492,51.546017
10.441383,53.272102
10.659571,53.78941
8.464065,47.09724
7.361148,52.001743
7.374194,51.323696
7.817116,48.95768
8.648879,50.147755
9.12333,50.387344
7.933502,47.669086
6.730746,49.706032
6.407003,51.276306
12.138519,54.095291
7.448093,49.372356
9.903746,53.141392
10.323973,47.518127
8.619118,49.335415
6.321473,51.331203
9.537506,54.51012
13.621534,51.047848
10.228714,53.259762
7.698901,51.95256
7.196045,50.933929
7.728019,51.979515
10.721283,53.904415
6.163889,50.868778
7.039876,51.594162
11.527576,51.040154
7.626105,51.916622
10.404654,53.256847
8.014982,52.308971
13.369331,52.401737
9.699297,51.41618
6.725261,49.987728
10.204413,51.651508
8.251247,50.444553
10.143642,51.65765
10.376694,53.236969
7.596986,51.970528
7.596986,51.871696
9.764957,51.473473
9.129299,50.035465
7.655223,51.970528
7.183685,51.4067
9.016814,50.628941
8.520525,49.002525
7.480513,51.95256
8.87103,49.533405
13.032231,47.825027
8.380337,50.823399
8.564873,49.487885
7.592711,47.802143
10.509067,53.351063
9.793023,52.080456
7.663994,48.208202
6.54175,49.545845
9.912995,51.427002
10.093002,47.70211
6.338038,51.366394
6.657543,51.784805
8.817558,50.125366
8.683319,50.195366
7.73157,51.781525
6.33291,51.352863
12.162766,47.566277
12.239011,53.793262
7.021294,51.233871
10.22046,52.865559
14.243431,46.612659
10.348166,53.230225
12.298422,47.657871
13.462715,52.621185
7.53875,51.907635
10.06279,53.523983
10.110083,49.116177
10.451024,51.91853
9.435968,51.29472
10.394526,53.201611
13.165483,52.544888
10.28007,53.652931
10.729179,53.850956
10.792351,50.592026
10.167727,52.573742
10.327971,53.180893
6.495838,51.640926
9.542055,49.817108
9.6908,48.922642
9.544346,48.817028
6.232896,51.352757
8.870773,53.11824
1.87732,50.879749
9.793381,51.400963
9.661274,52.427547
10.600597,53.360279
8.980465,50.39703
7.578506,47.914932
8.663545,49.311413
10.69116,54.099419
7.180732,51.2061
8.864846,49.757301
8.405732,49.025665
7.178192,51.818378
10.483189,51.898266
10.397508,53.30048
9.010456,49.651791
8.823395,50.063972
9.136926,54.157349
8.689685,49.488895
13.438339,48.585464
13.7042,51.07201
10.124257,53.708717
6.372178,51.312588
6.984591,51.893467
12.999839,52.388378
7.271975,50.555138
8.674881,49.321281
16.802387,47.761021
13.398037,48.603462
7.287816,52.693935
9.907434,51.399899
10.491688,53.315639
8.363342,50.804634
6.704021,51.542011
7.167592,51.239323
8.919697,50.181725
7.090029,51.480011
8.770008,49.409073
8.868315,49.542553
8.564014,49.730137
8.452263,49.524223
6.223969,51.228119
9.953377,49.767143
9.762275,48.880001
8.969808,49.697067
8.248105,48.764393
7.083162,50.755795
8.837814,49.115173
10.046997,48.403225
10.179434,48.553375
8.020062,48.406502
10.268097,54.358955
7.698901,52.00647
10.344357,52.462234
6.259568,50.820145
13.91054,47.638561
8.710098,49.085335
9.406409,48.8493
8.943249,48.473297
8.425484,49.605148
6.352563,50.908333
8.560281,50.086914
12.701998,48.679115
12.904279,48.207016
13.710959,51.076244
10.263891,53.279121
13.440571,48.640621
8.612251,49.515514
10.002219,54.142025
8.518028,48.721001
7.163773,51.567787
7.567868,52.024437
10.270629,47.528358
12.420967,47.521965
6.67575,50.035385
7.596986,52.00647
8.710291,50.062206
8.851771,49.698719
13.580303,52.528648
7.37586,50.448704
8.621178,49.326931
9.848557,51.995903
7.611546,51.934589
7.659016,49.778603
9.49519,49.08321
10.419399,53.700314
10.956955,53.323483
7.402382,51.514992
7.374194,51.373692
10.512199,52.980068
8.448486,49.455853
17.109146,47.693127
8.838501,50.396263
9.346619,52.479435
8.129146,50.03706
10.411949,47.478233
12.487507,51.297565
7.894106,47.596844
9.845687,52.049683
10.758724,51.284351
10.365429,53.268318
11.556398,48.704029
11.553669,47.317879
7.625209,50.870647
7.292132,51.422573
8.70173,49.254333
5.008478,52.240623
7.192915,50.549168
8.827107,52.919868
11.666279,48.413593
13.315945,52.407394
8.54187,49.570648
9.680672,52.81345
6.393807,50.88208
8.040766,50.37381
9.946391,53.312943
10.708623,53.924206
10.256081,47.553246
7.110901,50.972912
10.174456,53.550484
7.701759,48.958355
9.790842,52.080654
8.861847,53.64016
13.950501,51.371479
8.03424,49.244118
8.822059,49.747066
10.458469,52.95319
10.209974,47.428772
8.631821,49.977058
8.732243,49.964142
9.357347,49.632839
8.875151,49.170425
8.71446,49.409088
6.306667,51.26812
13.136387,52.585007
7.868958,48.967148
7.587755,48.0975
6.265597,51.316292
10.559771,50.852322
10.191935,53.259876
10.835588,51.452923
6.144447,51.237202
8.542237,50.168865
7.53875,51.979515
13.663859,51.086971
7.009149,50.904575
12.120688,48.525272
7.742578,51.898651
9.649098,51.418064
7.82324,47.973255
7.225466,50.699196
7.371346,50.778496
7.588034,51.257832
10.001936,53.573593
8.931198,52.021973
13.264189,51.065834
10.021248,53.597038
8.992728,49.766052
11.707649,47.455719
12.982278,47.776222
8.955574,50.400684
9.927349,53.463833
7.306469,52.681408
9.382067,52.475018
12.956745,48.474052
9.464293,51.30851
7.149959,51.178173
10.308094,50.949451
7.669782,51.880684
7.35631,49.385624
9.817841,49.920059
12.090154,54.070671
12.588045,48.886307
9.15797,49.989918
8.494921,49.522831
8.597553,53.070889
8.055795,52.256191
13.276978,52.618057
6.482878,50.776745
10.515232,53.287971
8.351856,49.067722
7.640664,51.862713
8.602222,53.77972
7.614879,49.159363
10.365257,47.504444
7.985086,49.421333
8.919525,50.004871
7.144048,51.229698
10.15245,53.152042
13.192263,52.508961
9.773086,51.410355
10.56653,51.867985
9.852505,48.713165
8.707306,53.673431
10.324956,53.938385
10.420768,53.167305
10.879641,49.693562
6.85976,47.889153
12.688688,47.584831
6.193056,50.848583
7.342687,51.579071
6.159139,50.909916
10.270329,53.521023
6.096846,50.930447
13.317661,52.435032
6.196461,51.333828
12.239102,53.790462
12.923031,52.643047
7.244898,50.57235
7.767591,48.930565
7.229347,50.914234
10.785988,51.592632
9.744101,53.635326
8.959179,50.53389
8.639727,49.938705
6.10468,51.230057
6.37928,51.315376
9.714403,51.408257
9.659642,51.414131
13.517647,52.437595
11.489983,47.334637
9.689308,47.504337
8.738594,49.428616
8.709436,53.153511
9.045345,50.072704
7.553309,51.925606
26.70722,58.36778
24.90478,59.45805
7.553309,51.979515
9.967904,51.501865
13.038497,47.785999
9.685478,51.34005
9.073206,53.12537
10.175936,52.458546
7.244282,51.188866
11.797867,55.636755
11.913765,54.854877
12.439656,55.912433
11.534443,55.32632
8.670527,55.527143
10.675989,55.097573
9.977758,56.017383
10.148592,56.171865
9.446129,55.231236
-1.452236,54.063047
9.148719,55.302309
9.842316,56.621961
10.207303,56.392061
9.915806,54.968792
8.376514,56.09495
9.876139,56.762123
12.060539,55.051556
11.781214,55.53934
12.090442,55.917128
9.02881,56.205042
10.29853,55.483831
9.426995,55.741911
10.115406,55.982722
12.301383,55.96378
11.679807,55.333555
14.93434,55.127722
10.001947,55.36269
10.039805,55.403529
9.891721,57.083195
10.00977,56.323519
9.567296,55.420494
10.119959,56.074364
11.168678,55.561641
12.074212,55.527347
9.247793,55.001607
12.280974,55.967895
11.861176,55.471602
12.338624,55.703454
11.868465,55.512125
-0.36126,43.4706
4.54109,49.8776
1.40303,43.6499
1.43116,43.34465
1.58801,43.6824
6.05,47.73
5.74,47.57
-0.70789,44.86261
-0.54258,45.93519
1.59618,43.77682
4.52517,49.8497
1.47144,45.15113
-0.61927,44.91669
5.88,47.83
-0.15475,45.0206
2.35737,43.5141
4.75123,49.8906
4.70895,44.81402
4.72668,52.614393
4.63743,51.949523
6.07114,52.111391
5.71733,52.237851
6.57963,52.040573
5.81662,52.096911
5.71899,53.063333
5.87448,51.445743
6.98253,52.696453
5.71913,52.086851
4.65126,52.555263
6.70429,53.257591
5.91001,52.055103
6.74811,53.009283
6.28803,52.098201
6.00336,52.383201
5.38443,52.060253
5.91233,52.040113
5.95382,52.006001
6.42354,52.132691
5.96806,52.452631
5.89878,52.313281
6.37782,51.967691
5.88709,51.853833
4.38913,52.126461
6.74962,52.011453
5.32017,52.072723
6.14186,52.384283
5.8838,51.482903
7.08727,52.961533
6.75249,51.914593
5.86877,52.222991
5.93655,51.825083
5.63716,52.078551
6.5689,52.524831
5.77485,52.109821
6.46839,52.163793
5.84795,51.978883
6.06788,52.438441
5.97563,52.006923
5.87561,52.219821
4.38078,52.120991
5.62648,51.283443
5.83782,51.799033
6.43487,52.077043
7.00118,52.360193
6.10603,52.037713
5.96067,52.290801
5.92282,51.328163
6.41213,52.150761
6.55681,52.989293
7.187428,49.246571
7.70667,45.06722
14.940833,51.121113
14.936389,51.141945
14.862778,51.363888
19.502382,51.776706
18.65721,50.30405
-6.39066,43.47248
4.64107,52.45033
15.771111,48.220833
-2.533068,51.322139
-2.493785,51.297512
-2.540709,51.361668
-2.450132,51.498724
-2.685174,51.337793
-2.447714,51.398926
-2.39832,51.504306
-2.580604,51.3363
-2.699689,51.426466
-2.565335,51.378636
-2.768028,51.384675
-2.694829,51.390528
-2.913867,51.347661
-2.677958,51.318692
-2.48583,51.468909
-2.538362,51.510445
4.44549,51.18446
2.65892,51.07915
4.36819,51.01134
4.471,51.03447
4.13165,50.88154
4.50686,51.00204
4.75649,50.92682
4.55151,50.77856
5.75079,50.98532
4.1558,51.04278
5.00555,50.99876
4.72864,51.09459
4.86094,50.79911
5.5188,51.08587
3.56614,51.12634
5.31746,50.99796
4.45769,51.35968
3.83344,50.89782
2.98762,51.09274
4.71189,51.12669
4.54585,51.22033
4.71398,50.8627
4.8205,51.4254
4.71924,50.90481
4.60315,50.83335
4.45902,51.36219
3.19446,51.2585
5.74878,51.03959
4.52152,50.91111
5.39807,51.12786
4.20629,51.17939
3.41864,50.96539
5.42509,51.12324
5.49911,50.98623
4.87234,51.1327
3.33758,51.0874
4.38962,51.20239
4.6113,51.196
4.72163,50.80889
4.52793,50.91816
4.47938,51.18398
4.81219,51.18672
4.81565,51.26415
5.54157,51.15034
4.58974,51.14357
3.98373,50.97158
5.42773,50.92044
5.2246,50.83623
4.2101,51.31459
3.9413,51.0132
5.09449,50.98503
3.76563,50.86316
4.92287,51.32717
5.12716,51.146
4.4541,51.39668
3.6422,50.7615
2.93693,50.85651
4.37484,50.93605
4.21899,51.19636
4.72949,51.33424
4.2464,50.74427
5.3679,51.25568
5.51109,50.96604
4.75845,51.07822
3.19992,50.78694
4.74819,51.28492
4.2163,51.0304
4.94104,51.00194
5.03893,50.76362
4.05914,50.85388
4.1552,51.17546
4.4715,50.98659
4.46122,50.88494
4.40466,51.34127
3.8185,51.20037
4.57069,50.98227
5.3321,50.84011
4.30073,50.99952
3.95767,50.91795
5.45385,50.7809
5.30376,51.25447
3.31961,51.00236
4.57525,51.35761
4.49556,51.07125
3.36611,50.79821
3.84019,50.83665
5.04169,51.17181
4.44155,51.2237
4.64604,51.24794
3.92441,50.85031
5.48246,51.23846
4.8231,50.8858
3.80501,50.76262
5.30434,50.89361
4.96923,51.07731
3.98444,50.84385
4.5397,51.30108
5.00331,51.00014
4.17871,51.15711
5.45189,51.02808
5.06808,51.02306
4.17901,51.12277
5.40524,50.86867
3.4367,50.8158
4.09949,50.77794
2.84003,50.81461
4.01372,51.17009
4.65195,50.90871
4.61114,50.90444
4.48651,50.75431
4.94851,51.33558
5.15195,51.09572
3.1043,50.9341
3.1422,50.8582
4.9794,50.81103
5.31111,50.92933
4.93062,51.21724
3.24872,50.91889
3.47366,51.06522
4.5291,51.47002
5.59228,51.11154
5.69946,51.04795
5.49582,51.1966
4.85178,51.32742
4.76682,51.18271
4.20823,50.95467
3.12551,50.96867
5.52258,50.84081
3.1142,50.8192
5.57454,51.00473
5.17411,50.87032
3.69344,50.97665
5.69235,50.75362
4.17616,51.03187
3.70818,51.24753
3.08548,51.08146
5.39742,50.98405
4.5668,51.1186
2.72833,50.84459
4.52122,51.14988
4.49252,51.22156
3.95616,50.99982
4.06174,51.2356
2.94033,51.18282
3.95852,50.91871
3.79927,50.85113
5.49338,51.28118
4.5052,51.06211
4.47646,51.37964
5.08472,50.76628
4.53577,50.80325
5.34854,50.98172
4.41079,51.28794
5.61146,51.04196
4.67197,51.24863
4.0988,50.88269
5.17856,50.94993
4.14681,51.0411
5.35028,51.01794
4.30436,51.34972
3.70919,51.24792
3.35845,51.246
5.0527,50.90351
2.72214,50.89705
5.38822,51.01255
4.85041,50.92022
4.7857,51.017
2.94141,51.10292
4.70438,50.92363
3.47492,50.84541
5.06489,51.42474
4.14799,51.14906
3.016,51.1321
2.9748,51.1364
5.37849,51.1854
5.27592,50.94226
5.45023,51.26259
3.9432,51.04331
4.45598,51.1035
3.58385,51.13277
5.64967,51.06795
5.37868,50.92571
3.51266,51.14923
2.9953,51.0677
4.57163,51.31602
5.59118,51.02124
3.34674,51.07992
4.5122,51.21207
4.45699,50.87341
4.82539,51.10408
4.53156,51.37459
3.985,51.0429
3.3686,51.0285
5.63701,51.00356
5.43466,50.8083
4.91378,51.32741
4.46376,51.11464
3.66381,51.24175
4.97789,50.86038
5.2922,51.20112
4.89342,50.82944
3.77621,51.12941
4.4027,50.91055
3.22529,51.16637
4.86032,51.17925
4.51829,51.26068
5.40098,50.82701
4.81448,50.97922
4.15368,50.99416
4.19636,51.21708
4.92505,51.08916
4.89454,50.94953
5.50317,51.26884
4.18173,50.83217
3.63425,51.28397
3.62173,51.08235
2.86375,50.98452
3.43417,51.15534
3.43921,50.90135
5.21606,51.20862
3.1046,50.9957
5.49102,51.00364
2.9906,51.0132
5.44303,50.90377
3.2571,51.15675
4.40772,50.93283
4.6059,51.2939
4.39308,51.29533
4.38898,50.99234
4.46356,51.26532
3.37968,50.77825
5.6785,50.88329
3.1618,50.7849
3.81673,51.10516
3.3623,50.90106
5.5537,50.8994
4.66624,51.31131
4.82571,51.00782
5.46701,50.85073
3.1319,51.0762
5.1334,50.8275
3.28505,51.11109
3.1368,51.1481
4.90009,51.39764
2.9395,51.0192
4.86488,51.40955
3.41596,51.08828
2.68902,51.05828
5.28802,50.9647
5.64331,51.18108
3.2429,51.0485
4.1024,50.9281
3.25319,50.91632
3.4224,51.0858
4.72213,51.32122
3.3815,50.8575
3.2863,50.9583
2.68914,50.97843
4.41332,51.08916
3.0054,51.0122
5.4023,50.91598
4.15176,50.86385
3.46321,51.14619
4.26359,51.24382
3.32827,51.09451
4.07875,51.19249
5.45866,50.92328
3.44126,51.0781
3.0738,51.0309
5.45435,51.15574
4.20745,50.95475
4.03353,50.9455
5.12433,50.73947
5.00249,50.94795
4.98317,51.10269
5.11726,51.02965
4.92733,50.79055
4.8383,50.83655
3.63865,50.7409
5.3543,50.7995
4.11066,51.15521
4.47232,50.86528
5.17873,50.81933
2.7552,50.78154
16.29167,48.125
20.83806,48.60611
16.20806,48.225
13.625,47.575
5.03997,51.22027
5.77023,51.05305
2.80998,50.95622
3.62174,50.82325
5.02647,50.83366
3.31612,51.13101
2.82476,50.95991
4.59341,51.00728
4.8031,51.31364
4.62732,51.15325
5.80954,50.74754
4.8715,50.97918
4.88514,50.87046
5.22143,51.30125
4.89091,51.08006
4.93867,51.26957
5.7429,50.98046
4.01037,51.22636
5.5073,51.2348
5.85503,51.14493
4.7423,50.9729
3.10028,50.77981
4.81995,51.15562
4.45806,51.03913
3.8643,51.057
3.60878,50.75246
5.26799,51.18045
5.18732,50.78972
5.31431,51.21329
4.90273,51.0853
4.98426,51.15942
5.04617,51.46087
3.50036,51.24191
5.82835,51.09477
5.3629,51.0944
5.5516,50.95465
3.81959,50.93523
4.11739,51.18855
5.54147,51.15027
5.01172,51.06931
3.05353,51.0626
3.86159,50.79265
4.38492,51.01192
5.44481,50.99758
4.61234,50.93569
3.96868,50.91172
4.97223,51.2356
5.04348,51.21433
4.67483,51.16029
4.25202,50.93408
3.2018,51.0509
3.20552,51.20689
3.37413,50.97522
3.2839,51.0626
4.67793,51.34438
3.50968,51.12324
3.57229,51.2102
4.84412,51.0636
5.67769,51.03029
5.73541,50.95541
3.10588,51.18857
5.13201,50.89907
5.30138,50.76002
5.04565,51.16222
4.64208,50.80098
5.41581,51.25324
5.25817,51.1316
3.62418,51.25821
2.9988,50.874
3.96298,50.75304
5.29613,51.00672
4.29905,51.05073
4.06311,51.10538
5.50476,50.80287
5.7551,50.9504
4.84295,50.77693
5.0427,51.094
5.72149,51.16054
4.33319,50.73972
3.5294,50.76878
4.48978,50.9311
3.29354,51.22636
4.77717,50.9794
5.22234,51.14097
4.93019,50.79714
3.1681,50.92639
5.0161,51.4123
3.28552,51.24895
5.05157,50.83095
4.82666,50.81483
3.2891,51.17612
4.08349,51.24879
5.15739,50.85399
3.80945,50.7987
3.60143,50.89637
4.33781,50.97096
2.99794,50.88331
3.5732,50.887
4.91925,51.07106
4.67329,51.06113
4.13983,50.92499
3.89512,50.95604
5.06453,50.75633
4.8851,51.00546
5.1952,51.20694
3.88342,51.06539
5.56821,50.9757
4.5646,50.84638
5.23391,51.09365
4.86548,51.00261
4.61314,50.81183
3.89486,50.87541
5.65857,50.95649
3.21394,51.27744
4.31024,51.23428
4.5586,51.19613
5.47402,50.78467
3.09879,50.90246
3.0248,51.1141
4.64701,50.98417
4.00791,51.04293
4.76198,51.32884
3.72116,50.8399
5.58326,50.80362
5.02228,51.46239
4.27372,50.73559
2.95583,51.05109
3.86015,51.20922
5.5425,50.8052
3.67671,51.16387
5.19126,51.29115
5.08769,51.05692
2.78781,50.74398
3.29478,50.82557
3.9164,50.9796
4.5086,50.83858
3.8608,50.9966
4.67393,50.81274
5.0202,51.18321
4.48305,51.45285
5.16462,50.95803
5.60055,51.16367
5.12727,51.33372
5.49334,51.29566
5.62546,50.84889
5.56947,50.87182
3.0249,51.0814
3.1356,51.0946
5.32586,51.06103
3.85904,50.93915
4.65918,50.86192
3.91098,51.09543
4.94054,50.94774
3.1113,51.02365
5.7051,50.91768
4.94098,50.84861
5.39928,51.04757
4.6105,51.2901
4.22357,51.12562
-2.552251,53.367337
-2.131141,53.264274
-2.307152,53.235438
-2.538738,53.368298
-2.468809,53.295784
-2.667334,53.244815
-2.42493,53.107181
-2.443976,53.19417
-2.6517,53.285936
-2.953038,53.143676
-2.517682,53.062812
-2.66982,53.111268
-2.700989,53.181384
-2.861789,53.150862
-2.267917,53.319775
-2.779323,53.129371
-2.111884,53.353282
-8.219,41.68412
-8.3437,41.23453
-8.22331,41.32386
-2.493692,52.981067
-2.722799,53.299234
-2.613387,53.124337
-2.237504,53.249728
-2.02018,53.222997
-2.247151,53.103189
-2.049166,53.356516
-2.16894,53.288173
-2.662951,53.334413
-2.402063,53.05782
-2.559279,53.215393
-2.136692,53.242111
-2.825311,53.008433
-2.27458,53.188524
-2.162812,53.313673
-2.321883,53.110201
-2.566456,53.305248
-2.562914,53.035594
-2.394767,53.360636
-2.873602,53.225952
-2.564582,53.04907
-2.227176,53.28031
-2.801686,53.205019
-2.652357,53.329079
-2.518501,53.186812
-2.743411,53.211689
-2.113227,53.293057
-2.78498,53.028043
-2.972846,53.226217
-2.5611,53.125494
-2.157865,53.19323
-2.531327,53.418892
-2.509273,53.292022
0.7118,42.8059
-5.7296,43.3814
-7.5333,42.725
-4.065,43.3581
-3.2473,43.1526
8.06097,46.98367
8.22944,47.24664
8.1817,46.72828
7.71263,47.00702
6.15395,46.1838
9.56015,47.00404
8.96803,46.73472
9.2215,46.35167
9.78363,46.91268
7.57181,46.80741
7.01054,46.11278
7.37137,46.26099
8.82201,47.33059
8.83866,47.33444
8.70434,47.47362
8.79389,47.34329
6.536,46.50805
7.81154,47.30758
8.94584,46.49839
6.29673,46.42536
9.29045,47.38971
9.34641,47.37989
8.01981,47.36811
8.78568,47.36107
8.57707,47.32209
9.13332,46.23704
8.41298,47.39588
6.09595,46.1799
9.23535,46.39167
9.20013,46.31536
8.26721,47.03121
8.50571,47.39309
8.55872,47.26504
7.30356,46.93985
9.28672,47.46612
8.83827,47.22797
8.77342,46.16897
8.66231,47.17497
9.11572,46.31199
8.79081,46.48004
8.83062,47.26752
8.73337,47.36747
8.4896,47.31476
8.39553,47.41653
8.73539,47.59066
8.39285,47.47052
8.1291,47.41038
9.07497,47.38408
8.90556,47.3638
8.49731,47.42788
8.83491,47.33229
9.32626,47.12094
8.94326,47.33672
8.62208,47.59299
8.64486,47.68855
8.64587,47.35258
8.6184,47.40478
6.02147,46.14132
8.78102,46.16314
8.90927,46.16894
7.13386,46.47543
9.4066,46.83301
9.2251,46.42135
8.89773,46.14985
8.49521,47.39321
8.78925,47.33104
8.72588,47.49204
8.93321,46.17208
8.63122,47.01979
6.64248,46.54276
6.98135,47.0187
8.63846,46.9897
7.58017,47.19161
9.1022,46.22922
9.35589,47.43082
8.85936,47.26685
8.30907,47.47127
9.38629,47.5192
9.20644,47.63721
8.0814,47.37352
8.58593,47.31725
7.91635,47.29676
9.08139,47.36017
9.12546,47.25885
9.12107,47.25953
8.14493,47.03111
8.26135,47.51157
8.17155,47.35505
8.08677,47.39222
5.99599,46.14412
7.87886,46.68275
8.57362,46.99941
8.59034,46.99852
9.52443,46.99722
6.12711,46.24555
8.69025,47.29993
8.19472,47.40761
9.55245,46.98902
9.63793,46.99291
7.38818,47.16514
8.79411,46.15734
7.04356,46.90677
9.36685,47.46032
8.60796,47.29044
8.48864,47.47864
8.56547,47.37117
9.45993,47.47272
8.06351,47.01097
8.62535,47.39214
8.69206,47.4239
7.35492,47.27072
8.7111,47.287
7.80304,46.30121
6.72446,46.95373
9.0655,47.4387
8.67909,47.3933
8.40489,47.26481
8.6327,47.59236
8.50965,47.26852
8.69984,47.27756
6.09227,46.21024
8.56509,47.24273
9.40425,47.46434
8.91613,47.30165
7.07633,47.40823
8.722,47.31071
8.69633,46.18855
8.45926,47.54461
8.40837,47.11797
9.14709,47.54714
9.3845,47.54751
8.8602,46.18456
8.7118,47.50294
7.84973,47.29639
8.98165,47.44879
6.80868,46.96548
8.77956,47.58903
7.77881,46.30532
7.21177,46.48819
8.32388,47.05652
8.42766,47.36151
8.43168,47.20466
9.32218,47.40587
8.6051,47.52313
8.69961,47.51307
8.48413,47.508
9.08537,47.35102
8.92083,46.15463
8.28512,47.11838
8.60995,46.31196
8.23328,47.50761
8.00928,46.31662
8.62532,47.24687
8.53168,47.31881
8.76591,47.45914
8.2999,46.96802
6.22112,46.2777
6.07525,46.15
9.10896,47.55608
8.50522,47.60394
10.14478,46.23116
6.9127,46.47387
6.5736,46.72133
9.12521,46.37296
8.29635,47.58204
6.62435,46.51851
8.92012,47.27787
8.55249,47.41925
5.99786,46.1966
9.39817,47.44872
8.80111,47.19857
7.10735,46.07671
9.41067,47.33232
6.18947,46.37645
8.43206,47.08168
7.11708,46.71958
6.55154,46.53213
9.17578,47.36146
6.81468,47.1007
7.7783,46.09467
8.13579,47.07483
8.96795,46.42789
9.1,47.45978
9.63172,47.43447
9.60994,46.81977
9.4298,46.71188
9.2973,47.36065
7.10827,46.90914
8.59644,47.04125
8.92538,47.3968
9.00018,47.67032
9.22029,47.31649
9.43262,47.3113
8.82553,47.37889
8.22732,47.17815
7.607,47.50047
8.46185,47.17906
9.1656,46.70866
6.96316,46.27681
8.555,47.18039
7.5582,47.22795
7.4898,47.23485
6.12103,46.3123
7.7821,47.04461
8.95915,46.17206
6.29023,46.25419
6.92754,46.37255
8.91633,47.39149
8.59665,47.14409
8.42254,47.46053
7.37665,46.24185
8.53745,47.201
6.32593,46.46338
8.13426,47.19402
7.8996,47.22261
7.7575,47.51658
7.53037,47.19935
7.43033,47.19512
7.99278,47.36346
8.52779,47.24176
7.86846,47.37379
6.71884,47.01088
7.61426,47.47486
7.90829,47.35915
7.47465,47.20611
8.62961,47.30065
8.51522,47.42544
9.20054,47.52339
8.70984,47.37507
7.46917,47.11908
7.59,47.18676
6.99793,46.33902
8.12276,47.07655
8.86244,47.44457
8.57232,47.53593
8.47512,47.26744
8.45186,47.56458
8.51927,47.45936
6.65375,46.51375
8.69232,47.36252
8.98917,47.65753
9.28867,47.35377
8.80472,47.4965
8.1676,46.83036
9.13722,47.64186
8.92035,47.32792
8.30073,47.03017
8.63086,47.653
8.44723,47.15921
8.07948,47.16212
7.9549,47.22054
8.01125,46.95061
9.53137,46.86256
8.33965,47.29113
8.95328,46.72746
9.46492,46.84078
9.36636,46.79748
8.81226,46.4869
8.40446,47.17665
9.01025,46.19246
7.65367,47.18419
8.24142,47.36986
7.80256,47.34278
6.86922,47.09917
8.08233,47.10525
9.4496,47.46792
9.30918,47.50015
9.63229,47.39991
7.03285,46.28577
7.58731,47.15436
7.02614,46.91546
9.17221,46.27427
9.88797,46.87029
8.6198,47.2462
8.84205,46.70464
8.65275,47.28795
9.20947,47.64101
7.0441,46.12304
7.67381,47.19037
6.93917,46.28426
8.42402,47.20938
8.95592,46.4342
8.85952,47.40994
8.73017,47.43266
7.77269,47.55126
8.33183,47.30022
8.27343,47.61017
9.42358,47.45133
8.66168,47.50253
7.44699,47.13958
9.17682,47.31512
8.76078,47.38525
6.93267,46.29391
8.44428,47.4486
8.35616,47.06427
7.94153,47.35911
7.50382,47.15101
8.1634,46.4249
7.39445,47.19584
8.00907,47.39316
8.45663,47.50896
8.22342,47.13733
7.52792,46.27208
8.76315,47.23425
8.11401,47.32275
9.12342,47.6537
8.29532,47.45479
8.1787,47.46991
6.16653,46.2765
8.60614,47.3499
8.18411,47.14199
6.5509,46.54418
8.20714,47.11583
6.02691,46.19597
8.62352,47.41817
7.26979,47.276
8.35367,47.48753
9.55131,46.92973
8.38237,47.07162
8.19902,47.07691
6.83947,47.01056
8.24996,46.90303
7.44674,46.29904
7.4954,46.3271
7.95281,47.11609
7.44004,47.00897
6.72085,46.49884
6.81505,46.93086
8.35125,47.11435
8.26316,47.21375
8.66335,46.4351
8.13839,46.83481
8.73415,47.20231
8.68834,47.55325
6.63023,46.61041
8.6787,47.5978
7.36475,46.24841
8.59443,47.48789
8.95667,47.6322
9.61329,47.4666
7.04063,46.1753
8.04704,47.31827
8.26351,46.48607
9.08132,47.32992
7.68467,47.41054
8.09447,47.11427
9.44582,47.50225
8.93392,46.0272
7.86947,47.45812
9.53516,47.38446
7.75544,46.38282
7.26717,46.20538
8.54654,47.47703
9.80817,46.96959
7.82729,46.68764
8.93414,45.83928
9.17918,46.71756
8.41641,47.50124
6.79791,46.91383
8.56482,47.54206
9.57157,47.38634
6.14807,46.34197
8.68879,47.22101
9.16836,46.70799
9.1596,46.25604
7.3181,46.20399
7.04791,46.35742
8.75913,47.55643
6.86255,46.44827
6.49875,46.51732
8.72507,46.17853
7.19249,46.15659
8.82636,47.56518
8.28932,47.05741
9.58783,46.59285
6.89087,47.05831
9.88628,46.8904
9.19903,47.22431
8.44346,47.3322
6.77066,46.64162
7.19991,47.17782
6.22183,46.37977
7.23009,47.13428
8.28675,47.16907
7.33085,47.14433
6.90034,46.21063
6.71099,46.57525
9.08445,47.3295
9.01392,45.85901
9.2083,47.47942
8.27175,47.46922
9.44264,47.40331
8.16227,47.34551
7.31047,46.24521
6.73956,46.71385
8.67119,46.27872
7.03824,46.07642
9.41544,47.33404
7.00753,46.34161
9.53876,47.44553
6.64241,46.64329
7.44554,46.26027
8.7437,47.5639
7.22065,46.10531
8.34316,47.45588
8.24823,46.85788
6.23169,46.47334
7.75536,46.02449
7.04436,46.14791
6.20179,46.33062
9.6735,46.67196
9.43327,46.68609
7.20065,46.17444
7.33327,46.01516
8.73647,46.22761
7.10846,46.63279
7.31755,46.25539
8.88808,47.57725
6.18609,46.48504
9.2655,46.82043
7.01072,46.24211
8.65176,46.29006
7.55778,47.25804
6.81407,46.39026
7.9172,46.29978
8.79737,47.44453
7.83659,46.69487
8.743,47.2375
8.67098,47.17684
6.00968,46.22893
9.36017,47.51378
7.19686,47.22427
7.89116,46.63731
6.19583,46.20058
6.52518,46.60341
7.33317,46.90922
8.2936,46.84365
8.93063,45.98842
7.5287,47.22652
7.63758,47.16395
8.1159,47.56661
6.89989,46.45104
7.79728,47.28162
7.93378,46.91286
7.59003,47.38765
8.98266,45.90523
7.50767,46.24182
9.47849,47.40896
7.53864,46.29189
6.93184,46.24396
7.28597,46.23714
8.14495,47.08712
9.05306,46.97872
6.14489,46.14902
6.75967,46.87611
9.16544,47.53685
7.49307,47.1654
7.837,47.22904
7.53458,47.36784
7.43386,47.12282
7.44898,47.2099
9.37911,47.38663
8.60184,46.3468
7.0455,47.04982
8.04037,46.97705
7.57264,47.39266
8.75686,47.0988
8.04083,47.13723
7.01232,47.02204
9.42516,46.60405
9.53087,47.36422
6.87594,46.38033
9.28599,46.83714
8.23671,46.89307
7.65084,46.58966
8.12022,47.01851
8.75735,47.28412
8.13022,46.82948
7.25037,47.23799
9.12305,47.43067
9.10538,47.38357
8.77305,47.20614
8.78117,47.45317
6.86179,46.37531
6.89955,46.33703
8.65147,47.55427
7.18638,47.32608
9.04187,47.62435
9.03994,46.21653
7.22849,46.17655
7.16123,46.2049
7.73463,47.22423
6.6215,46.92757
9.28622,47.14223
9.33585,47.11445
8.93741,46.52724
8.29462,47.17368
8.22269,47.10864
9.84261,46.89079
6.70238,47.06885
7.64169,47.03717
8.86685,47.49204
7.10008,46.95289
7.19846,46.08727
8.97037,47.38775
9.5845,46.9708
7.11642,46.76337
8.95099,47.4979
8.95819,46.68698
9.08108,47.02866
9.32038,47.4871
7.65182,46.74147
7.63564,46.5812
8.43425,47.0851
9.02281,45.9684
8.57578,47.02668
8.21515,46.44998
6.97645,46.8537
7.10435,47.04106
6.62395,46.54679
6.87274,46.18026
6.84463,46.54506
7.03075,46.16391
9.36096,47.3621
8.91541,47.27394
7.46033,47.0115
8.99008,45.87271
7.58912,47.07787
7.41301,46.29652
8.66932,47.00511
7.19345,46.88972
7.59963,46.53763
7.14794,46.0414
9.24969,47.24579
9.21234,46.71505
8.79356,47.23917
7.69433,47.32001
7.7374,47.26565
8.98215,47.66683
7.2589,47.12649
7.63468,47.05718
7.56474,46.48872
7.2458,46.15638
8.12697,47.29139
6.83158,46.34538
9.29369,46.83603
7.07844,46.54912
8.56065,47.15613
8.54066,47.11712
7.86531,47.54921
7.38136,46.2584
9.54475,46.831
9.32504,46.79942
9.5499,46.33677
8.24582,47.05888
8.26908,47.42362
9.11959,46.33542
7.78779,47.17158
7.23185,46.94619
6.50518,46.74611
8.47875,47.08023
8.82927,45.99077
9.55071,47.42124
8.37712,46.82129
9.46287,47.23367
8.30168,47.34677
8.40411,47.37389
7.43854,46.24817
9.53006,47.00988
8.98352,46.31095
8.36161,47.19956
7.96949,47.32194
8.51389,47.16264
7.91326,47.10936
8.65134,46.40036
8.15928,46.7885
8.2666,46.92791
6.84375,46.85394
6.97499,46.07829
7.05323,46.08039
7.98122,47.41392
6.71609,46.52476
8.94542,46.05524
7.82801,47.46366
7.54817,47.36501
8.8831,47.43886
8.94491,47.42473
6.98049,46.31691
9.59282,47.45512
8.86443,46.15736
8.61347,47.56244
8.89425,47.50344
6.89775,46.32062
8.20772,47.01783
6.20695,46.3416
8.2398,47.2582
8.191,47.20469
8.64376,47.14312
6.81089,46.67171
6.19297,46.24842
7.14531,46.80357
7.74223,46.97334
6.79238,46.74398
8.52755,47.50741
9.29038,47.33208
8.18396,47.23655
7.50575,47.38383
7.50096,47.48923
9.54519,46.77564
9.10127,47.60689
8.58683,47.17847
6.20466,46.45225
6.48134,46.49244
9.5234,47.25438
9.13995,47.36474
7.0823,46.64597
8.64484,46.3594
7.59152,47.24267
8.99321,47.60797
7.49877,47.48964
9.2493,47.35165
7.16909,46.50752
7.40734,46.19375
7.24731,46.98724
7.2913,46.2653
7.77902,46.07752
7.9833,46.31953
8.3069,47.53089
7.5658,46.66047
8.80834,47.53759
8.20415,46.44911
7.8235,47.22673
7.11148,46.03103
8.41793,46.81937
7.18067,46.08033
7.90304,46.61517
6.81189,46.57369
8.15383,46.68
7.78296,47.49214
9.05436,47.10955
7.15655,46.78894
6.78604,46.71649
9.30882,47.12583
9.5409,46.66368
6.41292,46.4983
8.10664,47.35493
8.6127,47.04821
8.77264,46.68016
9.56362,46.89895
8.27136,47.3497
8.85679,47.18539
8.29773,46.92006
8.37029,46.87217
7.27167,46.96291
9.4583,47.36302
8.33867,47.29258
8.45104,47.2805
9.33842,46.78061
8.05838,46.95643
6.97613,46.08543
8.0013,47.09661
8.24197,47.45305
8.76341,46.10771
8.17495,47.4166
9.43106,47.02978
6.75719,46.87427
7.74848,47.33394
6.75698,47.06235
7.7085,47.4698
6.48852,46.646
9.42386,47.37237
9.33928,47.13312
6.78878,46.48922
8.06663,47.18425
9.54251,46.83491
6.72347,46.77757
6.68493,46.51993
9.06407,47.06985
7.89456,47.46895
6.72674,46.80559
6.09788,46.16566
9.59277,47.33081
9.06605,46.22696
9.04573,47.67266
7.33064,47.17107
8.52681,47.06898
9.566,47.34524
7.09309,47.06299
9.59847,47.34932
7.36064,47.37138
8.79534,47.6345
6.87569,47.00587
8.64145,47.4372
6.8632,46.16191
9.13336,47.48191
7.14812,46.63008
6.95086,46.46769
7.78349,46.88093
9.40616,46.7418
7.92367,46.59381
8.40646,46.97354
7.88386,46.91852
7.04881,46.47539
7.7919,46.13464
8.2988,46.11393
7.15043,47.04787
6.99781,47.0437
8.96801,46.15368
9.21527,47.09069
8.21467,47.4119
7.81022,47.44322
7.94578,47.28416
8.46593,47.21345
8.54878,46.37316
7.97029,47.18222
7.72061,47.51982
8.91678,45.95728
6.90399,46.98154
7.63142,47.47817
7.97182,47.23612
8.06804,47.23351
9.17748,46.61353
7.10654,46.45995
6.87378,46.3569
8.24701,47.32197
9.4411,46.52221
7.08966,46.35208
8.5482,47.05028
7.62968,46.6744
8.6781,46.99205
8.99789,47.48901
6.31992,46.55117
9.46137,46.51178
6.7687,46.9589
8.39939,47.21457
6.20878,46.35448
9.12691,47.24544
6.71038,47.06835
6.62576,46.95433
9.17771,47.59909
9.31189,47.2064
9.01694,47.41467
6.88269,46.18953
6.69369,46.84931
6.86561,46.23665
6.58627,46.73181
7.67799,47.57322
6.83945,46.69708
7.24693,47.1759
9.75221,46.91987
6.51489,46.66282
7.02325,46.91756
8.99111,46.27644
8.0484,47.43744
7.63355,47.21833
6.55842,46.68019
7.01167,46.29622
7.79592,46.90055
6.99178,46.24389
7.77294,47.2753
7.48364,46.80762
7.97886,46.93116
7.42015,46.1797
7.17514,46.4997
8.35433,47.50696
9.45847,47.41677
9.5646,47.46101
6.30799,46.51387
7.56885,47.16463
9.04279,47.46781
8.96729,47.33515
9.41364,47.05236
8.28692,46.83346
8.76901,47.14868
8.3891,47.13222
9.58474,47.40093
8.40175,47.02862
8.10602,47.16616
7.28525,47.05403
6.83956,46.93287
7.5613,46.83496
9.2529,47.41834
7.66329,46.4849
7.06065,46.78229
9.49904,47.02248
9.26799,47.11191
7.72432,46.94668
7.58872,47.43522
8.73832,47.66334
7.63103,46.75303
7.08592,47.38465
7.90395,47.12793
9.29286,47.3252
7.15689,47.19449
6.27204,46.2416
9.53226,47.46423
8.68196,47.10587
9.12551,47.32742
7.0596,47.08367
8.0526,47.28361
7.05797,47.30614
7.74026,46.30312
7.85388,47.46474
8.49501,46.31961
7.09143,46.68157
9.63408,46.6736
9.1699,47.11285
8.90229,46.04628
8.94811,47.50042
7.01582,47.15326
7.36498,47.19675
8.69579,47.05457
8.96276,46.03058
8.69062,47.63984
7.91957,47.13662
6.27545,46.39198
7.70531,47.43136
8.36654,47.41327
7.54258,46.28239
6.41255,46.65479
7.59005,47.58182
6.68407,46.58026
7.28393,46.92727
8.92749,47.55163
8.95821,46.6867
7.83318,47.49998
7.87187,47.50776
7.3521,46.7123
7.01141,46.76615
6.90366,47.37865
6.68543,46.65766
7.47521,46.12871
8.2927,47.59263
6.92892,46.42904
8.54133,46.38488
7.8672,46.65963
6.64298,46.74011
7.48297,46.12448
7.62986,47.50085
9.2083,46.32897
7.32108,46.29925
8.82721,46.45731
7.12147,46.44579
6.73868,46.85743
8.91317,45.96269
8.33638,47.02926
9.0833,47.67133
6.91699,46.78927
7.92354,47.39708
7.18515,45.83535
7.14654,47.03751
8.15169,47.13147
7.33677,46.94616
8.26699,47.14291
7.07562,47.01179
6.24178,46.24965
9.12461,46.78241
7.90047,46.85266
7.14662,47.09155
7.7583,47.3343
7.68556,47.00782
6.42309,46.46902
7.157,46.62012
7.7691,47.22804
9.22773,47.61413
6.90738,46.52903
9.16523,46.60915
9.07356,47.53212
9.38616,46.29932
8.34751,47.56365
9.28685,47.19357
8.05973,47.49922
6.52873,46.79272
7.70352,47.28956
7.5913,46.19757
7.12002,46.79763
8.29713,47.39965
7.18644,47.1108
7.30848,46.71517
8.94998,47.17779
6.68425,46.93897
6.798,47.03727
7.96131,47.28072
9.44559,46.83291
7.54566,47.10306
8.22683,47.58892
8.02197,47.51056
9.29843,47.26033
8.1143,47.28783
8.28429,46.80796
7.15401,46.13213
8.17043,47.3024
7.47088,47.38037
6.97609,47.13687
6.63335,46.79868
8.57374,47.11365
6.57343,46.6147
7.17998,47.06053
7.4582,46.2239
8.98702,45.94598
9.17724,46.77884
6.84403,46.48372
7.46241,47.26032
7.27057,47.34222
7.1592,46.07803
7.01134,47.07935
6.64565,46.78694
7.89391,46.87868
7.48791,46.67399
8.7199,46.14322
7.77927,47.32129
8.97703,47.18177
8.24037,47.03622
6.41791,46.53786
8.07002,47.04258
6.61836,46.79642
8.48878,47.00832
7.99656,47.1205
7.07558,46.60363
9.44229,47.05504
7.59901,46.5478
6.74779,46.88802
6.15461,46.44731
6.54205,46.80419
7.30029,47.11201
9.87484,46.87108
6.61028,46.91213
6.94275,47.0364
6.53787,46.89569
6.9955,46.87812
9.21347,47.43352
9.54147,47.30854
6.52927,46.91882
9.10355,47.13488
7.33356,47.14235
9.37364,47.08099
8.25523,47.30223
6.83526,46.7108
7.37389,46.20419
7.45596,47.07597
6.94786,46.82096
6.47289,46.61563
9.54256,46.66346
8.60794,46.52643
7.74691,46.01881
7.72443,46.66291
8.18097,46.36286
7.92055,47.51192
6.66441,46.67157
8.64554,46.51964
7.24439,46.27447
7.07509,46.2987
10.12638,46.2514
7.64437,47.59117
8.87728,47.64179
7.30216,46.75564
8.63851,47.10082
7.28882,47.18747
7.29111,47.115
7.01184,46.79546
7.63016,47.42965
7.9546,46.86274
8.39887,47.32858
6.40404,46.71973
8.54167,46.38475
6.61234,46.78215
6.92006,47.3795
8.67741,47.13866
8.22662,46.70699
9.0264,47.53164
7.62553,47.30743
9.55249,47.29816
6.57691,46.90298
8.01614,46.83129
9.66829,47.39381
7.44556,47.42857
7.70204,47.46563
8.96079,47.25324
6.99305,47.1177
6.36302,46.70824
6.9026,46.75483
8.97431,46.35239
6.54253,46.63127
7.23442,46.90532
7.32112,47.33269
7.93975,47.29222
7.6597,47.34501
9.53903,46.78944
7.92559,47.45264
9.54358,47.2806
7.41493,47.21475
7.38431,47.3034
7.02533,47.38498
7.623,47.30907
9.40716,46.78712
6.99376,46.81178
7.00692,46.72988
8.15827,47.51095
8.89178,47.18595
7.19044,47.04044
9.25029,47.24568
8.61831,47.67301
7.97536,47.15869
8.21566,46.46324
9.2504,47.62958
8.59323,47.10186
7.58389,46.84929
6.76302,46.95456
8.37339,46.9954
7.09275,46.60885
7.67517,46.73241
8.83519,45.99993
9.11289,46.6638
6.48467,46.74814
9.02976,45.83008
8.01534,46.85579
8.12951,47.29676
6.8009,46.48253
6.68235,46.59439
8.12793,46.7448
7.30282,46.80458
8.78694,47.64831
6.53446,46.76772
6.76255,47.10411
17.628626,51.853272
17.510402,51.720779
17.640057,51.941831
18.49042,53.06987
17.017823,52.504457
16.40982,51.08887
17.72325,51.73672
17.24687,52.32713
17.340308,51.955123
17.430609,51.743578
7.39191,47.27862
8.24912,47.55988
7.82685,47.04776
8.9809,47.22717
9.06552,47.2636
7.48428,47.34595
7.86141,46.92991
6.85285,47.04478
9.1469,46.98178
9.49415,47.24991
7.67711,46.51905
7.9015,46.55722
8.15043,47.24734
8.82862,46.00862
8.86823,45.97227
7.8738,47.20151
8.18504,46.83768
7.90479,47.41688
9.19361,48.80389
9.94028,53.60111
-7.428175,54.330336
-7.773555,54.541017
-6.043822,54.509905
-6.330125,54.469405
-5.962067,54.540765
-6.43751,54.146369
-7.54132,54.30132
-6.447909,55.008988
-5.827815,54.53717
-5.762896,54.564335
7.21473,46.07562
8.89963,47.14791
7.79291,46.8703
7.58392,46.79418
7.32959,47.27753
7.16812,46.80256
8.91331,45.83548
7.21007,47.12381
7.87625,47.26418
7.20958,46.20873
7.91611,47.04633
8.00614,47.26539
6.28397,46.64697
7.02165,46.60219
7.79187,47.19642
6.43834,46.62145
9.01119,46.25607
9.81169,46.79198
7.16908,46.55654
7.6284,46.3699
7.34815,47.24463
8.99854,46.92517
7.02822,47.3053
7.95296,47.06961
7.35901,47.09074
7.51114,46.7698
9.42386,46.75293
8.91576,46.01376
6.37435,46.49972
6.5964,46.70306
6.71409,46.64749
7.95625,47.19369
9.00154,46.92635
7.36777,47.3873
7.08821,47.4251
8.04473,46.35952
7.4523,46.15317
6.41345,46.55388
6.23744,46.44458
8.73325,46.49513
6.79005,46.66789
8.61239,46.15368
7.9073,47.5545
7.71127,47.31647
7.56622,47.51819
8.80017,46.31103
7.67515,47.53262
7.85178,46.30581
9.00408,46.16238
7.38021,47.39868
7.15493,46.98075
8.11638,47.4758
7.94535,47.55661
8.34686,47.33457
7.95635,46.91989
6.70263,46.49728
6.69827,46.71495
7.82988,47.58458
7.40453,47.35296
4.90051,46.5671
13.658611,48.536389
13.062222,48.186111
12.937222,48.09
13.421389,48.386667
13.473889,48.348611
13.054167,48.036667
12.895556,48.000278
13.654167,48.371389
12.783056,48.1225
12.878056,48.157222
13.048056,48.160278
13.161389,48.097222
13.446111,48.487222
13.456389,48.514167
13.060833,48.051111
13.039444,48.261667
13.335833,47.988889
13.170833,47.985556
12.990556,48.100556
13.107778,48.257222
13.09,48.1325
13.238333,48.249722
13.551111,48.291111
13.291111,48.021111
12.823333,48.150833
13.2925,48.302778
13.426944,48.252778
13.109722,48.074444
13.117222,48.084444
13.453333,48.121389
13.643889,48.171111
13.006111,48.249443
1.59254,48.5855
13.505278,48.159722
13.406667,48.361111
13.294167,48.264167
13.058611,48.233889
13.572222,48.514722
13.595556,48.150278
12.858056,48.121667
14.120833,48.538611
12.874167,48.178611
13.750278,48.465278
13.608889,48.556111
13.434167,48.324444
13.395833,48.125556
13.771111,48.453333
13.881111,48.669722
13.445556,48.180833
13.480556,48.493611
13.657778,48.439722
12.844167,48.060833
13.295556,48.242222
13.540556,48.456389
13.692222,48.325278
14.42,48.04
13.509722,48.2275
13.428056,48.457222
12.901111,48.067778
13.351389,48.228333
12.846944,48.019722
13.151624,48.253162
13.246389,48.206667
14.329167,48.432778
13.290833,48.179167
13.208611,48.040278
14.254722,48.52
13.523333,48.495278
14.285833,48.553333
12.968056,48.207778
13.463889,48.206111
9.907222,47.4425
13.413056,48.188611
13.16,48.0425
13.138611,48.131667
13.13,48.1975
13.581389,48.141111
13.132778,48.241667
13.357778,48.284167
13.186111,48.238889
13.109167,48.196111
13.353889,48.329722
13.335556,48.206944
13.283889,48.298611
13.640556,48.469167
13.29,48.043056
12.986111,48.071111
13.590556,48.273056
13.099167,48.215
4.35,51.35
6,51.85
4.4,51.9
13.698889,48.463056
12.837778,48.156667
13.175833,48.204167
13.4775,48.226667
5.55,51.95
6.75,53.15
4.85,52.05
4.55,51.6
7.175274,51.564946
6.55,52.95
4.7,52.65
4.308622,44.448564
4.05,51.25
5.2,52.25
-1.485355,54.685929
6.65,53.2
5.8,51.8
4.25,52
5.45,51.45
7.111706,51.544491
7.669249,53.129296
4.7,51.75
5.1,52.2
7.161686,51.496533
4.45,51.9
4.4,51.55
5.4,51.85
4.5,51.85
5.15,52.15
7.066966,51.569892
5.85,52
6.1,51.3
6,52.8
7.577295,51.321114
5.9,51.95
5.05,52
4.45,52.15
6,52
5.95,51.25
3.124518,50.363561
6.05,52.85
5.95,51.85
6.4,53
6.2,52.1
5.1,51.55
6.45,52.7
5.05,52.2
4.75,51.55
-5.358344,43.34388
5.15,51.9
5,51.55
4.65,51.45
4.15,51.9
6.900554,51.492152
6.1,52.55
-2.705684,43.226031
7.560873,51.35727
5.85,51.85
1.925798,42.428145
4.55,52.35
5.6,51.95
5,52.1
4.7,51.55
6.7,53.1
5.75,53.2
6.05,52.5
7,52.65
5.8,51.85
4.45,51.95
6.111085,51.836262
5.4,51.9
7.05,53
6.75,52.9
4.7,52.6
3.227551,50.389946
6.7,53.15
4.25,51.85
5,52
4.3,52.05
5.1,52.05
6.85,52.25
7.79181,53.357584
3.85,51.5
5.95,52.15
5.4,52.15
-0.061101,48.461975
4.4,51.85
9.056654,51.203253
4.75,51.75
6.8,52.75
5.55,52
5.9,51.8
7.129124,51.591856
5.95,51.95
5.7,52
7.90857,51.02088
5.2,51.55
3.6385,50.2509
4.35,51.8
5.05,52.05
5.25,51.8
4.95,51.55
6.8,53.15
6.6,53
7.104506,51.205252
5.2,52.2
5.2,52.1
6.45,52
5.05,51.55
5.2,52.15
5.75,50.9
6.5,52.75
7.12532,49.982358
6.198096,50.565768
4.45,51.85
4.3,52
5.1,52.1
6.85,52.2
4.7,51.5
4.75,51.9
4.35,51.95
5.8,51.7
4.9,51.55
8.922403,51.871722
2.25912,47.31432
2.66405,47.66782
6.2,52.75
4.5,51.6
5.95,51.2
4.45,52.05
-8.530777,42.886153
5.85,51.4
4.0878,44.38161
2.59082,46.41876
3.21035,45.63805
3.67145,45.3979
3.76269,46.19906
4.42756,44.61025
4.29483,45.67344
4.83236,45.66805
2.60425,46.39385
4.75506,45.38417
2.41827,46.29497
4.37152,44.649
4.20931,45.7446
4.36367,44.4929
4.09057,46.16393
4.01025,45.82581
3.26543,46.62063
4.08003,46.14301
3.50738,45.51814
4.15657,44.41609
3.22037,45.7166
4.24727,45.58219
4.19915,45.6564
2.62858,46.56835
4.73507,45.4139
4.08449,46.17463
8.413249,55.643355
9.026702,55.908022
9.997526,55.715288
8.411247,55.882357
11.935626,55.595244
8.371737,55.953145
9.970692,55.916781
11.236498,55.360125
11.963941,55.759973
8.636095,55.770014
11.253779,55.52519
8.676381,55.909397
9.969769,56.199825
8.60481,55.868754
8.645101,56.006348
11.522372,55.636804
8.629523,56.125801
9.7079,56.682272
9.709267,56.755036
10.118558,55.270325
8.616386,56.152715
9.693096,56.765009
10.138818,55.537932
9.708009,56.861952
10.183896,55.508749
9.824321,56.106537
9.357882,56.951485
9.84038,56.473909
9.157033,54.902417
9.674888,57.208005
10.125691,55.964883
11.513515,54.67425
9.35279,56.760146
9.812731,56.243186
9.13052,55.383208
9.372106,56.893948
9.153217,55.538634
9.383955,57.088855
9.231852,55.167394
8.906223,55.456026
9.198809,55.781175
9.206849,56.094738
8.916557,55.802871
9.308735,55.770166
9.399076,54.935114
10.355037,56.292349
9.538842,55.927513
8.855063,56.037323
9.537814,56.429767
10.314018,56.509335
9.030185,56.275498
10.327006,56.462474
8.88414,55.974459
9.421594,54.998842
8.351577,56.391501
9.037002,56.647443
9.525746,56.729891
8.346705,56.769714
9.030589,56.783101
9.516098,56.97968
10.330013,57.057232
8.368082,56.860561
9.007685,56.829819
9.561721,57.059438
10.018779,56.224589
8.400349,56.893961
9.006077,57.025661
9.974945,56.213262
8.638546,56.36392
10.045732,56.325896
11.84517,54.913248
8.616155,56.658535
10.047858,56.462448
11.335805,55.385232
8.660792,56.955129
10.171873,56.167525
8.912569,56.156874
9.040025,56.420144
9.068096,56.70852
9.559258,56.785445
10.460414,56.47086
9.999477,56.597617
10.499059,55.301296
8.445048,55.529385
8.614879,56.463575
8.606942,56.916342
10.020932,56.66842
10.545558,55.322285
11.331224,55.361051
8.667376,56.954249
10.030429,56.896544
10.010659,56.528345
10.533885,55.183132
11.324567,55.462747
11.516546,55.247709
4.78283,45.59647
4.7121,44.58271
4.8048,45.62899
4.69512,45.85878
2.43647,46.46897
4.92606,45.68086
4.61651,44.80405
4.75591,45.37316
4.15025,46.1504
3.46722,46.00484
4.10036,44.4215
4.39322,44.5215
3.37499,45.92146
4.2111,45.75084
4.75584,45.82905
4.25563,45.49117
3.37419,45.92074
3.50246,45.83624
4.39488,44.93855
4.07579,45.72354
4.32932,45.53416
4.19269,44.40576
4.17898,45.81748
9.601675,57.185021
9.170651,55.53951
10.060489,56.682465
9.166867,55.393947
10.109487,56.405308
9.233619,55.469318
10.065354,56.449721
8.836659,56.214299
9.366682,55.660385
8.762596,55.936548
10.700433,55.14767
10.701887,55.21865
8.814178,56.195399
15.00752,55.10478
8.7629,56.409142
8.980135,56.253039
9.341037,55.818601
10.228743,56.836353
8.778426,56.525966
9.371993,55.885001
12.1379,55.77324
12.25987,55.6259
8.224139,56.524639
8.771669,56.568179
8.931422,56.417436
12.11754,55.85456
8.775806,56.693962
8.927825,56.604304
11.783499,54.720489
12.32044,55.66949
8.282893,56.253657
8.546184,55.551367
9.027664,55.000467
9.985981,54.937164
10.290086,57.521222
10.476226,57.334111
8.304915,56.19628
9.049452,54.920481
10.412568,57.36359
8.355555,55.866803
10.302745,57.407897
10.474277,57.326946
11.797807,54.882883
8.955349,56.745364
10.288191,57.230165
8.950095,57.006786
10.322741,57.316053
8.299595,56.311255
8.546257,55.956607
9.06995,55.045382
10.490797,57.406711
11.954516,55.127307
8.556354,56.333106
11.922801,55.272813
8.594777,56.064595
10.449485,57.41438
8.53926,56.409411
9.998088,55.299227
10.107377,56.833894
11.982798,55.337889
9.96521,55.37228
10.113787,56.88415
11.148336,55.683472
9.981568,55.459317
10.070904,56.991436
8.579375,56.88481
9.64845,55.590031
10.082548,57.165625
11.987628,55.527461
9.582505,56.8069
9.172415,55.942048
10.145188,57.319591
11.212742,54.904841
8.532054,55.138858
9.53109,55.82871
9.186719,55.251042
10.087358,56.311161
9.358847,55.324343
12.12442,55.39266
9.643918,55.797621
10.116423,57.356682
9.188594,56.305906
10.151797,57.424639
8.834052,56.071439
9.688751,55.807262
9.226771,56.475646
8.81144,56.424499
9.349887,55.737708
8.784389,56.334611
9.319035,55.665011
9.186108,56.791051
9.331034,56.143884
9.203259,56.935661
9.37238,56.25877
10.699736,56.304272
12.15029,55.90926
8.794477,56.86289
10.739521,56.397174
9.21925,56.860172
10.728211,56.326343
9.071693,55.145128
9.344605,56.58049
10.776265,54.876055
8.77465,56.887111
12.20612,56.0229
8.397129,56.070976
9.344164,56.531977
9.056211,55.293406
10.260494,55.229401
11.777337,55.354421
8.818354,57.012054
8.740312,55.196992
9.868658,55.789949
8.895646,56.459637
8.301667,56.816186
9.026388,55.440783
10.325112,55.32847
9.032518,55.205352
9.36668,56.674759
9.001101,55.571976
10.439835,55.144735
8.412495,55.58764
10.344211,55.566405
10.483547,55.223298
11.821646,55.489149
9.050777,55.97091
11.799707,55.603818
10.54,49.07
11.04,49.32
12.37,48.62
11.04,49.37
11.04,49.42
11.37,48.77
10.96,49.57
10.29,48.22
10.62,49.27
11.04,49.57
12.79,47.87
10.96,48.37
10.29,47.72
12.71,48.67
10.96,49.42
9.87,47.57
11.04,49.62
11.54,48.47
11.29,47.92
9.87,47.52
13.37,48.62
11.04,49.47
10.62,47.87
10.96,49.12
10.12,49.27
11.12,49.32
11.96,48.32
10.46,49.12
13.04,47.67
11.12,49.37
10.29,47.87
13.04,47.62
10.71,48.77
12.21,48.32
12.29,47.82
10.37,49.22
11.29,49.12
9.29,49.62
11.46,49.27
10.21,50.02
10.21,47.87
12.79,48.32
11.21,47.97
13.12,49.02
13.5,48.59
12.21,49.72
12.96,48.97
11.29,48.47
12.46,48.62
11.04,49.22
12.9,48.21
11.71,48.77
12.46,48.52
10.37,48.22
12.96,47.67
10.37,47.47
10.54,49.27
10.96,49.47
10.29,47.92
11.21,50.17
4.7946,45.57392
4.15737,45.62543
10.21,49.37
-2.63963,57.485961
-2.586862,57.419745
-2.828108,57.338441
-3.716454,56.324924
-3.717745,56.353661
34.286817,55.207613
40.4375,56.133333
25.833917,54.828167
34.8417,58.062
37.503056,55.971944
2.43739,46.45307
3.97427,46.06946
4.18491,45.78656
4.66221,44.4151
4.68136,45.40905
2.50098,46.41997
4.03587,46.07748
2.49413,46.42854
4.24972,45.4181
3.74959,45.58182
3.19932,45.65611
4.20268,45.69565
4.81499,45.14419
3.49057,45.856
10.615849,55.151516
11.39223,55.613346
8.69271,56.471878
10.189184,57.396443
10.589727,55.244429
8.892097,56.566545
11.685452,55.488617
8.737383,56.584283
8.896083,56.299716
10.201871,57.580485
10.59426,55.357608
8.69637,56.825856
8.906603,56.623156
9.794547,56.766201
11.613529,55.52613
12.06246,55.97012
8.916247,56.683356
9.787253,56.886633
10.212682,55.311664
8.854241,56.677908
9.758392,56.839197
11.64823,55.617971
8.871906,56.762376
9.795783,56.901852
10.219779,55.388878
8.183523,56.44801
9.418813,56.813845
9.775922,57.368224
9.952532,56.219726
10.411094,57.498366
8.907866,56.773188
9.956233,56.109181
8.184625,56.472276
8.885655,57.081305
9.486478,56.726456
10.407078,57.43732
8.905916,56.89806
9.779843,57.317894
9.952164,56.139762
9.483421,56.87021
9.439183,56.874865
9.897066,56.261471
8.84725,56.791994
10.369124,57.357781
9.415045,57.065399
10.348955,55.148471
9.496935,54.89701
9.949486,56.487498
9.901787,56.393514
10.363148,55.288509
9.940923,56.600769
9.139057,56.4614
9.111701,56.540488
9.513901,55.249205
9.116998,56.676142
12.47415,55.85072
9.099346,56.790252
9.642367,56.379855
9.08976,56.889079
14.90563,55.11193
9.191674,54.972462
9.633152,56.702439
9.187814,55.149498
9.290734,56.560862
9.273157,57.055907
10.657562,56.263509
8.683023,57.047718
9.324776,56.925523
11.438688,54.719829
8.809083,54.941908
9.289259,57.006462
11.428119,54.802743
10.685084,56.338619
14.99655,55.08142
11.486181,55.416423
12.28423,56.05341
10.257749,56.331113
11.707878,55.607679
8.803653,55.413671
9.376339,55.174223
8.232923,56.088933
8.989883,56.014047
10.229425,56.355658
11.773264,55.611611
8.931392,55.531522
11.512458,55.506673
8.831714,55.500874
8.278114,55.648025
8.942375,55.60431
10.239329,56.211795
11.526321,55.574702
8.241648,55.72598
8.969267,55.719333
11.695933,55.526141
8.267439,56.133169
8.939902,56.179352
8.960926,56.098498
8.192624,56.40135
8.479778,56.729912
9.491855,55.5018
9.924166,57.113887
10.402,55.541494
12.29838,55.27348
10.42996,56.394839
8.431081,56.815945
9.981441,57.281447
10.072751,56.020167
8.476451,56.968867
10.098643,56.028026
3.54985,45.7654
4.61337,45.821
3.32427,46.41597
4.69859,44.57368
3.47632,45.89161
3.56012,45.4328
2.542,46.39437
4.80216,45.61689
4.23743,44.48589
3.46452,46.04579
2.58353,46.45851
4.41286,45.3362
3.56055,45.6988
9.767679,55.9263
9.878395,56.993833
10.20159,56.499691
8.755254,55.321928
9.289419,55.312845
10.597955,56.421543
8.501002,56.11277
9.288968,55.033377
10.069107,57.043559
9.469879,55.25118
9.438381,55.533453
9.521789,57.151241
8.492214,55.802749
11.875224,55.311702
9.263151,55.628303
9.770748,56.080826
10.157479,56.810979
12.05715,55.38387
11.398956,54.704441
8.739028,55.392883
9.283978,55.433269
10.561716,56.407627
11.549506,55.565233
11.361011,55.251717
12.00756,55.41323
9.149075,55.280748
11.843051,55.390666
9.088531,54.954608
12.33559,55.63386
9.882645,54.92268
9.405594,55.272078
12.19381,55.63879
8.459597,56.083844
8.694216,55.062091
9.087973,55.413797
10.051073,57.512658
12.40532,55.90052
8.470322,56.004823
9.897413,56.894875
10.169379,56.455972
9.081205,55.193647
11.886622,55.056115
9.84402,57.365091
9.754644,56.325315
10.20778,56.948862
11.375157,55.330543
9.257022,54.931004
8.701586,55.542859
9.273474,55.514164
10.174396,56.775781
10.548217,56.474289
12.05397,55.29928
8.45285,56.332692
11.932306,55.699604
9.399685,55.623441
9.920479,55.416658
9.800103,56.411283
10.169816,57.048948
11.580003,54.695327
9.739974,56.569782
10.226774,57.126565
11.606991,54.72891
9.422075,55.933359
9.945463,55.73457
11.625949,54.805814
10.168885,57.333747
9.470562,56.103898
9.937922,55.95118
9.472581,56.399485
9.629196,55.576653
9.434429,56.32146
9.904954,56.116755
12.37225,55.96364
9.117485,55.777685
9.602674,55.60554
9.626186,55.786031
9.576583,55.990238
8.738682,56.159324
11.382246,55.527253
8.751846,56.115326
9.088563,56.380588
9.308969,55.799816
11.412852,55.354073
9.120298,56.173019
8.716453,56.117047
9.151408,56.302363
8.734836,56.250061
10.606202,55.106707
9.408719,55.423031
8.483682,56.205242
9.094531,55.514432
9.253938,55.184424
8.501737,55.931276
9.081579,55.37696
11.372614,54.784964
11.995766,55.070558
8.731728,56.002075
9.728234,56.126908
11.599073,55.906659
9.249744,55.517809
9.126568,55.133402
9.434054,55.572107
10.801646,56.408867
12.41022,55.63456
9.842167,57.211487
11.558514,55.654932
4.41017,44.59055
4.40577,45.41622
4.39396,44.62776
2.43125,46.50194
4.53859,46.18818
4.75863,46.1076
4.77794,44.6777
4.05704,45.82554
4.70975,44.71864
2.948,46.31496
3.41072,46.17928
3.23744,45.46211
4.69516,44.53555
-7.499432,53.77724
-8.21281,54.2928
-9.644038,52.439729
-8.73854,51.75166
-8.38453,54.25946
-6.647754,52.6591
-9.506935,52.429872
-9.079766,52.119153
-8.514518,52.047427
-9.095063,52.113459
-9.334229,52.698855
-6.896997,52.268063
-7.564765,53.766713
-6.730731,52.600706
-7.601201,54.873619
-6.503647,52.290694
-9.227949,52.38996
-6.60181,53.216619
-8.791951,51.910182
-8.934725,52.90127
-8.473841,52.472669
-8.97139,52.345615
-6.94328,52.76655
-7.68851,53.54707
-9.15079,52.45959
-8.67855,52.6541
-9.36478,53.5429
-9.173586,52.500152
-6.772765,52.363897
-9.365482,52.419906
-9.543698,53.888755
-8.202917,52.759202
-7.388377,55.245511
-6.41844,53.31008
-7.06822,52.44081
-9.60592,52.523834
-10.11177,51.87512
-9.650757,52.462103
-8.493264,54.191441
-7.100092,53.65451
-8.577364,52.060617
-6.73081,54.12063
-8.74134,52.9927
-7.85888,52.06815
-6.769507,52.533715
-9.420256,52.477677
-6.576891,52.383269
7.172669,52.317126
6,51.15
12.21,48.02
9.87,47.62
10.87,48.37
11.29,48.77
7.866914,51.081046
12.735834,47.365502
39.757663,54.610553
39.696454,54.592113
36.25,54.51
40.101389,55.595833
40.652778,55.625
40.676389,55.598611
40.216141,55.677875
42.097222,56.147222
39.854933,57.306942
41.137738,54.704919
6.08872,49.7045
5.79146,49.8285
6.13992,49.9961
5.97469,49.7464
6.11675,49.8959
6.32692,49.5206
6.2336,49.9127
6.3362,49.8383
6.11385,49.8489
6.00161,50.1595
6.23687,49.874
5.99365,49.6965
6.503,49.7381
6.11304,49.7505
6.2192,49.7911
6.25706,49.8866
6.21928,49.7916
5.83962,49.8657
8.547485,56.91956
6.31228,49.8642
6.19974,49.8699
5.92113,49.7716
6.02438,49.9439
6.31693,49.7923
6.0699,49.9197
6.13527,49.6896
6.1515,49.7373
6.29718,49.4844
6.39078,49.6004
5.89211,49.5248
6.03505,49.4777
5.94302,49.6844
6.3008,49.7872
6.49957,49.713
6.45652,49.8126
5.91645,49.6336
6.08196,49.4784
6.51366,49.7853
6.13708,50.1272
6.08487,49.4878
6.02703,50.0943
6.2634,49.8683
6.3826,49.8365
6.29882,49.6668
6.05243,49.8564
6.51847,49.81
5.99955,49.992
6.46617,49.8202
6.2057,49.8149
5.88265,49.5616
5.88016,49.6845
6.12549,49.7998
6.00138,49.9905
6.14132,50.0107
6.37947,49.5602
5.97814,49.573
9.494638,56.127111
6.00382,49.5008
5.976,49.6586
6.0684,49.5145
6.08269,49.7469
6.28085,49.764
5.97389,50.1555
6.02354,50.0645
-4.082928,55.891847
6.29678,49.7318
0.739658,42.74522
4.507,51.949
18.367401,49.1963
19.272634,49.212026
18.75576,49.210062
18.398632,48.309722
18.725501,48.522286
19.589992,48.815675
18.353101,49.2098
18.807175,49.147409
18.666719,48.421998
19.666371,48.824008
18.696892,49.261995
18.483901,49.144
19.689971,48.891221
18.621193,49.404777
18.389101,48.9505
18.398721,49.16936
21.840366,49.120395
18.826008,49.35949
19.260444,48.593096
17.976911,48.837924
21.586612,48.899273
20.364968,49.35639
19.956669,48.259354
17.316073,48.335801
17.940315,48.826536
21.550565,49.036706
20.042794,48.196865
17.295048,48.308271
19.331403,49.047178
18.26205,48.8318
17.273197,48.324161
17.989454,48.789746
20.024727,48.188535
18.77185,49.282954
19.546376,48.443622
18.327301,49.2295
19.304051,49.237776
18.889064,49.175581
18.091168,48.912441
19.469026,49.28164
19.008094,49.106431
18.620895,49.470491
18.558382,49.127687
18.515601,49.1385
18.619045,48.833265
18.728646,49.147284
18.651334,49.40999
18.188512,48.990526
18.408901,48.9622
18.538701,49.0633
18.675925,49.116487
18.836527,49.421434
20.027291,48.72676
20.03678,48.843048
20.140167,48.73995
20.114001,48.556482
20.117351,48.77333
19.855404,48.845591
19.297423,49.207853
18.842239,49.240793
18.303501,48.9452
19.478278,49.401707
21.659156,48.886579
19.524047,48.186896
19.587157,49.352272
20.382366,48.627279
20.044021,48.74151
20.271838,48.479394
18.796578,48.453249
18.076698,48.905906
19.496912,48.818149
18.465901,49.0237
20.317349,48.695695
20.182643,48.509911
19.601149,48.562355
18.6446,48.408309
19.675521,48.739134
19.684574,48.327781
21.685977,48.783233
18.91678,49.117768
19.782821,48.204366
18.528301,49.0167
20.187433,49.123798
19.119724,49.266713
20.525848,48.637005
21.709986,48.820479
20.071761,48.69124
20.528791,48.937627
19.504576,48.430395
18.915242,49.118786
18.517531,47.859434
19.818798,48.195337
21.683503,48.856727
17.895316,48.646855
20.116361,48.68657
20.172851,48.60756
20.583689,49.040439
19.606168,48.244858
22.186945,48.855526
18.596601,49.135
19.805714,48.756208
20.552252,48.634366
21.945031,48.40989
20.305527,48.427623
20.241262,48.464997
20.500543,48.829012
18.860253,48.16958
19.171519,49.127534
19.675924,48.8214
22.172944,48.751593
18.573201,49.1157
18.1979,49.018699
19.515273,48.486065
22.227398,48.768228
19.397417,48.80514
17.841756,48.546342
20.336007,48.679602
18.880248,48.962991
19.276817,48.761736
18.474401,49.0972
18.926721,49.060498
19.229806,48.744638
18.440701,49.0826
18.322373,47.811337
17.398754,48.547194
18.404801,49.0474
19.553542,48.810603
18.487801,49.1685
17.20136,48.225547
18.786962,48.453176
19.394117,49.452253
17.990042,48.819668
20.387707,48.529269
22.138901,48.394764
19.241801,49.203155
19.449946,49.507676
18.292596,48.428815
17.950077,48.97112
18.367891,49.007101
20.27546,48.713763
16.97903,48.17923
20.497179,48.539499
19.190941,48.778615
19.348792,48.195918
20.359848,49.38667
19.441337,49.412259
19.285985,49.207741
20.857783,48.62567
17.292883,48.375736
20.289035,48.704964
21.595269,48.934911
19.498957,48.57477
19.195825,48.735125
19.710122,48.567288
17.359357,48.296873
18.759074,48.907254
18.8376,49.408586
20.409384,48.976704
17.890579,47.791279
22.167964,48.800872
19.599708,48.841223
18.72397,49.21935
20.451961,48.566241
20.529194,48.988522
18.422101,49.218
17.423195,48.509
18.038061,47.890704
19.642759,48.871781
20.145243,48.671355
19.812894,48.747823
19.940221,48.664659
19.709112,48.818593
18.207713,48.913052
18.423201,49.1307
18.278401,49.2889
20.764525,48.638134
19.339125,48.77158
20.28609,48.369572
20.471601,48.92619
19.500246,48.817428
21.798706,48.753436
20.350011,49.32501
19.335289,49.198533
22.217988,48.80103
18.9099,48.587089
20.350566,48.388008
18.393601,49.2415
18.633975,49.276065
18.755131,49.147272
18.66645,48.420693
18.135474,48.977057
18.320501,48.978
18.349901,49.2782
18.646615,49.342536
18.392004,48.624459
18.798377,49.308916
18.056081,49.02743
20.27578,48.449801
20.861535,49.281515
18.925928,48.936738
19.942691,48.66794
20.233331,48.61667
20.340351,48.444043
19.85858,48.174371
19.498902,48.167406
18.517457,48.957332
19.161571,49.115891
17.692316,48.694754
18.150834,49.093836
18.537501,49.2095
18.127079,48.500979
18.705156,49.132602
18.68461,49.420944
18.400118,49.162308
18.725044,49.437358
19.377898,49.080273
18.676333,48.020327
17.807015,48.495687
20.253058,48.514571
21.639077,48.824601
17.276992,48.442892
17.592468,48.336036
18.453595,49.124057
19.219109,48.597226
21.690563,48.825084
19.927557,48.168755
17.880327,48.606667
19.413544,48.590475
20.041388,48.257978
19.938572,48.166519
19.087976,48.237953
18.553601,49.0444
20.517378,48.551051
19.170501,49.12199
19.43148,48.81653
22.303255,48.821904
19.369036,48.743757
19.97337,48.195789
21.923431,49.04714
20.095054,48.498859
18.597601,49.2238
18.584001,49.1123
17.522142,48.520192
22.183735,48.747887
22.038201,49.01281
21.581531,48.83547
18.546201,49.2149
18.572979,48.77097
17.71684,48.612829
21.598001,48.84575
19.31461,48.283463
17.552644,48.478375
18.912197,49.363525
20.761097,49.38362
18.457301,48.8848
21.283623,48.981355
22.361008,48.824115
18.164563,48.934164
18.342501,49.2931
18.621425,48.4019
22.071481,49.04744
18.450701,49.0098
17.608872,48.439201
18.287051,48.903812
20.455449,49.412715
20.317678,48.404261
20.081152,48.610299
20.136559,48.543508
20.066597,48.834854
19.965039,48.209818
20.630997,49.300406
18.438253,48.614597
18.517801,49.0892
18.641671,49.0625
19.890634,48.595981
18.624362,49.297918
18.809488,49.284089
18.580974,49.43279
19.523041,48.208369
18.241432,48.902758
17.791618,48.817114
19.390782,48.196562
17.819117,48.902632
20.191671,49.32779
19.416408,48.223963
19.337886,48.213798
17.594822,48.54765
20.789964,49.28836
18.539091,48.974144
18.979544,48.982975
19.690239,48.286453
19.804809,48.211576
18.601632,49.204297
18.545424,48.893765
21.995121,49.11773
20.468683,48.561862
17.516019,48.446881
20.095278,48.500402
18.499001,48.8849
17.714567,48.70179
21.73157,48.929174
20.562258,48.954399
18.639461,49.18306
20.104319,48.45544
18.516301,49.1898
18.683631,49.08307
19.666799,49.069117
19.647082,49.108457
19.601931,49.087392
17.946093,49.005638
19.336502,49.080146
20.411481,49.20178
19.162853,49.147315
22.166511,48.75009
18.904329,48.847717
17.349631,48.385423
20.206823,48.497236
19.248044,49.102966
19.831853,49.046081
20.043262,48.243316
8.392977,49.369169
8.221219,49.211327
7.079023,50.691511
6.721782,49.807221
7.924699,49.35889
8.033929,49.140122
7.882247,49.245655
7.863218,49.392816
7.41902,49.258761
6.612807,50.317427
7.113526,50.690072
7.749889,49.199375
8.445888,49.26939
7.211994,50.605522
7.072153,50.734604
8.189149,49.358421
6.937058,50.927462
13.623235,52.51714
7.338235,49.756294
8.354772,49.3688
6.452132,49.857566
13.427553,52.625477
7.879093,49.446889
7.136901,50.785819
15.87188,56.21856
20.331087,48.510746
19.099317,48.798566
19.340877,49.087043
18.888556,49.081782
17.320656,48.532735
19.434962,49.061875
17.346553,48.560417
20.229322,49.138321
21.954151,48.53101
17.723847,48.832922
21.586961,48.52289
19.36495,49.493914
18.902209,49.12848
21.583049,48.953518
18.893044,49.008337
19.053389,49.143884
18.73455,48.46087
18.911072,48.762514
19.564939,49.338384
18.691104,48.46249
19.807408,49.014585
18.367351,48.419299
18.010876,48.968578
20.766026,49.370663
19.406692,48.090148
21.355611,48.653867
21.739671,48.42841
20.387302,48.592648
18.59022,49.430456
21.757291,48.46079
20.396294,48.546095
18.309533,48.610838
18.89936,48.460157
18.039822,48.948793
19.385784,49.46614
18.993341,49.24834
19.492085,48.144268
18.262812,49.009542
18.62018,49.064619
19.48824,48.245372
18.602476,48.374186
18.88404,49.218273
20.18908,48.850967
18.828422,49.392465
20.124024,48.632371
20.143314,48.540421
20.742296,49.403421
19.122422,48.111249
19.099392,48.135627
20.15996,48.651203
17.261957,48.773051
19.510727,49.445991
17.429687,48.457728
17.339486,48.43219
17.652407,48.793252
17.238963,48.454028
17.639125,48.775678
17.271501,48.501475
18.22151,48.969931
17.162581,48.850276
21.997781,48.97812
19.872781,48.236393
17.541763,48.42742
21.948431,48.99167
17.929661,48.941111
17.679342,48.59803
20.079987,48.484687
18.502901,48.8844
17.405815,48.470661
18.104494,48.99043
20.684306,48.648792
19.869214,48.529541
19.712213,49.07271
19.305743,49.101662
19.412313,49.098848
18.652247,49.10366
19.593561,48.77944
19.401093,49.133502
20.831763,48.618197
21.715714,48.381719
19.048209,49.257829
20.482377,48.706701
20.788121,49.326489
18.35451,48.620619
18.87015,49.196636
21.248122,48.753178
20.06794,48.958871
18.441742,49.19457
18.127865,47.864545
20.291498,48.602476
20.979013,48.652002
20.38695,48.7992
18.328601,48.203423
18.061766,48.180883
19.181198,49.19986
20.362447,48.537264
18.142015,48.416635
18.344989,48.541649
18.930441,49.237299
19.741458,48.620475
20.922564,49.296516
22.136164,48.83317
19.114793,48.780141
22.256553,48.785613
19.28912,48.890852
20.370431,48.794709
18.159135,48.323969
19.258765,48.200735
17.913144,48.951187
19.796999,49.358254
19.327259,48.779672
19.671902,49.017592
18.834472,48.574776
20.489171,48.625921
18.440529,48.413611
20.283297,49.166671
19.19704,48.81299
19.472828,49.098927
19.889143,49.058838
20.312275,49.056541
20.292625,49.016033
21.282169,48.860715
19.311596,48.199854
20.231681,48.63138
22.391931,48.8976
19.309601,48.609389
18.848181,48.902145
18.579,48.362878
22.305141,48.92696
18.83078,48.464839
19.421316,49.371887
19.050127,48.064459
18.994623,49.007878
19.542013,48.627258
19.443929,49.037274
18.941687,48.580988
19.578804,49.039786
18.839969,48.467051
37.048891,55.730509
34.366667,54
36.433333,54.783333
-3.604308,51.995755
-3.46334,52.016788
-3.478612,52.139509
15.03238,58.49581
6.838569,61.87503
7.761651,62.520205
10.488532,59.883099
11.344303,59.280623
6.756822,61.438724
10.445287,59.929137
5.646127,61.820932
7.599648,63.029247
7.834774,58.110946
8.81745,63.077157
11.441006,59.124256
10.940456,59.979769
5.011396,60.325931
10.916273,59.81984
5.295694,60.324112
11.072203,59.185136
8.041224,63.048084
7.728251,58.49742
11.026003,60.127929
12.264717,64.602825
11.025131,60.008354
11.035237,59.26717
8.932802,59.618775
5.184941,62.158815
11.344258,60.70343
6.904236,61.932132
7.152063,58.221593
10.846124,59.355303
11.102108,59.675758
12.070716,60.096899
10.917432,59.816493
7.501732,58.055213
12.305428,64.631324
9.77809,60.6466
10.833799,59.266908
9.619448,63.131988
8.843887,58.509247
10.834105,60.130872
7.446333,58.370641
10.659607,60.649647
8.127346,58.214302
9.083378,58.841702
7.662782,62.886138
7.466743,63.005958
12.329503,64.457031
8.223978,58.333056
9.04299,59.432876
8.438549,63.04288
7.991009,59.571801
6.452275,61.563483
10.718698,59.595833
11.089343,59.909128
7.476013,58.072415
11.008342,60.482546
10.156928,59.737859
10.836898,59.714188
11.291176,60.736293
8.943061,58.620965
11.097778,59.294969
9.611947,63.11985
11.063741,60.29572
11.078734,59.566801
9.732267,59.285037
9.545678,59.270186
5.344356,60.476097
10.578444,60.885563
9.892023,60.846123
12.21963,64.466686
9.983014,59.206726
7.467623,58.177133
6.254763,62.136005
7.399468,58.421309
10.498683,60.874997
10.405024,59.292685
11.13637,59.291478
5.396503,60.457069
10.724079,60.899009
11.262655,59.746016
10.051331,60.926967
8.697219,62.944034
8.184056,59.496923
5.802721,58.859741
9.381646,59.233439
11.068466,60.196406
6.868923,62.275191
8.693482,62.962399
8.653633,63.041993
12.134739,64.559084
11.143493,59.57525
10.947059,59.915487
10.85499,60.644306
10.607253,60.885751
5.589273,60.877144
7.20386,58.434661
6.865985,61.868178
10.418894,61.056165
5.891152,61.45898
10.410818,59.388584
11.013804,59.310662
12.450335,64.877267
8.489762,59.40171
11.024296,60.239192
7.729266,58.576013
11.078653,60.220129
7.368359,58.379011
10.256596,60.206308
8.061895,58.585632
7.34167,58.108749
10.970397,63.83383
11.388706,59.448263
8.485899,58.773999
11.436542,59.316035
10.50056,60.875574
9.241778,59.563351
10.799555,59.224918
10.83317,60.127092
9.07223,58.722138
10.410738,59.276607
5.29891,61.339226
7.358262,62.50909
12.028909,64.495146
7.907932,58.386593
11.293198,60.328439
10.777672,59.477817
8.291028,62.85187
8.793231,59.33849
10.053424,59.15377
10.368562,60.616153
6.881697,62.283102
10.986459,60.176576
8.14957,58.94704
8.245905,58.190545
8.513055,59.391081
11.119823,60.772882
10.560163,60.984879
11.180037,60.275344
8.368723,58.349162
7.316868,58.153996
10.416136,60.829533
8.798154,58.473665
6.416828,60.635004
11.172931,59.256082
8.96145,58.656225
6.159263,60.294162
10.715832,60.702384
11.380442,59.321613
11.390162,59.388767
10.925086,60.887469
8.192159,58.304177
10.951209,60.201773
8.615715,58.49896
10.333994,61.186532
10.647345,60.995243
7.726015,58.150877
10.656454,60.797444
7.801401,62.578875
7.453825,58.267499
11.23937,59.983265
7.886795,58.604342
10.678534,60.810836
9.185615,59.577274
11.376885,64.089605
9.416931,59.115893
7.511524,58.445245
10.760398,59.741798
9.491438,60.830938
11.003769,60.198514
7.577586,62.787237
10.836611,60.124412
5.062824,60.355718
6.502383,59.199127
5.732482,62.281418
6.430141,62.198058
10.82496,60.65184
8.880251,58.834358
9.712181,63.048255
9.54001,59.194196
8.847274,63.0829
8.059981,58.416562
10.891848,59.788041
7.610491,58.127812
8.253236,58.360714
11.926303,64.489336
7.575457,58.1688
5.36508,59.544201
10.332737,60.560949
10.208015,59.125602
8.119782,58.237504
5.834234,61.455924
7.637099,58.475887
10.72831,60.648097
10.894031,60.027608
10.878365,59.354053
12.309147,64.73421
12.312803,64.754562
10.489313,61.106104
11.081438,59.91614
6.383195,62.183499
6.317851,62.07573
6.017581,60.293686
6.648611,61.041002
10.925832,59.778325
10.318822,59.730094
10.841201,59.5237
8.996044,59.165071
6.203307,62.177084
12.118408,59.976218
8.523647,59.354959
9.585554,59.201795
11.029901,63.226359
8.436285,59.425433
7.994449,59.428115
11.520687,64.51649
11.380523,60.871486
11.478763,60.739938
7.830542,62.454241
6.074956,61.91876
13.687864,66.764864
8.947607,62.997154
10.442062,61.104281
12.331812,64.692908
11.493387,64.85398
7.419402,62.344549
8.045671,58.354997
7.882357,58.195904
13.027764,66.078509
6.822561,62.364618
5.321799,59.511132
7.892023,58.255265
8.470835,59.173786
8.481453,58.460449
10.081379,61.026358
8.156227,58.258673
8.273026,59.340098
7.029479,61.249403
9.097086,59.30001
11.336209,60.727057
7.895895,59.607028
7.483559,58.227397
10.739566,59.7334
12.352177,64.639744
7.205099,62.751669
5.851356,58.910859
11.150509,64.442603
7.857007,62.436351
11.395812,59.084103
8.270753,58.383693
10.406956,60.342492
6.046812,62.003573
12.569156,65.587685
11.182408,59.213389
5.53656,61.573162
8.485486,58.53822
11.047248,59.295978
10.410648,60.895156
8.56735,63.021061
5.292829,60.346866
10.634544,59.763333
5.432256,61.329018
6.819084,61.81268
9.691519,59.293006
5.79717,61.46589
5.395003,61.193644
9.544187,59.191877
6.410567,61.561344
11.03786,60.7962
8.211509,58.790728
11.036225,60.882661
11.265008,60.615206
10.909761,60.692988
12.185009,65.301546
8.068102,59.373622
8.457279,58.762979
10.332189,63.351568
6.513999,61.979692
10.288845,60.570162
9.834468,59.695214
10.821402,60.681057
12.183293,64.555745
12.33863,64.432626
8.952996,58.557401
9.289649,59.506469
11.222249,59.574936
10.002372,59.752479
12.3419,64.692547
7.041372,58.504263
7.674694,62.892434
8.65869,58.492031
13.676778,68.200766
10.675273,60.95289
8.388558,59.436672
11.314506,60.232445
10.863138,60.678079
12.558897,64.584051
8.118533,58.318216
11.969431,64.490493
8.513217,59.195917
7.748059,62.818215
7.873877,58.246161
8.046902,63.042119
5.845715,60.242585
10.659876,60.316635
7.729132,62.528709
11.218772,59.186121
10.069081,59.085252
11.468243,59.579525
8.522605,58.395435
11.102216,59.199022
10.253227,63.1067
12.129385,59.981787
6.804253,61.755147
7.611264,58.644915
11.588339,59.077078
11.047185,59.946885
10.805448,59.282036
11.526831,60.397799
7.010381,61.800049
10.373053,60.68045
5.706701,59.570887
9.078284,58.79649
10.994238,60.261025
14.496841,66.406786
8.811494,58.52032
9.798284,59.24736
6.138898,61.505759
11.33885,59.36499
11.236208,59.233205
10.933081,59.341628
10.781023,59.752569
11.183046,59.347174
10.70463,59.656626
11.198111,60.293757
5.912316,60.239741
10.857003,59.6114
10.925921,60.64258
11.069122,59.347912
10.992819,59.253661
9.068116,59.09874
5.122553,60.367539
11.146584,59.733155
11.650449,59.471785
6.235862,62.151384
11.103725,59.57767
10.360531,60.283966
7.528412,59.213154
11.607904,64.050941
10.098789,59.085224
7.85663,58.139157
10.908189,59.707138
7.659467,58.10535
6.901217,60.573521
7.066391,58.106784
5.544375,62.020861
5.586111,60.874542
11.471971,59.927067
8.252948,62.921736
10.25497,63.342683
11.600871,64.469327
7.383882,58.173585
10.782254,59.609378
7.304507,58.334164
5.231851,60.573402
10.998658,60.364523
6.689017,58.643616
10.502375,59.637056
5.882456,61.45407
7.651427,58.312847
10.141575,59.750415
7.538356,58.9887
7.881243,58.136587
8.826406,58.787856
5.69354,58.819989
10.290399,60.530182
12.460666,64.88447
10.135664,60.933654
7.206654,58.338399
7.2278,61.298652
10.88194,60.818107
9.775674,59.245362
7.042298,61.91138
8.750327,62.936715
8.901487,59.420502
8.57212,58.482861
10.764961,60.726192
9.595112,59.24199
10.832182,59.647144
9.85716,59.752406
8.208958,62.904384
11.45811,59.011315
10.393373,63.364265
10.617997,60.025202
7.75962,62.820263
10.915618,59.724792
9.108989,59.287299
10.578552,60.684338
11.139873,59.638836
8.686529,62.819159
8.608178,58.457935
6.222037,61.775775
5.395731,60.347426
5.135363,60.931825
7.812163,58.589148
8.710891,59.905219
9.827021,63.262868
5.74929,61.217057
7.414515,62.526762
11.187951,60.41035
12.746681,65.26186
8.649626,63.023494
10.467439,59.977971
5.827174,61.690448
9.065376,59.409144
5.075913,60.319922
10.858772,60.06285
9.992518,59.219568
9.323012,59.41574
8.505743,58.946174
10.659921,62.938284
6.864701,62.291736
8.868115,58.628214
9.538357,59.264989
5.452253,61.147208
10.942064,63.446136
11.414308,59.125487
5.373605,60.275188
5.581817,60.872754
7.189289,58.267088
10.254152,63.293055
10.00363,59.205847
8.106837,58.940951
10.646339,60.737993
8.003899,59.428869
10.496239,59.92279
11.272464,60.329359
7.803063,58.468451
9.122338,59.419008
5.204192,60.422821
8.333015,58.458922
11.113552,59.953538
10.307449,63.323839
9.837145,63.260928
13.165583,66.467607
10.839548,59.796276
6.456794,60.834546
5.694439,61.378538
7.293467,58.185497
9.921533,59.773727
12.338441,64.478838
9.400124,59.199541
9.151156,59.256904
13.794161,66.103248
10.42317,63.405628
10.144073,61.200535
8.961764,62.993972
7.76687,61.559098
7.552433,59.035067
6.906652,61.854769
11.589884,59.618475
14.141279,66.408382
7.828692,58.163692
9.97677,59.759148
11.476175,59.281059
10.870082,60.798163
7.470363,58.342416
8.52777,63.012657
11.014702,60.263806
10.083724,59.576446
7.123281,58.198484
6.922193,61.84962
7.576337,58.269214
6.064473,61.995598
7.444716,58.047355
8.009433,62.402699
8.189698,58.945015
9.979277,59.033782
7.909495,58.463367
13.671505,68.243047
6.641128,62.001173
12.289483,64.63331
10.833736,59.31217
7.718972,58.23372
8.401009,61.167086
7.536847,62.796565
8.524608,58.810161
9.166427,59.485923
9.219401,59.300239
10.439547,60.808343
10.14039,59.128847
11.773635,64.447292
11.36632,61.13744
10.327473,60.900683
10.362372,60.524786
7.5287,58.182011
10.293992,61.190251
6.088035,58.983975
9.450385,63.169192
11.383838,60.664755
10.007753,59.209048
10.710038,61.100673
12.368167,64.807061
7.394285,58.332188
10.952682,59.679046
5.365449,61.172873
7.917445,58.448578
9.57932,59.21578
8.384686,58.571948
5.479723,61.329643
10.884437,60.068305
6.198357,61.52021
5.777551,60.192205
5.952111,62.354262
8.487813,58.798761
10.446904,59.8909
18.259381,69.342992
8.660011,59.881832
7.998006,59.289588
11.723625,59.811782
13.979277,66.810747
11.081168,60.759387
9.40078,59.11824
10.423161,59.331132
11.242164,59.825426
7.783597,62.577448
10.734041,59.692331
8.187102,59.424236
10.974152,60.832584
8.380518,59.334064
10.831535,60.113147
9.692265,59.139419
10.695099,60.875233
11.349594,59.516629
10.527231,60.81572
7.768352,58.410214
11.353304,59.421147
11.474253,59.066398
5.920733,60.247833
7.564605,62.375108
5.342622,61.221443
7.519052,59.133046
12.044575,64.473008
6.343579,62.163442
10.281326,61.216737
9.077162,58.629407
6.732092,59.714441
8.471095,59.130253
7.342281,58.125189
7.443755,58.132034
5.308774,59.422463
23.716197,70.662901
11.498624,63.78442
12.137731,64.538044
7.419428,58.123273
12.248134,64.608873
11.383074,60.826205
10.420188,60.234291
11.1164,59.848522
7.539803,58.126778
11.467704,58.998659
5.314352,61.185008
10.988893,60.23933
1.4206,44.86873
1.04732,42.88999
1.18555,42.78997
0.9064,43.01532
1.16297,42.85294
2.00179,44.28464
1.3294,42.79756
0.41237,43.81994
0.92099,43.02975
1.23485,42.99842
1.19357,42.85289
1.02906,42.89516
-0.07874,43.71191
1.27668,42.85321
0.94895,42.93377
1.16722,42.96814
0.19253,43.38651
-0.08237,43.66469
0.95041,43.08112
1.12677,43.16876
0.4192,43.34081
1.19634,42.81262
0.90643,42.9969
1.06196,42.947
1.09404,42.9605
0.98531,42.93006
0.34117,43.06738
1.13414,43.00238
19.85,50.85
25.079628,60.340474
1.20767,42.91251
0.4833,44.04041
0.10794,43.62069
0.41654,43.58597
1.22292,42.87037
0.16136,43.7616
1.23205,43.03813
0.40793,43.40144
19.929006,60.284367
24.637357,60.209002
3.86657,43.61266
4.63748,43.82459
7.19191,47.80586
1.90568,44.49998
4.45762,45.99904
7.66802,48.40775
7.6474,48.56632
4.07174,48.29769
4.93007,44.9487
-1.22655,48.11746
3.42003,46.11916
7.26131,48.13814
2.37811,48.70116
-1.82176,46.99899
3.91328,44.12438
-0.53052,47.48065
6.86306,45.92139
4.63593,46.2397
-1.29703,43.38487
6.65694,48.35003
-1.4,43.59539
7.31734,48.62155
3.08454,45.75559
2.125,49.03334
1.9627,44.59064
2.42058,48.75306
6.18917,48.7025
3.07765,45.74718
7.3875,48.51458
-0.62031,46.5128
1.91894,47.89479
8.08165,48.80003
3.97626,45.2012
5.23334,46.20857
4.83346,46.31164
5.33798,43.39161
7.73129,48.54097
1.63777,49.01055
7.18276,48.45969
1.73221,48.99666
3.3036,44.05313
6.79417,48.42861
-1.26799,43.53298
2.35908,43.94137
4.12498,49.15699
4.88785,45.78628
-0.70171,47.54221
7.44081,48.40153
24.937865,60.273273
24.643663,60.204607
26.650783,61.993951
24.750933,60.207691
12.591376,47.655646
13.08088,47.85705
13.504428,47.392
14.3642,48.27862
12.940852,47.934902
13.130121,47.691815
13.204664,47.851726
13.08308,47.74124
12.98677,47.80667
13.21076,47.851215
14.41275,48.01879
13.3174,46.87922
13.214011,47.436781
12.777167,47.282917
13.30502,47.33865
13.08956,47.85729
13.195,47.472222
13.165752,47.519417
12.844495,47.334284
13.256238,47.979715
10.9063801511,46.0719960202
