"Species","x","y","bio1","bio3","bio7","bio8","bio9","bio14","bio15","bio18"
"Reynoutria_japonica",-0.0626396085999996,45.0623605709,13.9020509719849,36.5338935852051,23.2711334228516,7.95501041412354,20.438232421875,45.3921890258789,17.1023273468018,159.595016479492
"Reynoutria_japonica",-0.1459729416,40.6456939219,12.4496593475342,36.1407661437988,26.1997814178467,13.2106618881226,20.5013561248779,23.943717956543,36.0755004882812,101.815719604492
"Reynoutria_japonica",-0.1459729416,42.9790272459,9.50235462188721,37.6628456115723,25.2171859741211,3.4111750125885,16.5844287872314,68.308708190918,18.2968807220459,221.407165527344
"Reynoutria_japonica",-0.1459729416,51.6456938779,10.6570682525635,34.605785369873,18.5867195129395,6.31002521514893,6.93950891494751,40.5889892578125,14.9217004776001,159.425796508789
"Reynoutria_japonica",-0.1876396081,42.7290272469,1.99289059638977,38.2674942016602,25.3098258972168,-3.9015576839447,9.0613899230957,69.9064483642578,20.2419033050537,238.921234130859
"Reynoutria_japonica",-0.1876396081,43.4373605774,13.7018814086914,37.5655822753906,24.453929901123,7.65491008758545,20.5422172546387,62.9707298278809,17.2483882904053,210.638397216797
"Reynoutria_japonica",-0.2709729411,40.1456939239,14.377833366394,33.5676574707031,24.0272769927979,15.2682104110718,22.0935249328613,15.2875299453735,43.0733413696289,73.5468215942383
"Reynoutria_japonica",-0.3126396076,46.7290272309,11.8332567214966,36.7103805541992,22.4902019500732,6.31111669540405,18.1330642700195,43.909740447998,19.7028751373291,149.360092163086
"Reynoutria_japonica",-0.354306274100001,40.1456939239,12.8562488555908,34.3569641113281,24.5130062103271,13.7141208648682,20.6274471282959,15.7440938949585,42.2440185546875,80.3616027832031
"Reynoutria_japonica",-0.354306274100001,41.2290272529,16.5164222717285,36.5425567626953,28.6629447937012,19.0562133789062,8.56948852539062,18.8234348297119,27.9306221008301,79.536376953125
"Reynoutria_japonica",-0.437639607099999,42.6873605804,3.85341644287109,38.3036766052246,25.3822402954102,0.730191469192505,11.3837461471558,69.6826324462891,24.1281604766846,246.939300537109
"Reynoutria_japonica",-0.437639607099999,43.8123605759,14.5500221252441,37.582347869873,23.435152053833,8.70351409912109,21.1147766113281,48.786449432373,22.2224941253662,170.585983276367
"Reynoutria_japonica",-0.437639607099999,46.9373605634,12.0203619003296,36.7478942871094,22.3179950714111,9.1102123260498,18.2776889801025,43.8912925720215,18.3824481964111,147.846115112305
"Reynoutria_japonica",-0.562639606599999,43.3540272444,14.5421075820923,37.7838668823242,24.1393527984619,8.5768985748291,21.3166751861572,63.7817420959473,18.6641426086426,218.580139160156
"Reynoutria_japonica",-0.604306273100001,42.6873605804,8.22792720794678,38.0495529174805,25.5430583953857,2.09262132644653,15.8477764129639,56.4980697631836,31.3994750976562,208.567993164062
"Reynoutria_japonica",-0.604306273100001,44.0206939084,14.3197412490845,37.131721496582,22.6206111907959,8.65714836120605,21.1102695465088,50.7695999145508,23.5134239196777,173.298538208008
"Reynoutria_japonica",-0.6459729396,41.0206939204,14.3053913116455,36.652214050293,28.394323348999,16.7117309570312,6.51090383529663,16.8091297149658,31.2651138305664,82.9980239868164
"Reynoutria_japonica",-0.687639606099999,40.3123605899,9.02840137481689,36.8960304260254,26.7162075042725,9.75114917755127,1.7899295091629,21.7635765075684,35.4944915771484,104.99633026123
"Reynoutria_japonica",-0.687639606099999,43.1040272454,13.0062379837036,37.9532928466797,24.5765552520752,6.96868991851807,19.9022617340088,76.5566101074219,22.000804901123,261.286010742188
"Reynoutria_japonica",-0.729306272600001,42.1456939159,14.312349319458,36.8936882019043,27.3629837036133,14.9242324829102,22.0808162689209,25.7763767242432,24.5563945770264,101.025505065918
"Reynoutria_japonica",-0.729306272600001,44.4790272399,14.1901998519897,35.8356437683105,21.4531192779541,8.74643611907959,20.7545528411865,51.0883750915527,23.0893516540527,175.538162231445
"Reynoutria_japonica",-0.729306272600001,44.8123605719,14.0142755508423,35.4967613220215,21.2899684906006,8.60469341278076,18.9174156188965,47.2336006164551,21.8999309539795,164.042175292969
"Reynoutria_japonica",-0.729306272600001,52.3540272084,10.2439031600952,35.5269165039062,19.0050239562988,16.1899566650391,6.62452077865601,38.6770820617676,14.8182401657104,162.933181762695
"Reynoutria_japonica",-0.7709729391,42.4790272479,11.1843748092651,37.6600189208984,26.2120208740234,11.9042568206787,18.5680675506592,51.9370346069336,22.1195678710938,193.312469482422
"Reynoutria_japonica",-0.812639605599999,44.9373605714,13.951868057251,34.770435333252,20.728931427002,8.65692901611328,18.7552623748779,44.7870101928711,24.169584274292,156.626159667969
"Reynoutria_japonica",-0.812639605599999,50.8123605479,11.3933095932007,31.8932781219482,16.4367046356201,7.53764247894287,12.5923795700073,46.6441421508789,25.3052864074707,181.780990600586
"Reynoutria_japonica",-0.937639605099999,41.9373605834,13.401819229126,36.9046478271484,27.5609035491943,15.8630752563477,21.2451171875,20.5560474395752,27.1194038391113,87.9470062255859
"Reynoutria_japonica",-0.9793062716,42.4373605814,10.3642549514771,37.9456443786621,26.0832843780518,11.1000890731812,17.6927604675293,48.2137413024902,23.3359870910645,181.530166625977
"Reynoutria_japonica",-0.9793062716,53.2706938714,10.259181022644,34.8728218078613,18.1984100341797,16.0230293273926,6.72696018218994,37.9536933898926,13.1247911453247,173.224655151367
"Reynoutria_japonica",-1.0209729381,42.5623605809,11.6853542327881,38.0442695617676,25.7805099487305,8.31361389160156,18.9195461273193,54.1912460327148,23.8000087738037,195.385223388672
"Reynoutria_japonica",-1.0626396046,40.4373605894,12.1700878143311,36.637279510498,28.3767337799072,14.4001131057739,4.51069164276123,15.0847053527832,34.8647880554199,95.4210815429688
"Reynoutria_japonica",-1.0626396046,47.0206938964,12.1468143463135,36.5035629272461,21.324047088623,7.02127981185913,18.6325416564941,46.3882331848145,23.2345485687256,156.267013549805
"Reynoutria_japonica",-1.1043062711,45.1873605704,14.1082572937012,31.0802135467529,18.5139770507812,9.28588199615479,20.1442928314209,38.7005157470703,26.7794876098633,137.126113891602
"Reynoutria_japonica",-1.1459729376,43.6040272434,14.8483591079712,36.66064453125,21.8399238586426,9.36247253417969,21.4501609802246,60.6309661865234,26.4942073822021,227.839721679688
"Reynoutria_japonica",-1.1459729376,43.6873605764,14.9932355880737,36.1664543151855,21.4339942932129,9.57896137237549,21.5208950042725,50.8490333557129,28.2370567321777,190.699188232422
"Reynoutria_japonica",-1.1459729376,47.2290272289,12.1159963607788,36.7109222412109,21.2192573547363,7.03839063644409,18.5630340576172,44.4841384887695,22.9340362548828,148.338439941406
"Reynoutria_japonica",-1.1876396041,44.3123605739,14.6053600311279,31.27366065979,18.6857032775879,9.75610065460205,20.6190357208252,48.4128952026367,25.651050567627,166.710021972656
"Reynoutria_japonica",-1.1876396041,54.4373605334,9.27757549285889,30.7137565612793,15.7394247055054,14.5332279205322,5.82824611663818,36.894775390625,20.7055015563965,212.478210449219
"Reynoutria_japonica",-1.2709729371,42.7290272469,12.411244392395,38.5082015991211,25.0104751586914,6.30448627471924,19.8074531555176,44.390022277832,30.9890480041504,155.65007019043
"Reynoutria_japonica",-1.3543062701,51.6456938779,10.6158418655396,36.0288848876953,18.9071998596191,6.21174907684326,6.98882961273193,44.3380699157715,16.4147052764893,168.190780639648
"Reynoutria_japonica",-1.3543062701,53.3540272044,9.99277210235596,35.1968994140625,18.106294631958,7.70244693756104,6.48885631561279,43.0015983581543,12.0448770523071,177.321029663086
"Reynoutria_japonica",-1.3959729366,41.2290272529,12.3125171661377,36.548412322998,28.1015129089355,14.6343088150024,4.58833122253418,19.1403293609619,30.4971351623535,89.0654144287109
"Reynoutria_japonica",-1.3959729366,43.3123605779,13.9409990310669,37.4234085083008,22.360424041748,8.36733531951904,20.6468753814697,79.1978378295898,20.4860935211182,274.186157226562
"Reynoutria_japonica",-1.4793062696,40.3956939229,10.7649221420288,36.451587677002,28.9378929138184,13.0015354156494,19.1173400878906,19.4413185119629,28.2975521087646,95.7226333618164
"Reynoutria_japonica",-1.4793062696,43.3123605779,14.101224899292,37.1461219787598,22.0507774353027,8.58776473999023,20.733304977417,83.1592483520508,24.3533592224121,287.699584960938
"Reynoutria_japonica",-1.4793062696,49.2290272209,11.9120445251465,24.7302875518799,13.9787397384644,8.49180793762207,16.663761138916,47.8828239440918,29.2347183227539,174.068893432617
"Reynoutria_japonica",-1.5209729361,43.2706939114,14.094874382019,37.2146606445312,22.109827041626,8.57244682312012,20.7420616149902,84.6075286865234,19.846643447876,285.381164550781
"Reynoutria_japonica",-1.5209729361,60.2706938434,8.62378978729248,16.9588794708252,9.10935592651367,6.59606599807739,10.4478931427002,55.9303550720215,31.3537063598633,220.901565551758
"Reynoutria_japonica",-1.5626396026,42.2290272489,14.5277137756348,38.0792007446289,26.4013767242432,15.1984748840332,21.9489135742188,20.8763294219971,25.1549797058105,85.7144470214844
"Reynoutria_japonica",-1.6043062691,43.3123605779,13.8101654052734,36.5403213500977,21.5518112182617,8.4156379699707,20.3295822143555,82.6060256958008,24.1483325958252,279.402709960938
"Reynoutria_japonica",-1.6043062691,53.5623605369,9.39498805999756,35.0227966308594,17.7970905303955,7.17128467559814,5.91392183303833,54.6073417663574,13.3100385665894,215.371307373047
"Reynoutria_japonica",-1.6459729356,42.3540272484,14.5122756958008,38.3996887207031,25.9642925262451,15.2181615829468,21.7692241668701,22.7296943664551,24.904468536377,91.1001434326172
"Reynoutria_japonica",-1.6459729356,54.2706938674,9.5489559173584,33.6104431152344,16.8839244842529,5.48566579818726,6.11987638473511,44.1144485473633,16.3795204162598,214.602722167969
"Reynoutria_japonica",-1.6876396021,47.9790272259,11.9613523483276,36.6848907470703,19.8340129852295,7.31411790847778,17.9673824310303,50.732048034668,19.1037559509277,164.735992431641
"Reynoutria_japonica",-1.6876396021,55.4373605294,9.53632736206055,26.4948253631592,13.8681793212891,14.5088014602661,6.18615865707397,42.8965644836426,19.5850982666016,202.291198730469
"Reynoutria_japonica",-1.7293062686,40.5623605889,8.74532222747803,36.5486602783203,28.8299007415771,7.06905555725098,17.0783405303955,21.0098819732666,30.9852085113525,109.368850708008
"Reynoutria_japonica",-1.8126396016,43.2706939114,13.0196228027344,35.8038749694824,20.9095230102539,7.79080486297607,19.3888893127441,100.660797119141,24.7890377044678,336.966674804688
"Reynoutria_japonica",-1.8126396016,53.7706938694,8.86879539489746,34.670295715332,17.4544200897217,4.69963121414185,5.4069299697876,64.5547332763672,16.8227729797363,241.185699462891
"Reynoutria_japonica",-1.8543062681,48.3540272244,12.0337505340576,34.1282958984375,17.7981376647949,10.0412769317627,8.41962623596191,45.6513862609863,18.5404472351074,155.074157714844
"Reynoutria_japonica",-1.8543062681,54.0206938684,8.13096141815186,34.2906074523926,17.1708717346191,4.03333950042725,6.86783981323242,76.1604690551758,19.7663631439209,295.461730957031
"Reynoutria_japonica",-1.8543062681,55.2706938634,9.21023368835449,29.4472789764404,14.8588132858276,14.253791809082,5.86377429962158,43.0886573791504,19.0232200622559,208.04084777832
"Reynoutria_japonica",-1.8959729346,54.5206938664,9.05113124847412,33.3209381103516,16.5918502807617,5.06166887283325,7.76604080200195,48.1011772155762,18.6032619476318,228.656005859375
"Reynoutria_japonica",-1.9376396011,40.6873605884,10.4763822555542,36.2188110351562,29.0008659362793,8.82383346557617,18.9229526519775,20.2751064300537,32.1577606201172,100.648468017578
"Reynoutria_japonica",-1.9376396011,42.0623605829,13.4293556213379,38.3063354492188,26.4150676727295,12.2083368301392,20.869909286499,19.0907287597656,24.3122081756592,82.3726119995117
"Reynoutria_japonica",-1.9793062676,41.1040272534,11.2370538711548,36.4905700683594,28.2332992553711,9.66544342041016,19.4680728912354,22.366870880127,28.1578407287598,101.208190917969
"Reynoutria_japonica",-1.9793062676,41.9790272499,12.8117647171021,38.2060546875,26.5247344970703,15.1050901412964,20.3133964538574,22.3847522735596,22.3362216949463,95.429931640625
"Reynoutria_japonica",-10.1876395681,51.8956938769,10.8541965484619,21.3271083831787,9.33644104003906,8.60492515563965,11.1117095947266,127.746726989746,25.7604560852051,501.978454589844
"Reynoutria_japonica",-2.0209729341,57.5623605209,9.17076396942139,21.01491355896,11.3723011016846,8.04166603088379,6.08872318267822,48.8697395324707,20.9239196777344,204.484893798828
"Reynoutria_japonica",-2.0626396006,47.6873605604,12.3559465408325,36.2744331359863,19.3229465484619,7.88859939575195,18.207820892334,44.5010833740234,25.4408893585205,146.382400512695
"Reynoutria_japonica",-2.1043062671,42.9373605794,11.4993286132812,38.0102500915527,22.3040752410889,6.03894567489624,18.1272888183594,55.5264930725098,33.0249977111816,191.7451171875
"Reynoutria_japonica",-2.1459729336,53.8123605359,8.38537979125977,34.3329010009766,17.0894966125488,6.30756711959839,7.13908529281616,90.1234817504883,20.7587547302246,364.178161621094
"Reynoutria_japonica",-2.3126395996,53.2290272049,10.0123662948608,35.216926574707,17.6916599273682,7.81918430328369,6.55348682403564,51.8844223022461,17.8555278778076,247.6416015625
"Reynoutria_japonica",-2.3126395996,54.8123605319,7.08074474334717,33.024356842041,16.1694984436035,3.19238758087158,5.77142143249512,73.8514785766602,23.223217010498,321.347961425781
"Reynoutria_japonica",-2.3543062661,42.9790272459,9.69521522521973,37.9858894348145,21.74365234375,4.42464017868042,15.9510278701782,67.6880950927734,29.2864112854004,239.364318847656
"Reynoutria_japonica",-2.3543062661,57.4373605214,9.00781154632568,24.3721332550049,12.2741365432739,7.649817943573,5.9298243522644,49.3529396057129,19.4364261627197,216.526489257812
"Reynoutria_japonica",-2.4376395991,40.6040272554,11.8297824859619,35.5855827331543,29.6512184143066,7.71321439743042,20.5539131164551,15.4944000244141,37.9647254943848,84.1139755249023
"Reynoutria_japonica",-2.4376395991,43.2290272449,13.4097166061401,35.5479545593262,19.9936771392822,8.43896961212158,19.4734191894531,63.7938842773438,26.8966674804688,222.267120361328
"Reynoutria_japonica",-2.4793062656,41.3540272524,11.3338260650635,36.9324531555176,27.7957553863525,9.81840801239014,19.4086532592773,19.5397644042969,27.3686199188232,92.3142547607422
"Reynoutria_japonica",-2.4793062656,42.8123605799,11.5191335678101,39.3160133361816,22.9379959106445,7.67392635345459,17.9734745025635,47.1987762451172,30.2580528259277,173.927154541016
"Reynoutria_japonica",-2.4793062656,55.2706938634,7.46957159042358,32.8927726745605,15.9720764160156,3.62006592750549,6.18042993545532,70.796142578125,20.193998336792,308.253845214844
"Reynoutria_japonica",-2.5209729321,41.0623605869,11.2022933959961,36.3110580444336,28.5301246643066,9.61392021179199,19.557014465332,16.3449420928955,32.8248062133789,79.7144470214844
"Reynoutria_japonica",-2.5626395986,41.9790272499,7.52561855316162,39.0225524902344,25.9790306091309,1.42156851291656,14.8039407730103,22.2920475006104,31.225025177002,107.806114196777
"Reynoutria_japonica",-2.5626395986,43.3123605779,13.400915145874,35.2579536437988,19.5195846557617,8.55035018920898,19.3259105682373,62.1719551086426,29.0445384979248,218.839630126953
"Reynoutria_japonica",-2.5626395986,57.1040271894,8.35555076599121,28.4386653900146,13.9802255630493,6.65884065628052,7.01003742218018,58.1844711303711,20.7027549743652,252.198776245117
"Reynoutria_japonica",-2.6043062651,41.6873605844,10.7273197174072,37.8859329223633,26.9322071075439,7.14566564559937,18.433723449707,18.2896938323975,27.8490104675293,88.666259765625
"Reynoutria_japonica",-2.6043062651,43.1456939119,14.2209005355835,37.2999076843262,20.8752670288086,9.08190441131592,20.410436630249,47.4838600158691,27.4477615356445,169.142684936523
"Reynoutria_japonica",-2.6043062651,57.1456938559,8.1263952255249,28.3499279022217,13.9233503341675,6.43724536895752,5.00689268112183,56.6069641113281,20.0943737030029,246.003112792969
"Reynoutria_japonica",-2.6459729316,48.1456938919,11.6911115646362,33.9130249023438,16.8191242218018,7.82016944885254,16.8503570556641,42.813835144043,31.2914772033691,167.135345458984
"Reynoutria_japonica",-2.6459729316,48.4373605574,11.8781824111938,30.0007095336914,15.1329126358032,8.29625129699707,16.8463821411133,39.5206604003906,27.9280376434326,146.481597900391
"Reynoutria_japonica",-2.6459729316,53.6456938699,9.90098476409912,33.1024894714355,16.5195560455322,7.90187454223633,6.46494770050049,60.1280937194824,22.2885913848877,280.862762451172
"Reynoutria_japonica",-2.6876395981,48.1873605584,11.3448104858398,33.4565124511719,16.5181846618652,9.67383003234863,16.4666442871094,45.4519538879395,33.0533409118652,176.459106445312
"Reynoutria_japonica",-2.6876395981,53.6040272034,9.85317802429199,33.1224517822266,16.5294208526611,7.85405349731445,6.41936016082764,57.715202331543,21.3558082580566,265.502777099609
"Reynoutria_japonica",-2.7293062646,40.6456939219,13.0759248733521,35.1848030090332,29.8937034606934,8.83368587493896,21.9299163818359,12.448094367981,36.497673034668,61.4285202026367
"Reynoutria_japonica",-2.7709729311,40.4373605894,14.1202020645142,34.6889419555664,30.5053939819336,9.72372055053711,23.1994686126709,9.85910606384277,39.8566055297852,56.291389465332
"Reynoutria_japonica",-2.7709729311,54.5206938664,8.02798557281494,31.0168151855469,15.4191427230835,4.25033903121948,6.69994688034058,79.0781173706055,25.6877040863037,287.964233398438
"Reynoutria_japonica",-2.7709729311,56.5623605249,8.84056663513184,30.9610137939453,15.4071912765503,12.2184171676636,5.66589307785034,47.5731773376465,17.7219333648682,221.979858398438
"Reynoutria_japonica",-2.8126395976,41.8540272504,10.2524662017822,38.405029296875,26.5034065246582,3.92620539665222,17.7667369842529,17.5958595275879,30.5273380279541,90.2075271606445
"Reynoutria_japonica",-2.8126395976,42.5623605809,13.2772493362427,40.0400657653809,24.4102020263672,7.40162515640259,20.0405807495117,20.730447769165,34.1965446472168,92.104850769043
"Reynoutria_japonica",-2.8126395976,56.8956938569,8.01801586151123,30.6467514038086,15.0834455490112,6.10186052322388,4.86779308319092,49.8580703735352,17.8530311584473,209.429275512695
"Reynoutria_japonica",-2.8543062641,42.3540272484,11.8363876342773,39.7368965148926,25.1365280151367,5.827805519104,18.8240604400635,24.7793884277344,26.2701759338379,115.352844238281
"Reynoutria_japonica",-2.8959729306,41.7290272509,10.7652788162231,38.006721496582,26.8741931915283,4.31289911270142,18.4480247497559,16.7294120788574,31.1613101959229,85.4236221313477
"Reynoutria_japonica",-2.8959729306,42.5206939144,12.9498043060303,40.0550003051758,24.6004333496094,7.04564237594604,19.7620830535889,25.0875301361084,29.9977970123291,111.332794189453
"Reynoutria_japonica",-2.8959729306,51.6040272114,10.5968971252441,36.5306663513184,18.0064754486084,6.48624610900879,12.1204042434692,60.536190032959,23.1503810882568,227.820419311523
"Reynoutria_japonica",-2.8959729306,57.5623605209,8.55010604858398,24.9090538024902,12.5176467895508,11.8073949813843,5.48783349990845,48.9137878417969,19.3028316497803,222.896194458008
"Reynoutria_japonica",-2.9376395971,40.3540272564,14.6600513458252,34.361083984375,30.8311462402344,10.1601285934448,24.430700302124,8.24367046356201,40.1628189086914,46.593692779541
"Reynoutria_japonica",-2.9376395971,52.7706938734,10.0955715179443,36.1564979553223,17.8609504699707,7.9125804901123,6.65051317214966,52.9260215759277,17.1471862792969,212.167633056641
"Reynoutria_japonica",-2.9793062636,43.1873605784,12.648943901062,39.0746154785156,21.3384571075439,7.52682065963745,18.8284473419189,44.6444244384766,36.1664810180664,165.268142700195
"Reynoutria_japonica",-3.0626395966,51.0623605469,10.5321950912476,35.4681358337402,16.8710498809814,6.72018384933472,11.8120880126953,57.8521423339844,24.1667575836182,208.708984375
"Reynoutria_japonica",-3.0626395966,52.0206938764,8.15150356292725,36.5170059204102,17.8375339508057,4.0525016784668,13.6291809082031,53.5439071655273,23.6287879943848,193.236328125
"Reynoutria_japonica",-3.1043062631,48.4373605574,11.205493927002,29.3339939117432,14.3963394165039,7.85193109512329,16.0080184936523,44.2842330932617,30.558422088623,160.313690185547
"Reynoutria_japonica",-3.1043062631,54.3123605339,9.52467727661133,27.9113693237305,14.3741359710693,7.85981321334839,8.13671016693115,76.9314804077148,25.8158226013184,302.1533203125
"Reynoutria_japonica",-3.1876395961,42.0623605829,9.09558010101318,39.1038017272949,25.9610824584961,2.95622444152832,16.379695892334,18.9908714294434,38.124885559082,98.1999053955078
"Reynoutria_japonica",-3.2293062626,42.1040272494,9.73833179473877,39.1715431213379,25.8907012939453,3.59799695014954,16.9994163513184,17.6090354919434,37.1175117492676,90.1559524536133
"Reynoutria_japonica",-3.2709729291,41.3123605859,10.09934425354,36.8860816955566,28.0794429779053,8.56702423095703,18.2791709899902,17.4437656402588,33.3332977294922,86.1983032226562
"Reynoutria_japonica",-3.3543062621,40.3956939229,14.7128601074219,34.1166343688965,30.8628635406494,10.153341293335,24.5166435241699,7.69289398193359,43.3085403442383,45.2312469482422
"Reynoutria_japonica",-3.3543062621,52.3123605419,9.0460786819458,36.1286964416504,17.4008846282959,5.02901983261108,14.4081478118896,70.1411743164062,29.5506343841553,249.555572509766
"Reynoutria_japonica",-3.3959729286,54.5623605329,8.66523265838623,26.8603439331055,13.7499094009399,7.10981941223145,7.24131441116333,78.3794860839844,26.9249973297119,373.35009765625
"Reynoutria_japonica",-3.4376395951,48.1873605584,11.1051616668701,32.0632514953613,14.971981048584,7.69246101379395,15.9035940170288,54.0546836853027,32.9139251708984,198.908599853516
"Reynoutria_japonica",-3.5209729281,42.6456939139,11.222918510437,40.5430030822754,24.2674350738525,5.47701168060303,17.9189262390137,23.4524230957031,32.0439758300781,98.1903076171875
"Reynoutria_japonica",-3.5209729281,58.4790271839,8.89802074432373,18.6079711914062,9.98604202270508,7.99450206756592,7.36066055297852,46.8809394836426,24.5075187683105,200.274719238281
"Reynoutria_japonica",-3.5626395946,40.6873605884,14.6371879577637,34.5206756591797,30.276668548584,10.1760969161987,24.2243633270264,9.03999996185303,44.2928924560547,46.4832000732422
"Reynoutria_japonica",-3.6459729276,43.4373605774,14.7981796264648,37.9206848144531,19.7373657226562,10.081862449646,20.533618927002,52.6910133361816,37.4859771728516,188.638778686523
"Reynoutria_japonica",-3.6876395941,56.2290271929,7.52395153045654,34.1905479431152,16.7520008087158,3.3894350528717,4.33139753341675,52.9071044921875,18.8412399291992,234.260803222656
"Reynoutria_japonica",-3.7293062606,50.5623605489,10.1864070892334,29.8855133056641,13.9141750335693,6.9722261428833,11.0074939727783,52.6326599121094,30.678560256958,212.096282958984
"Reynoutria_japonica",-3.7293062606,50.7706938814,10.6450605392456,32.1853103637695,14.7726774215698,7.28371286392212,11.5956172943115,54.934398651123,28.7194232940674,222.128753662109
"Reynoutria_japonica",-3.7293062606,58.3956938509,8.24649620056152,19.7829055786133,10.2377319335938,7.25484848022461,6.74496793746948,51.7598114013672,22.9247703552246,208.621826171875
"Reynoutria_japonica",-3.7709729271,40.8540272544,9.643141746521,35.638843536377,29.1957931518555,5.51798439025879,18.2872066497803,13.186541557312,43.1009750366211,70.640754699707
"Reynoutria_japonica",-3.7709729271,47.9373605594,12.1552419662476,31.8494625091553,14.6191530227661,8.81323337554932,16.866304397583,47.6723747253418,33.5434684753418,179.829452514648
"Reynoutria_japonica",-3.7709729271,56.8540271904,5.65203905105591,33.6324005126953,16.4789352416992,1.56681096553802,7.1539134979248,53.0878105163574,25.1305122375488,239.473602294922
"Reynoutria_japonica",-3.8126395936,41.2290272529,12.0765180587769,36.1271591186523,28.6327056884766,4.98265409469604,20.5119094848633,13.5141649246216,37.5028953552246,70.3023986816406
"Reynoutria_japonica",-3.9376395931,50.4790272159,8.94786548614502,28.1033592224121,13.2550678253174,5.8570556640625,9.65796852111816,77.3871078491211,29.2421894073486,312.349945068359
"Reynoutria_japonica",-3.9376395931,56.3956938589,8.12500190734863,34.4167098999023,16.8656921386719,3.94720959663391,9.75154781341553,62.0530815124512,25.6097717285156,280.814880371094
"Reynoutria_japonica",-3.9793062596,58.3540271844,7.88186550140381,21.2555027008057,10.5444135665894,6.81745576858521,6.42647218704224,58.4590110778809,22.3645401000977,213.191146850586
"Reynoutria_japonica",-4.0209729261,48.5623605569,11.9060659408569,24.9575843811035,12.2845630645752,9.0184268951416,16.1660594940186,48.7450370788574,33.4970817565918,179.774307250977
"Reynoutria_japonica",-4.0209729261,56.7706938574,7.47190475463867,34.1565971374512,16.7585887908936,3.30862903594971,9.0786018371582,48.4048004150391,27.744255065918,213.559631347656
"Reynoutria_japonica",-4.1043062591,56.6873605244,7.07823514938354,34.3657035827637,16.8183994293213,2.9098949432373,8.69989967346191,51.3311996459961,25.7111511230469,216.977416992188
"Reynoutria_japonica",-4.1043062591,58.1040271854,8.20994091033936,24.6521530151367,11.598804473877,6.91020059585571,8.89197158813477,56.4039535522461,20.7628002166748,196.913421630859
"Reynoutria_japonica",-4.1459729256,57.3123605219,6.42120027542114,32.1522026062012,15.4054594039917,4.41816329956055,5.31365489959717,47.9802360534668,18.8317394256592,215.647903442383
"Reynoutria_japonica",-4.1876395921,53.1040272054,9.08862972259521,30.9986362457275,14.503755569458,7.53851127624512,10.1286182403564,82.3062591552734,28.0924892425537,349.319519042969
"Reynoutria_japonica",-4.1876395921,56.1040271934,8.65200996398926,34.6537399291992,16.6460056304932,4.56148242950439,10.2601251602173,75.5795745849609,22.8705768585205,310.074157714844
"Reynoutria_japonica",-4.2293062586,55.3123605299,7.48399639129639,33.0847969055176,15.1906442642212,3.83277654647827,8.74323654174805,75.1714859008789,29.6551761627197,310.110412597656
"Reynoutria_japonica",-4.2293062586,55.3956938629,8.71442222595215,33.4398078918457,15.426549911499,6.82420063018799,10.0421180725098,58.6698341369629,26.9283199310303,233.406677246094
"Reynoutria_japonica",-4.2709729251,48.4373605574,12.1418924331665,25.8199520111084,12.3377780914307,9.26389789581299,16.3891105651855,47.6775512695312,33.2959976196289,180.380142211914
"Reynoutria_japonica",-4.2709729251,57.7706938534,7.85269021987915,29.2626895904541,13.5122261047363,6.19759082794189,6.63718605041504,50.7531280517578,17.6977558135986,194.068420410156
"Reynoutria_japonica",-4.3126395916,55.8956938609,9.58524322509766,34.4038200378418,16.275577545166,5.60268211364746,11.1330556869507,79.3801422119141,25.8253517150879,326.169586181641
"Reynoutria_japonica",-4.3543062581,57.3540271884,8.53026390075684,32.509838104248,15.4114542007446,4.70509624481201,7.4698371887207,50.8362350463867,21.9926166534424,211.148040771484
"Reynoutria_japonica",-4.3959729246,52.0623605429,10.07643699646,25.137996673584,12.8742971420288,8.7839469909668,10.9197912216187,72.9924697875977,31.5198249816895,297.393493652344
"Reynoutria_japonica",-4.3959729246,58.4373605174,8.32004356384277,22.301628112793,10.5131015777588,7.23029518127441,8.80061054229736,66.6687088012695,25.8198051452637,253.468048095703
"Reynoutria_japonica",-4.4793062576,42.9790272459,8.50767803192139,38.4569625854492,21.3295364379883,3.48241424560547,14.6696710586548,25.8854598999023,42.2080154418945,107.194259643555
"Reynoutria_japonica",-4.5209729241,43.3123605779,14.0143260955811,34.8080902099609,18.2347297668457,9.60546016693115,19.5707836151123,47.138542175293,30.9869422912598,165.733184814453
"Reynoutria_japonica",-4.5209729241,56.4790271919,6.58943939208984,34.2718467712402,16.5041313171387,2.50680160522461,8.19048595428467,97.6805648803711,30.7436275482178,348.106994628906
"Reynoutria_japonica",-4.5626395906,48.5623605569,12.3597345352173,22.3556327819824,11.3431529998779,9.69668865203857,16.390495300293,41.747859954834,32.6468734741211,164.028045654297
"Reynoutria_japonica",-4.6043062571,43.0206939124,5.86113595962524,38.2822227478027,20.9712181091309,0.986916124820709,11.9413785934448,40.6686134338379,34.9280395507812,162.493362426758
"Reynoutria_japonica",-4.6043062571,58.1040271854,8.16100215911865,27.0556259155273,12.0767803192139,6.76826190948486,8.94052124023438,71.7290344238281,24.1846313476562,252.411102294922
"Reynoutria_japonica",-4.6043062571,58.3540271844,7.94769477844238,23.748628616333,10.9241037368774,6.7773962020874,8.51756381988525,77.1539764404297,27.5582942962646,309.177032470703
"Reynoutria_japonica",-4.6459729236,50.5206938824,10.3086538314819,23.156717300415,11.9026527404785,7.47230577468872,10.8614473342896,69.6149673461914,29.377082824707,288.615997314453
"Reynoutria_japonica",-4.7293062566,42.9373605794,6.16535663604736,39.1041450500488,21.8209228515625,1.08953094482422,12.5716953277588,25.9479522705078,46.5754852294922,113.511337280273
"Reynoutria_japonica",-4.8126395896,40.4790272559,9.47301578521729,35.4499816894531,29.2819023132324,5.30526924133301,18.5989780426025,12.1639528274536,49.9558792114258,60.6870574951172
"Reynoutria_japonica",-4.8543062561,55.8956938609,9.09573936462402,31.7543811798096,14.8893556594849,5.38921546936035,10.4632234573364,95.7831497192383,27.5141315460205,398.199066162109
"Reynoutria_japonica",-4.9793062556,40.3540272564,9.71836185455322,35.4621200561523,29.2925090789795,2.4393208026886,18.832181930542,12.6627769470215,52.4344291687012,64.4659805297852
"Reynoutria_japonica",-4.9793062556,42.1456939159,12.4578657150269,38.2894134521484,26.3702583312988,8.84811878204346,20.0127086639404,12.1005172729492,33.4348754882812,60.3205642700195
"Reynoutria_japonica",-4.9793062556,58.2706938514,8.15312194824219,24.7678089141846,11.0903148651123,6.92186832427979,8.78731822967529,89.7337417602539,27.0548686981201,391.527984619141
"Reynoutria_japonica",-4.9793062556,58.4373605174,8.81112766265869,22.5352153778076,10.4224290847778,7.70853185653687,9.31853199005127,78.2076263427734,26.9704895019531,368.146148681641
"Reynoutria_japonica",-5.0209729221,57.4790271879,6.26003789901733,31.530200958252,14.3170070648193,4.43941020965576,9.65576457977295,102.564422607422,30.1462554931641,329.659851074219
"Reynoutria_japonica",-5.1459729216,56.6873605244,8.4215612411499,31.6512565612793,14.8912563323975,4.65874814987183,9.82892990112305,102.903251647949,28.8772296905518,387.230590820312
"Reynoutria_japonica",-5.1459729216,57.4790271879,6.05477428436279,30.9457321166992,13.9798860549927,4.29214763641357,7.20698213577271,112.446395874023,30.2576522827148,364.345123291016
"Reynoutria_japonica",-5.2293062546,57.2706938554,5.36523008346558,30.9678421020508,14.138352394104,3.56452703475952,6.57157802581787,132.848937988281,30.3408069610596,444.296936035156
"Reynoutria_japonica",-5.2709729211,39.8540272584,16.6084117889404,34.4819564819336,30.1646118164062,12.1051464080811,26.0811958312988,5.69007062911987,55.9910125732422,46.1051292419434
"Reynoutria_japonica",-5.2709729211,40.1873605904,12.8272886276245,35.1833229064941,29.4974212646484,8.53518676757812,22.0395774841309,7.62936449050903,59.4270324707031,54.0372695922852
"Reynoutria_japonica",-5.3959729206,56.7290271909,7.79087686538696,30.3134651184082,14.0249786376953,5.98532676696777,9.05157947540283,108.549644470215,28.7113513946533,387.138916015625
"Reynoutria_japonica",-5.4793062536,39.5623605929,14.0464811325073,35.3714370727539,29.523416519165,5.95555782318115,23.1545219421387,4.21374130249023,56.1141700744629,42.099292755127
"Reynoutria_japonica",-5.6043062531,56.8540271904,7.32992887496948,29.0649929046631,13.2436513900757,5.66365003585815,8.4616641998291,119.975715637207,27.703592300415,431.553771972656
"Reynoutria_japonica",-5.6459729196,38.6873605964,16.5861549377441,36.0662803649902,29.7384662628174,12.4416580200195,25.5356731414795,3.03548240661621,52.4408683776855,26.3681888580322
"Reynoutria_japonica",-5.6876395861,40.6456939219,12.7970705032349,35.8972969055176,28.403190612793,8.70321369171143,21.6258888244629,9.01251792907715,46.1689147949219,46.9954833984375
"Reynoutria_japonica",-5.7293062526,40.6456939219,12.5461797714233,35.9821853637695,28.317195892334,8.47768497467041,21.32861328125,9.20837688446045,47.9643440246582,48.7276229858398
"Reynoutria_japonica",-5.8543062521,41.6456939179,13.3185768127441,37.4058532714844,26.675687789917,6.73110103607178,21.0656108856201,10.0355768203735,39.9761390686035,52.4076232910156
"Reynoutria_japonica",-5.8959729186,42.8956939129,8.74508857727051,41.1399269104004,22.8941173553467,3.43090176582336,15.3066005706787,22.4265403747559,42.1781845092773,89.0379333496094
"Reynoutria_japonica",-5.8959729186,56.7290271909,8.53794002532959,27.2324371337891,12.293966293335,7.03912448883057,9.5290355682373,112.73609161377,27.2384090423584,488.834625244141
"Reynoutria_japonica",-6.0209729181,43.3540272444,14.248664855957,39.920654296875,20.2171592712402,9.52209854125977,19.9882659912109,43.9084243774414,30.4671802520752,152.912002563477
"Reynoutria_japonica",-6.0626395846,41.5206939184,13.0660524368286,37.5318069458008,26.5845260620117,6.51827430725098,21.1666316986084,10.4000940322876,44.8151969909668,53.5159530639648
"Reynoutria_japonica",-6.0626395846,42.9373605794,7.31407594680786,41.354118347168,22.5713500976562,2.1367609500885,13.5670280456543,29.9443759918213,37.9270706176758,119.812797546387
"Reynoutria_japonica",-6.0626395846,54.8540271984,8.5918493270874,29.472526550293,13.1608180999756,5.31199979782104,7.29735708236694,72.7474822998047,20.4188098907471,300.269104003906
"Reynoutria_japonica",-6.1459729176,55.6873605284,8.68283843994141,23.8693161010742,11.4328842163086,7.37945747375488,9.51453685760498,85.4364242553711,29.0915260314941,388.785522460938
"Reynoutria_japonica",-6.1876395841,43.1873605784,8.93410205841064,40.8665580749512,21.271614074707,4.07135391235352,14.9793729782104,45.0850830078125,36.6658477783203,164.394256591797
"Reynoutria_japonica",-6.2709729171,38.8540272624,17.435848236084,36.9658393859863,28.8102016448975,13.4850921630859,25.9903602600098,2.73571753501892,54.3278694152832,25.1504936218262
"Reynoutria_japonica",-6.2709729171,43.4373605774,12.688286781311,39.5807189941406,19.4392929077148,8.21270561218262,18.2536773681641,42.716609954834,32.7054824829102,151.57373046875
"Reynoutria_japonica",-6.3543062501,57.2706938554,8.91429996490479,21.6347312927246,10.4240856170654,7.74959087371826,9.56947898864746,98.8982620239258,29.2774906158447,456.78369140625
"Reynoutria_japonica",-6.3959729166,42.3956939149,8.57987022399902,41.1335792541504,24.2715396881104,2.93285489082336,15.577977180481,19.1247062683105,43.4144897460938,84.8034820556641
"Reynoutria_japonica",-6.3959729166,54.6456938659,10.3044366836548,32.894474029541,14.1521139144897,8.60545921325684,7.28253507614136,58.779670715332,17.5901679992676,224.582305908203
"Reynoutria_japonica",-6.3959729166,58.2290271849,9.32182312011719,18.2243347167969,9.21784400939941,8.41969108581543,9.67439937591553,69.7955780029297,25.9055252075195,271.054138183594
"Reynoutria_japonica",-6.4376395831,42.1873605824,7.7692699432373,40.7878265380859,24.6579837799072,2.00692558288574,14.9315319061279,19.846305847168,50.3645095825195,91.3816452026367
"Reynoutria_japonica",-6.4376395831,58.3540271844,9.09538269042969,18.0878028869629,9.10047149658203,8.22318458557129,9.41209697723389,71.5515289306641,26.982816696167,307.795593261719
"Reynoutria_japonica",-6.4793062496,58.0206938524,9.34811115264893,18.4435710906982,9.33494567871094,8.43017578125,9.72743225097656,69.0841369628906,25.6169357299805,286.784851074219
"Reynoutria_japonica",-6.5626395826,41.2706939194,13.8762664794922,38.1370544433594,26.4662952423096,7.40460729598999,21.81787109375,8.28376483917236,51.4918632507324,47.8687057495117
"Reynoutria_japonica",-6.5626395826,42.1456939159,9.78641796112061,40.7367630004883,24.7905502319336,3.95405650138855,16.9899978637695,17.4834823608398,54.5758094787598,76.7929382324219
"Reynoutria_japonica",-6.6043062491,53.8540272024,10.3053750991821,34.0169296264648,14.8609409332275,6.76035308837891,7.21670913696289,55.617130279541,17.5478630065918,202.423431396484
"Reynoutria_japonica",-6.6043062491,54.1873605344,9.06422710418701,34.4880332946777,14.9125928878784,7.25891304016113,6.00397205352783,64.0303039550781,19.0674076080322,239.860900878906
"Reynoutria_japonica",-6.7293062486,41.0623605869,14.1177320480347,38.2639236450195,26.5747299194336,6.98413372039795,22.06298828125,9.45807075500488,48.9839744567871,55.5956687927246
"Reynoutria_japonica",-6.7293062486,42.2706939154,7.42599058151245,41.6840286254883,24.2416286468506,1.85115456581116,14.3410758972168,23.804235458374,45.8213653564453,101.296379089355
"Reynoutria_japonica",-6.7293062486,43.0623605789,9.21267795562744,42.002311706543,21.6463146209717,4.33825731277466,15.2437515258789,38.1192474365234,39.3782157897949,132.282913208008
"Reynoutria_japonica",-6.7709729151,58.1456938519,9.27464008331299,18.0114231109619,8.99203872680664,8.41830635070801,9.57451820373535,73.1841888427734,24.4296741485596,294.046020507812
"Reynoutria_japonica",-6.8543062481,38.8540272624,17.3767414093018,38.3095359802246,27.7865943908691,13.7048397064209,25.4363250732422,2.53279995918274,56.2481842041016,25.9948234558105
"Reynoutria_japonica",-6.9376395811,43.2706939114,11.7260503768921,41.5289421081543,20.2394351959229,7.17797183990479,17.3530082702637,35.3558578491211,39.8980102539062,120.466728210449
"Reynoutria_japonica",-7.0209729141,43.0623605789,11.7697238922119,42.3436546325684,21.3888759613037,6.95152139663696,17.6771240234375,31.3954830169678,39.971134185791,109.438873291016
"Reynoutria_japonica",-7.0209729141,58.1873605184,9.46794414520264,17.956693649292,8.83850288391113,8.63141441345215,9.73036861419678,74.3352508544922,24.9490337371826,304.818725585938
"Reynoutria_japonica",-7.0626395806,54.3956938669,9.56218433380127,36.7044372558594,15.5238676071167,7.60862731933594,6.58383846282959,60.114070892334,14.9255523681641,216.913024902344
"Reynoutria_japonica",-7.1043062471,40.8956939209,14.756760597229,39.1572303771973,26.4998664855957,8.36201763153076,22.523588180542,8.62625885009766,49.1967010498047,48.9640464782715
"Reynoutria_japonica",-7.1043062471,53.2706938714,10.1112117767334,37.1531219482422,16.0790958404541,8.12904167175293,7.05124235153198,52.9018363952637,17.8078155517578,207.9248046875
"Reynoutria_japonica",-7.1459729136,43.4373605774,14.3937063217163,40.5205764770508,18.6847152709961,10.2070865631104,19.5897903442383,36.2225875854492,41.6773910522461,142.717269897461
"Reynoutria_japonica",-7.1876395801,39.3956939269,15.4328727722168,38.9476470947266,27.157356262207,9.00770473480225,23.2483787536621,4.54654121398926,57.424129486084,31.8730354309082
"Reynoutria_japonica",-7.2709729131,53.8123605359,9.93324947357178,37.4263801574707,16.1287250518799,6.1524076461792,8.87234210968018,62.8685188293457,17.5425701141357,226.000564575195
"Reynoutria_japonica",-7.3543062461,40.5623605889,12.3177089691162,39.9394569396973,26.5222587585449,6.07597351074219,19.913423538208,12.7573652267456,55.1861991882324,64.6979751586914
"Reynoutria_japonica",-7.3959729126,38.7290272629,16.2749938964844,40.0228042602539,26.7607326507568,10.1331796646118,23.7780666351318,2.13562345504761,63.1965942382812,23.3141651153564
"Reynoutria_japonica",-7.3959729126,43.3956939109,12.4722061157227,40.4482879638672,18.3855152130127,8.40830707550049,17.5889377593994,45.0567512512207,41.2837867736816,167.447525024414
"Reynoutria_japonica",-7.5626395786,43.4790272439,10.5125579833984,38.6470031738281,17.1097602844238,6.77077627182007,15.3583402633667,54.8450813293457,44.1661911010742,203.556793212891
"Reynoutria_japonica",-7.6043062451,41.6456939179,13.9240398406982,41.5846748352051,24.4418430328369,8.20709323883057,20.7989654541016,15.000376701355,52.2246284484863,66.9625396728516
"Reynoutria_japonica",-7.6459729116,42.4790272479,12.9700355529785,42.9911155700684,22.3961029052734,7.89021635055542,19.1269645690918,19.6335067749023,49.5568466186523,80.0973205566406
"Reynoutria_japonica",-7.6876395781,42.8540272464,12.565224647522,42.49267578125,20.6045551300049,7.97371006011963,18.2011241912842,26.3975524902344,46.1083068847656,99.5656433105469
"Reynoutria_japonica",-7.7293062446,43.5206939104,12.1188220977783,36.919059753418,15.8335151672363,8.63164520263672,16.6759986877441,50.4043273925781,43.7915725708008,187.0126953125
"Reynoutria_japonica",-7.7709729111,40.1456939239,12.3265600204468,40.7785224914551,25.7639713287354,6.39564228057861,19.4779605865479,8.60668182373047,65.054084777832,52.5942573547363
"Reynoutria_japonica",-7.7709729111,42.0206939164,11.8964157104492,42.5766105651855,23.1768646240234,6.60181665420532,18.316743850708,20.8776473999023,47.3828163146973,90.0979766845703
"Reynoutria_japonica",-7.8126395776,42.3123605819,13.9645557403564,42.7977981567383,22.3537616729736,8.85817718505859,20.1266689300537,19.0951519012451,50.8115768432617,81.6396255493164
"Reynoutria_japonica",-7.8543062441,54.8540271984,8.91644954681396,33.9050102233887,13.6509647369385,5.56246137619019,10.0462446212769,92.8281402587891,25.5125999450684,354.079895019531
"Reynoutria_japonica",-7.8959729106,42.6873605804,11.0788545608521,42.4588584899902,20.4623908996582,6.54161739349365,16.6830730438232,27.1932239532471,49.5533714294434,132.05290222168
"Reynoutria_japonica",-7.8959729106,42.8956939129,12.6137924194336,41.5242500305176,19.3220634460449,8.33006858825684,17.9324493408203,27.1968936920166,51.605541229248,129.832656860352
"Reynoutria_japonica",-7.9793062436,54.0623605349,9.19251728057861,36.9687957763672,15.3522548675537,5.54266834259033,10.5292406082153,77.2049865722656,21.7067680358887,305.952850341797
"Reynoutria_japonica",-8.0209729101,43.2290272449,12.8112001419067,37.6167144775391,16.1645545959473,9.23314189910889,17.4328727722168,37.3713874816895,46.002986907959,149.926300048828
"Reynoutria_japonica",-8.0626395766,52.8123605399,9.69415664672852,37.933406829834,15.77321434021,6.06762361526489,10.970796585083,69.0690841674805,18.9036426544189,244.730926513672
"Reynoutria_japonica",-8.0626395766,55.0206938644,8.31480598449707,31.4415664672852,12.5363960266113,5.16817855834961,9.29170703887939,100.424850463867,24.614595413208,439.131286621094
"Reynoutria_japonica",-8.1459729096,41.5206939184,12.6118040084839,41.3210258483887,21.9485092163086,7.54891920089722,18.7325210571289,23.3080463409424,55.3511505126953,111.256278991699
"Reynoutria_japonica",-8.1876395761,40.4790272559,14.9589252471924,40.5241012573242,22.8359813690186,9.65090179443359,21.2689743041992,9.9876708984375,61.188907623291,54.1664962768555
"Reynoutria_japonica",-8.1876395761,54.7290271989,9.2144718170166,33.9119911193848,13.5334215164185,7.53344774246216,10.3434114456177,90.6869659423828,26.2135448455811,355.243103027344
"Reynoutria_japonica",-8.2293062426,43.2706939114,14.8249979019165,34.6270141601562,14.397533416748,11.6086416244507,19.0584888458252,33.7312927246094,45.099365234375,139.845642089844
"Reynoutria_japonica",-8.2709729091,38.8540272624,17.1903018951416,41.3814582824707,23.9144840240479,11.8668298721313,23.5867652893066,2.67134118080139,59.4974670410156,25.6959056854248
"Reynoutria_japonica",-8.2709729091,42.2290272489,11.7850542068481,41.0740776062012,19.6265983581543,7.34716558456421,17.2693481445312,24.1494598388672,59.535758972168,104.496849060059
"Reynoutria_japonica",-8.3126395756,42.2290272489,11.6283540725708,40.6650657653809,19.2391815185547,7.27511072158813,17.0300159454346,28.5401420593262,56.2723426818848,148.256103515625
"Reynoutria_japonica",-8.3126395756,54.3540272004,8.78961277008057,35.1914710998535,14.1818628311157,5.35892677307129,9.97839832305908,72.5846557617188,23.7125816345215,293.145416259766
"Reynoutria_japonica",-8.3543062421,40.8540272544,13.4737997055054,39.753490447998,20.4619941711426,8.68780899047852,19.2339992523193,17.2245635986328,55.6822891235352,90.740234375
"Reynoutria_japonica",-8.3959729086,51.8123605439,10.9938192367554,26.5629463195801,11.4644622802734,8.18903827667236,11.6005334854126,59.1974601745605,23.188175201416,229.36979675293
"Reynoutria_japonica",-8.4376395751,43.1040272454,13.3086585998535,34.0885887145996,14.1003770828247,10.1542167663574,17.5106792449951,30.755952835083,51.6803283691406,149.371002197266
"Reynoutria_japonica",-8.4793062416,41.8123605839,14.8894052505493,38.7583274841309,18.097770690918,10.6157569885254,20.1231365203857,19.8115768432617,57.9743690490723,115.528190612793
"Reynoutria_japonica",-8.5209729081,39.3540272604,17.2263717651367,41.0328521728516,22.57763671875,12.1235437393188,23.2791900634766,2.9714822769165,61.0022735595703,41.495433807373
"Reynoutria_japonica",-8.5209729081,41.8956939169,12.5681772232056,38.1957511901855,17.4850082397461,8.48649215698242,17.6547393798828,30.9414577484131,52.4292297363281,163.077453613281
"Reynoutria_japonica",-8.5626395746,38.3956939309,17.6192264556885,39.9652976989746,20.271427154541,13.1309509277344,23.0919895172119,1.38202357292175,64.5504302978516,30.0581645965576
"Reynoutria_japonica",-8.6043062411,40.6873605884,16.2811050415039,37.101001739502,17.4109840393066,12.055980682373,21.3490772247314,13.6848945617676,55.1646041870117,89.8019714355469
"Reynoutria_japonica",-8.6043062411,41.4373605854,15.4400749206543,36.9723091125488,16.7891292572021,11.3602809906006,20.41969871521,19.333553314209,56.4803085327148,112.981178283691
"Reynoutria_japonica",-8.6459729076,37.9790272659,16.7960262298584,38.335750579834,17.8492813110352,12.8609743118286,21.7096557617188,1.23360002040863,67.330322265625,25.6534576416016
"Reynoutria_japonica",-8.6876395741,42.6040272474,14.7509632110596,34.4498443603516,14.2558307647705,11.4531564712524,19.0286540985107,28.7378826141357,55.277458190918,147.187759399414
"Reynoutria_japonica",-8.6876395741,42.7706939134,14.9397392272949,33.4893493652344,13.7297420501709,11.7908601760864,19.0741424560547,27.3885173797607,52.3464164733887,137.505325317383
"Reynoutria_japonica",-8.7293062406,37.6040272674,17.4353542327881,35.764102935791,15.4855432510376,13.9944076538086,21.8103866577148,1.23529410362244,67.5138702392578,28.308988571167
"Reynoutria_japonica",-8.7709729071,53.1873605384,10.2673969268799,36.7668418884277,14.4935340881348,8.53461837768555,11.4315338134766,69.7409896850586,20.457067489624,268.172424316406
"Reynoutria_japonica",-8.8126395736,41.7290272509,14.7486734390259,32.9968185424805,13.9870500564575,11.3141164779663,19.0901927947998,22.9472942352295,57.3281707763672,134.10710144043
"Reynoutria_japonica",-8.8126395736,43.1040272454,12.9820365905762,27.8594608306885,11.6211013793945,10.3527565002441,16.6832103729248,33.7018356323242,50.3539085388184,179.70361328125
"Reynoutria_japonica",-8.9793062396,42.8956939129,13.2459964752197,26.5926265716553,11.2184743881226,10.6764488220215,16.8644523620605,30.9996242523193,53.7753448486328,170.803756713867
"Reynoutria_japonica",-9.0209729061,53.5623605369,10.2954072952271,34.5599517822266,13.3281412124634,7.12196731567383,11.3205614089966,68.170166015625,23.2044105529785,248.732421875
"Reynoutria_japonica",-9.1459729056,38.4790272639,16.787691116333,35.2936515808105,14.5745992660522,13.4528455734253,20.9219913482666,1.81421172618866,65.8279190063477,37.2331275939941
"Reynoutria_japonica",-9.1876395721,51.5623605449,11.1697521209717,23.2061595916748,10.2055168151855,8.69556522369385,11.5510902404785,84.6914825439453,26.8849182128906,315.096008300781
"Reynoutria_japonica",-9.2709729051,53.4790272039,10.6004190444946,32.5544776916504,12.3897504806519,7.59799194335938,11.5051155090332,83.4057388305664,24.3456687927246,301.931762695312
"Reynoutria_japonica",-9.3543062381,53.4373605374,10.355167388916,31.7168712615967,12.0501832962036,7.41724061965942,11.2109241485596,85.3022079467773,24.0978183746338,292.730834960938
"Reynoutria_japonica",-9.4376395711,52.1873605424,10.6832361221313,28.7528305053711,11.2495527267456,7.94592475891113,11.317102432251,88.2784957885742,25.9624328613281,318.891571044922
"Reynoutria_japonica",-9.6043062371,51.9373605434,9.76095581054688,25.0564880371094,10.4660987854004,7.21757316589355,13.4787244796753,106.680656433105,30.1648731231689,406.287628173828
"Reynoutria_japonica",-9.6459729036,52.4790272079,11.0653944015503,28.4317665100098,11.0006217956543,8.37554168701172,11.6910810470581,68.2187271118164,25.5727291107178,256.693359375
"Reynoutria_japonica",-9.9376395691,51.8956938769,9.38101482391357,22.5870456695557,9.80879020690918,6.99665117263794,9.71885299682617,129.383529663086,27.2810401916504,497.920104980469
"Reynoutria_japonica",0.0206937244000009,43.1040272454,12.6259717941284,37.2686309814453,25.2001113891602,6.39638471603394,19.719747543335,66.5505905151367,16.4984798431396,217.539672851562
"Reynoutria_japonica",0.0206937244000009,47.2706938954,12.5322027206421,36.3159446716309,22.6647415161133,6.8948769569397,18.9320316314697,40.6460227966309,13.8229036331177,136.007247924805
"Reynoutria_japonica",0.0623603909000003,40.1040272574,16.398380279541,29.6536712646484,21.4217777252197,17.5116748809814,23.7052192687988,14.3886117935181,48.7724990844727,72.5739288330078
"Reynoutria_japonica",0.1040270574,44.6040272394,13.8855638504028,36.7091445922852,23.6251583099365,7.85686874389648,20.5090217590332,50.528377532959,14.7950420379639,173.224655151367
"Reynoutria_japonica",0.145693723900001,42.3956939149,12.7403621673584,36.8296356201172,26.8208541870117,15.2061109542847,5.12789630889893,49.2680473327637,17.3732624053955,180.283386230469
"Reynoutria_japonica",0.145693723900001,49.1040272214,11.05211353302,31.8736782073975,17.9942016601562,8.92699337005615,7.33584642410278,49.9318580627441,19.0338611602783,194.786926269531
"Reynoutria_japonica",0.1873603904,49.5206938864,11.6174631118774,26.3629474639893,15.6547765731812,10.0339984893799,10.119912147522,43.9381637573242,23.5984916687012,170.393508911133
"Reynoutria_japonica",0.1873603904,52.3540272084,10.7776937484741,33.7247047424316,18.2494583129883,16.6200046539307,7.08095026016235,36.1326103210449,17.2184543609619,165.978912353516
"Reynoutria_japonica",0.2290270569,43.8540272424,14.1317443847656,37.197395324707,24.2314529418945,13.2591686248779,20.9051380157471,44.2528953552246,14.5736465454102,158.43962097168
"Reynoutria_japonica",0.3123603899,43.2290272449,12.9468154907227,36.9702491760254,25.0789642333984,11.8746919631958,20.0084400177002,62.7220687866211,17.6598739624023,212.703430175781
"Reynoutria_japonica",0.3123603899,44.2290272409,14.2186784744263,36.8693809509277,24.0055999755859,8.12499332427979,20.9445552825928,40.7144470214844,12.6211709976196,146.912658691406
"Reynoutria_japonica",0.3123603899,51.1873605464,11.0545721054077,31.8337688446045,17.0931377410889,7.00580549240112,12.3176031112671,45.1108703613281,21.0965328216553,167.968933105469
"Reynoutria_japonica",0.395693722900001,42.4790272479,8.57882022857666,37.0296020507812,26.2623157501221,9.37166118621826,1.1578871011734,55.0428237915039,16.6712551116943,198.088943481445
"Reynoutria_japonica",0.4790270559,43.7290272429,13.8964853286743,36.9404335021973,24.450080871582,12.9855089187622,20.7367973327637,47.5489883422852,14.330099105835,171.478393554688
"Reynoutria_japonica",0.520693722400001,46.4373605654,12.4880027770996,35.3636856079102,23.0136642456055,9.31870746612549,19.03639793396,44.3985900878906,15.4548397064209,166.873596191406
"Reynoutria_japonica",0.5623603889,41.4373605854,15.8350982666016,36.2263450622559,27.2997741699219,16.5188941955566,24.1776161193848,14.2002820968628,34.5756454467773,72.5176467895508
"Reynoutria_japonica",0.5623603889,42.6873605804,1.84378755092621,37.4111137390137,25.4035205841064,0.409725517034531,-5.25805330276489,67.1595306396484,15.5377655029297,258.682800292969
"Reynoutria_japonica",0.5623603889,47.6456938939,11.9141674041748,35.8305435180664,22.8284149169922,6.19254112243652,18.4044971466064,45.5599060058594,12.7175121307373,159.847808837891
"Reynoutria_japonica",0.6040270554,44.6040272394,13.8162298202515,35.9170684814453,23.8346920013428,7.69567060470581,20.552360534668,49.326587677002,10.5078945159912,177.197555541992
"Reynoutria_japonica",0.645693721900001,40.9790272539,16.6624641418457,33.370906829834,24.6305618286133,17.568660736084,24.5428924560547,11.9997177124023,40.3156433105469,63.787483215332
"Reynoutria_japonica",0.645693721900001,42.0206939164,12.9168062210083,36.5300140380859,27.2861480712891,15.3659372329712,5.21347618103027,30.2775535583496,23.7058238983154,131.383056640625
"Reynoutria_japonica",0.7290270549,49.3540272204,11.0843448638916,33.0252952575684,18.7381267547607,8.8470401763916,9.90662574768066,49.0259780883789,19.1954936981201,193.112945556641
"Reynoutria_japonica",0.770693721400001,42.5623605809,4.56335067749023,36.9849090576172,25.8105792999268,6.78882312774658,-2.7243185043335,67.2103500366211,15.6950101852417,267.025329589844
"Reynoutria_japonica",0.770693721400001,52.6040272074,10.4734325408936,28.7796096801758,16.1763477325439,8.71175861358643,6.69135236740112,38.6214599609375,20.0370388031006,189.908615112305
"Reynoutria_japonica",0.854027054399999,43.8956939089,13.6705837249756,36.4083137512207,24.4573936462402,16.2551002502441,20.5301113128662,48.2839508056641,14.144679069519,168.300796508789
"Reynoutria_japonica",0.854027054399999,49.2290272209,10.9591283798218,34.2991714477539,19.7759342193604,8.51222610473633,9.88186550140381,48.2000007629395,16.5302429199219,192.824661254883
"Reynoutria_japonica",1.0206937204,41.6040272514,15.2344999313354,35.7813148498535,26.844877243042,13.8888053894043,7.58245182037354,20.11501121521,30.0563907623291,93.8724670410156
"Reynoutria_japonica",1.0623603869,52.8123605399,10.4748668670654,24.4261169433594,14.9489135742188,8.99827766418457,6.64718151092529,35.8205184936523,21.1244411468506,180.283111572266
"Reynoutria_japonica",1.1040270534,43.3956939109,13.633321762085,36.1920700073242,25.1636524200439,12.6245880126953,20.7305717468262,48.1628227233887,14.3045749664307,161.186065673828
"Reynoutria_japonica",1.1456937199,42.1456939159,9.41641616821289,36.3229370117188,26.8417510986328,11.7747135162354,1.81844711303711,38.0867767333984,23.1673774719238,198.587387084961
"Reynoutria_japonica",1.1873603864,44.7290272389,13.2456378936768,35.0219039916992,24.0227298736572,7.04841232299805,20.0981922149658,55.4623069763184,8.97902297973633,190.098815917969
"Reynoutria_japonica",1.1873603864,48.4373605574,10.9985179901123,35.7360229492188,22.5177307128906,5.37241077423096,7.12253475189209,40.0080947875977,12.6115522384644,154.44140625
"Reynoutria_japonica",1.2290270529,41.3123605859,15.4203672409058,33.9031715393066,25.048095703125,16.3181610107422,8.05135822296143,21.6201419830322,31.963716506958,98.6875305175781
"Reynoutria_japonica",1.2290270529,41.4790272519,13.3078956604004,35.0125541687012,25.8430480957031,14.1649503707886,5.8582820892334,25.0423526763916,31.4766998291016,110.994918823242
"Reynoutria_japonica",1.2290270529,44.4790272399,13.6071109771729,35.3419952392578,24.2623634338379,16.2880115509033,20.4951496124268,53.5543518066406,10.0903615951538,190.042724609375
"Reynoutria_japonica",1.2706937194,43.3123605779,13.8810338973999,35.959529876709,25.4488010406494,12.8575859069824,21.0756053924561,57.1557655334473,13.4751148223877,190.622024536133
"Reynoutria_japonica",1.2706937194,48.8956938889,11.087872505188,35.6743316650391,21.7104759216309,8.20897769927979,7.26343202590942,40.5809898376465,12.8449068069458,164.975433349609
"Reynoutria_japonica",1.3540270524,52.8540272064,10.6131248474121,21.9848022460938,14.4189167022705,9.30076599121094,6.73514795303345,37.6725654602051,20.912109375,181.370819091797
"Reynoutria_japonica",1.3956937189,41.3540272524,14.5901508331299,33.3919677734375,24.7109088897705,15.530797958374,7.26620244979858,28.0519523620605,31.2225322723389,116.060699462891
"Reynoutria_japonica",1.4790270519,42.1040272494,10.3725309371948,35.8110427856445,26.8213634490967,16.3472118377686,2.72865104675293,29.5225410461426,28.7607727050781,196.216659545898
"Reynoutria_japonica",1.4790270519,48.6456938899,11.3049116134644,35.552375793457,22.3850727081299,16.6617202758789,7.43132543563843,38.1035308837891,13.2369995117188,158.01806640625
"Reynoutria_japonica",1.5206937184,41.6040272514,14.1291332244873,34.1833038330078,25.6459484100342,15.0185108184814,6.63791227340698,24.1026821136475,28.6337184906006,107.136283874512
"Reynoutria_japonica",1.5623603849,41.3123605859,15.6456661224365,31.8387317657471,23.7864646911621,20.7214546203613,8.42095565795898,27.0669174194336,30.1143016815186,121.219665527344
"Reynoutria_japonica",1.6873603844,42.7290272469,7.01860332489014,36.0958671569824,26.1483383178711,5.70027017593384,11.9604454040527,69.6783065795898,12.6433801651001,248.128479003906
"Reynoutria_japonica",1.6873603844,45.1873605704,12.0764207839966,34.1544532775879,24.096996307373,5.88560485839844,18.9752140045166,73.5068206787109,12.6717519760132,265.369140625
"Reynoutria_japonica",1.7290270509,42.6456939139,3.17113423347473,36.4716911315918,25.9611759185791,1.76136469841003,-4.20049715042114,62.3361892700195,16.3653755187988,258.977233886719
"Reynoutria_japonica",1.7706937174,41.2706939194,16.652702331543,29.3850898742676,22.3925838470459,21.7274570465088,9.58932399749756,29.8005657196045,28.6656379699707,113.814117431641
"Reynoutria_japonica",1.7706937174,41.3540272524,15.674521446228,30.362663269043,22.9900970458984,16.7608509063721,23.3521423339844,30.92724609375,28.0690670013428,113.928283691406
"Reynoutria_japonica",1.7706937174,42.5623605809,3.67864656448364,36.3459014892578,26.0766677856445,9.42998600006104,-3.72782278060913,44.3529434204102,17.1678276062012,197.853927612305
"Reynoutria_japonica",1.7706937174,42.6456939139,3.39166355133057,36.4054908752441,25.9576091766357,1.98603296279907,-3.98881077766418,58.7637634277344,16.1778240203857,236.137329101562
"Reynoutria_japonica",1.8123603839,41.9790272499,13.2386283874512,34.5836524963379,26.2943916320801,19.1802787780762,5.59634351730347,24.626916885376,28.5852432250977,170.172515869141
"Reynoutria_japonica",1.8540270504,41.3956939189,14.5804834365845,30.0916004180908,22.7627487182617,15.6882600784302,22.2230739593506,33.6638107299805,29.6225814819336,121.453460693359
"Reynoutria_japonica",1.8540270504,45.4790272359,9.65746021270752,34.1621284484863,23.8988246917725,3.57280778884888,16.4969654083252,86.9559478759766,14.5861749649048,311.725372314453
"Reynoutria_japonica",1.8540270504,50.7706938814,10.5589904785156,29.7549304962158,17.5500793457031,8.57911396026611,9.17708206176758,50.2452697753906,24.9258003234863,223.084991455078
"Reynoutria_japonica",1.8956937169,46.3540272324,11.7121076583862,33.8461151123047,23.5423831939697,5.62588834762573,18.4963073730469,57.0700225830078,10.9455823898315,210.432373046875
"Reynoutria_japonica",1.9373603834,45.8540272344,9.70957946777344,34.0194854736328,23.7499675750732,3.6625599861145,16.5116138458252,76.7631072998047,10.8847055435181,270.192291259766
"Reynoutria_japonica",1.9790270499,41.5623605849,15.1812286376953,30.7337818145752,23.4092254638672,16.2335624694824,7.95104455947876,29.2707767486572,27.7443714141846,137.587387084961
"Reynoutria_japonica",10.0206936844,44.4790272399,8.6167459487915,30.5407009124756,28.1522254943848,4.66625261306763,17.6421012878418,49.7917175292969,35.9740257263184,179.800659179688
"Reynoutria_japonica",10.0206936844,46.5206938984,-0.838667809963226,32.519718170166,26.7676696777344,7.66705703735352,-9.12824630737305,47.2784004211426,37.6798858642578,386.833221435547
"Reynoutria_japonica",10.0206936844,47.4790272279,6.15342426300049,33.0977745056152,26.9917545318604,14.6562881469727,2.28998732566833,135.416473388672,25.0608463287354,706.922180175781
"Reynoutria_japonica",10.0206936844,62.5206938344,0.311942785978317,25.258846282959,25.4871444702148,9.48490715026855,-4.67178964614868,24.568187713623,38.2167549133301,201.259674072266
"Reynoutria_japonica",10.0623603509,50.2706938834,9.53696727752686,30.7676582336426,25.4942111968994,2.5793035030365,5.19599199295044,40.1083297729492,14.7401742935181,189.924514770508
"Reynoutria_japonica",10.0623603509,51.4373605454,8.95458221435547,30.7331600189209,24.3580513000488,17.0039863586426,4.63541173934937,42.1438102722168,20.7084159851074,216.934783935547
"Reynoutria_japonica",10.0623603509,61.8540271704,-0.610097944736481,24.7942352294922,26.4155960083008,8.90730476379395,-5.64219903945923,22.0467758178711,47.1369667053223,240.606506347656
"Reynoutria_japonica",10.0623603509,64.0623604949,6.49894285202026,23.9897785186768,19.29296875,3.69300723075867,11.739631652832,67.6853637695312,29.04909324646,259.430023193359
"Reynoutria_japonica",10.1040270174,59.6040271794,6.04609107971191,25.3425960540771,26.8986167907715,6.39083099365234,0.658283889293671,53.4821662902832,31.0620784759521,322.198211669922
"Reynoutria_japonica",10.1040270174,60.0206938444,6.47017240524292,25.7912731170654,28.0561599731445,6.64351224899292,1.04181170463562,34.7875747680664,28.2755928039551,231.611480712891
"Reynoutria_japonica",10.1040270174,61.7290271709,0.0306905005127192,24.7041282653809,26.5558490753174,9.60842132568359,-5.03087997436523,28.1215057373047,41.3111228942871,264.685729980469
"Reynoutria_japonica",10.1040270174,63.2290271649,5.3756890296936,25.4472618103027,23.3911437988281,10.0582981109619,8.30279731750488,53.2057418823242,21.0748825073242,238.632659912109
"Reynoutria_japonica",10.1456936839,44.9790272379,14.8061151504517,30.9355068206787,30.3336563110352,15.1705932617188,24.4743118286133,53.6544952392578,21.3693618774414,181.383911132812
"Reynoutria_japonica",10.1456936839,47.7290272269,7.40060949325562,32.7802810668945,26.9873580932617,15.9375667572021,-1.12543380260468,100.823341369629,27.1884784698486,563.675537109375
"Reynoutria_japonica",10.1456936839,61.8956938369,1.17983222007751,24.6429080963135,26.6106910705566,10.8066806793213,-3.90490508079529,20.7518119812012,46.0444374084473,218.574768066406
"Reynoutria_japonica",10.1873603504,46.5623605649,0.340445429086685,32.3546562194824,26.9077167510986,8.89641380310059,-8.0189790725708,41.6875305175781,36.7306671142578,320.277465820312
"Reynoutria_japonica",10.2290270169,44.1456939079,9.34371662139893,29.553861618042,26.7998676300049,5.71306705474854,18.080493927002,37.5004234313965,40.3413391113281,134.290451049805
"Reynoutria_japonica",10.2290270169,46.3540272324,1.93191385269165,31.9728374481201,27.2109355926514,8.77603912353516,-6.5580735206604,38.9718589782715,35.4335060119629,292.434814453125
"Reynoutria_japonica",10.3123603499,63.1456938319,5.73685836791992,25.4668292999268,24.2116146087646,13.8213558197021,4.59476375579834,46.4928932189941,20.847541809082,220.837829589844
"Reynoutria_japonica",10.3123603499,63.6456938299,5.37645864486694,25.4994411468506,22.2254962921143,1.99095368385315,8.05887699127197,70.033317565918,28.0789604187012,280.542602539062
"Reynoutria_japonica",10.3956936829,46.9790272299,0.496665447950363,33.1616516113281,26.9431438446045,8.97080612182617,-3.95991206169128,41.3117179870605,38.6912574768066,332.748046875
"Reynoutria_japonica",10.3956936829,47.1873605624,0.829780757427216,33.5715141296387,26.9274063110352,9.25969219207764,-3.62323594093323,75.528938293457,33.3502082824707,525.481506347656
"Reynoutria_japonica",10.3956936829,57.2706938554,8.89744567871094,15.6439523696899,18.9699554443359,10.1066818237305,3.73488616943359,38.6998596191406,24.0939083099365,208.721038818359
"Reynoutria_japonica",10.4373603494,50.7706938814,8.11707305908203,30.8552551269531,25.2404708862305,16.4039554595947,3.7480628490448,52.5751533508301,14.5337476730347,252.151611328125
"Reynoutria_japonica",10.4373603494,59.8956938449,6.14312982559204,25.7926254272461,27.9425506591797,11.1161479949951,0.694851756095886,46.4513893127441,28.7468318939209,274.503723144531
"Reynoutria_japonica",10.4790270159,62.0206938364,0.596853375434875,24.8042049407959,26.5356140136719,10.1643056869507,-4.47893953323364,15.6939296722412,52.8648719787598,193.540802001953
"Reynoutria_japonica",10.5206936824,44.1456939079,7.93359708786011,30.5373878479004,27.2828884124756,8.80898475646973,16.6910533905029,54.7872924804688,25.2443313598633,173.354629516602
"Reynoutria_japonica",10.5206936824,51.8123605439,6.44485473632812,30.7878971099854,24.0934505462646,0.0173317287117243,2.0783953666687,71.7984008789062,16.2978553771973,349.770721435547
"Reynoutria_japonica",10.5206936824,56.4373605254,8.86738872528076,19.7029972076416,20.1864452362061,16.1534423828125,3.73969101905823,36.521411895752,20.9810619354248,189.712661743164
"Reynoutria_japonica",10.5623603489,47.1873605624,2.48654508590698,33.4027099609375,27.2026176452637,11.0144643783569,-1.97794675827026,55.9740219116211,30.9021167755127,383.076995849609
"Reynoutria_japonica",10.5623603489,51.6040272114,8.36759662628174,30.6152820587158,24.5164051055908,1.76873421669006,3.99373197555542,52.9276237487793,15.6057825088501,243.279998779297
"Reynoutria_japonica",10.5623603489,64.0623604949,5.18541669845581,25.2255840301514,21.4838676452637,1.99085175991058,11.0930433273315,76.9919967651367,29.5575428009033,290.806213378906
"Reynoutria_japonica",10.6040270154,46.3540272324,-0.644306659698486,32.157169342041,27.0658340454102,6.09524869918823,-9.05324077606201,36.747013092041,35.228084564209,293.2236328125
"Reynoutria_japonica",10.6040270154,46.4790272319,-2.80836796760559,32.4690818786621,26.8228321075439,5.6532769203186,-11.0879106521606,41.6055526733398,35.8501892089844,325.579406738281
"Reynoutria_japonica",10.6456936819,46.9373605634,-1.08944034576416,33.2537803649902,26.9793128967285,7.36504316329956,-5.52376127243042,46.9120941162109,46.1635284423828,408.310852050781
"Reynoutria_japonica",10.6456936819,47.3123605619,2.16660189628601,33.5597534179688,27.1912479400635,10.6603527069092,-1.63425421714783,77.9874801635742,40.0985641479492,565.627502441406
"Reynoutria_japonica",10.6873603484,47.2706938954,2.01531672477722,33.5500144958496,27.2279815673828,10.5208578109741,-2.43486905097961,65.2897872924805,35.5160903930664,440.8876953125
"Reynoutria_japonica",10.7290270149,43.3956939109,14.1642589569092,28.9217281341553,25.081937789917,10.9582538604736,22.5293655395508,34.1579284667969,40.2963638305664,122.501266479492
"Reynoutria_japonica",10.7290270149,46.2706938994,2.55092668533325,31.7404727935791,27.5154628753662,9.4775390625,-6.05401420593262,53.7115287780762,26.3856105804443,344.434356689453
"Reynoutria_japonica",10.7290270149,50.6456938819,6.79602098464966,30.9755744934082,25.3595123291016,0.0109913842752576,2.39954972267151,70.9262161254883,13.5164651870728,329.183441162109
"Reynoutria_japonica",10.7706936814,60.3123605099,4.41207075119019,26.0435218811035,28.4526309967041,9.4191951751709,-1.03913414478302,40.1696014404297,27.4036502838135,260.247344970703
"Reynoutria_japonica",10.8123603479,43.0206939124,16.0280342102051,27.1590309143066,23.548641204834,13.0560779571533,24.1389579772949,21.1091766357422,36.3198928833008,82.2352905273438
"Reynoutria_japonica",10.8123603479,59.7290271789,6.64510154724121,25.5244541168213,27.7500610351562,11.6166887283325,1.17465722560883,46.7746810913086,27.9011764526367,264.056762695312
"Reynoutria_japonica",10.8540270144,47.3540272284,4.4678840637207,33.292667388916,27.5464935302734,13.0924844741821,0.55619615316391,73.7363739013672,29.0084323883057,434.621459960938
"Reynoutria_japonica",10.8540270144,47.7706938934,8.46401500701904,32.5592727661133,27.5399055480957,17.1661529541016,-0.261910557746887,57.4237174987793,38.586742401123,434.285949707031
"Reynoutria_japonica",10.8540270144,47.8540272264,8.30576801300049,32.4322967529297,27.4593620300293,16.9931602478027,-0.406803160905838,53.3243293762207,39.6273612976074,417.552001953125
"Reynoutria_japonica",10.8956936809,47.0623605629,-1.00299048423767,33.5297164916992,27.2178726196289,7.46736478805542,-9.36186218261719,54.9907760620117,40.1944274902344,421.095428466797
"Reynoutria_japonica",10.8956936809,48.8123605559,9.10678195953369,31.011589050293,26.8102397918701,16.3990097045898,4.77774143218994,41.9690361022949,27.5239372253418,241.339111328125
"Reynoutria_japonica",10.8956936809,64.1873604944,4.90396547317505,25.1050682067871,22.1562824249268,1.60314202308655,11.0155963897705,58.7432479858398,30.3599681854248,225.90673828125
"Reynoutria_japonica",10.9373603474,46.2290272329,2.28882503509521,31.8070430755615,27.6634998321533,9.23210620880127,-6.34259462356567,47.9799537658691,29.4941921234131,354.956512451172
"Reynoutria_japonica",10.9373603474,63.4790271639,6.1618914604187,25.4483890533447,24.2974033355713,10.91490650177,9.26114463806152,59.429271697998,20.6419658660889,263.108428955078
"Reynoutria_japonica",10.9790270139,47.4373605614,3.49336314201355,33.3530464172363,27.5144958496094,12.0775775909424,-0.387821137905121,82.8181686401367,34.267017364502,558.351623535156
"Reynoutria_japonica",11.0206936804,50.0206938844,9.04695606231689,30.615592956543,26.1079730987549,17.6940841674805,4.62940692901611,47.8035774230957,16.8428153991699,247.782867431641
"Reynoutria_japonica",11.0623603469,51.6456938779,8.12647342681885,30.4553337097168,24.8291282653809,14.7803268432617,3.70775365829468,35.560188293457,18.1559410095215,178.221267700195
"Reynoutria_japonica",11.0623603469,61.8956938369,3.87181401252747,24.4722805023193,27.1591339111328,13.6826066970825,-1.3239780664444,16.340799331665,45.6850204467773,181.395294189453
"Reynoutria_japonica",11.0623603469,63.1456938319,3.66317915916443,25.4564743041992,25.2403297424316,11.9949941635132,2.55078744888306,53.6252250671387,23.4443950653076,283.314147949219
"Reynoutria_japonica",11.1040270134,47.2706938954,5.01824617385864,33.1417083740234,27.8707008361816,13.735424041748,-3.66677808761597,50.0697402954102,43.6715545654297,422.57421875
"Reynoutria_japonica",11.1873603464,47.5206938944,4.92261266708374,33.1366195678711,27.6954364776611,13.578685760498,-3.72965955734253,76.7391052246094,40.980396270752,631.626220703125
"Reynoutria_japonica",11.1873603464,47.8540272264,9.19305610656738,32.2714462280273,27.7283096313477,17.961332321167,0.359247088432312,57.0870590209961,43.2387733459473,498.595672607422
"Reynoutria_japonica",11.2290270129,49.9790272179,8.61054420471191,30.6254539489746,26.2002449035645,17.2874584197998,4.17569398880005,46.219295501709,13.5936651229858,215.8544921875
"Reynoutria_japonica",11.2290270129,64.4373604934,5.86086893081665,24.0992336273193,22.0657806396484,2.60404849052429,8.50232124328613,60.1591529846191,26.0566596984863,246.791152954102
"Reynoutria_japonica",11.2706936794,61.4373605054,3.53160929679871,24.7836856842041,27.6932506561279,13.4544830322266,-1.77112138271332,34.9074821472168,30.9673309326172,267.771484375
"Reynoutria_japonica",11.3123603459,55.2706938634,9.28887557983398,13.9797801971436,18.9444427490234,16.7267684936523,4.00706815719604,32.0564727783203,22.7455368041992,176.858642578125
"Reynoutria_japonica",11.3540270124,62.5206938344,1.3839168548584,24.923698425293,26.3967819213867,10.8495721817017,-3.70888614654541,31.4740715026855,34.3281669616699,241.26399230957
"Reynoutria_japonica",11.3956936789,42.4373605814,16.7874202728271,27.6772403717041,23.5508728027344,13.880859375,24.885835647583,12.4589176177979,43.6914405822754,55.0504455566406
"Reynoutria_japonica",11.3956936789,49.9373605514,8.51447582244873,30.5863361358643,26.3142318725586,17.2313842773438,4.06351375579834,49.3123741149902,15.9465761184692,250.304748535156
"Reynoutria_japonica",11.4790270119,44.4790272399,15.1883783340454,30.5741195678711,29.7345409393311,10.9752283096313,24.676456451416,41.4351043701172,21.5131969451904,143.087432861328
"Reynoutria_japonica",11.4790270119,46.8123605639,2.32737755775452,32.6928405761719,28.0673217773438,11.0797901153564,-6.36167860031128,39.268424987793,44.9007377624512,372.390686035156
"Reynoutria_japonica",11.4790270119,63.8123604959,6.1345648765564,24.9608135223389,24.5482635498047,10.9478635787964,9.27036380767822,54.8938331604004,22.6078567504883,244.463806152344
"Reynoutria_japonica",11.5206936784,46.0206939004,6.78172397613525,31.4503593444824,28.5049209594727,14.0406274795532,-2.17793893814087,62.5063514709473,29.4723339080811,392.727996826172
"Reynoutria_japonica",11.5206936784,47.1873605624,0.079033724963665,33.5532836914062,27.7302398681641,8.67444229125977,-8.45226192474365,53.9488945007324,46.1792335510254,537.42431640625
"Reynoutria_japonica",11.5623603449,45.6456939019,14.4027643203735,30.4773406982422,29.5674057006836,22.1068134307861,4.92810964584351,58.2628707885742,24.754451751709,295.595031738281
"Reynoutria_japonica",11.5623603449,46.1040272334,4.37709617614746,31.7316970825195,28.2942123413086,11.5067157745361,-4.45005655288696,44.3005180358887,38.9587516784668,397.302215576172
"Reynoutria_japonica",11.5623603449,55.7706938614,9.20508480072021,15.083553314209,19.3957271575928,16.8303489685059,3.88113403320312,30.2457408905029,23.7545871734619,176.908142089844
"Reynoutria_japonica",11.5623603449,62.9790271659,1.51216471195221,25.2511253356934,25.9331398010254,9.9880485534668,0.45976459980011,37.7500228881836,27.9037780761719,236.355484008789
"Reynoutria_japonica",11.6040270114,49.8123605519,8.41665935516357,30.5790557861328,26.4644985198975,17.2022743225098,3.95918273925781,48.9125633239746,16.8033924102783,253.669067382812
"Reynoutria_japonica",11.6456936779,44.8540272384,15.1937465667725,30.1809501647949,29.9308242797852,15.6434307098389,10.3661956787109,48.5730819702148,19.0593509674072,157.012329101562
"Reynoutria_japonica",11.7290270109,46.0623605669,8.27760696411133,31.2658424377441,28.7437934875488,15.6293048858643,-0.779879152774811,48.5339279174805,35.0051078796387,365.087707519531
"Reynoutria_japonica",11.7706936774,44.3540272404,15.4041061401367,30.441276550293,29.3676147460938,11.3025283813477,24.8414192199707,46.2554359436035,20.5671119689941,150.937789916992
"Reynoutria_japonica",11.7706936774,47.1873605624,1.38547372817993,33.3647575378418,27.9973640441895,10.0708265304565,-7.26179933547974,48.7202835083008,39.2553825378418,426.659942626953
"Reynoutria_japonica",11.7706936774,51.7290272109,10.2803239822388,29.8201560974121,25.3537120819092,18.7525367736816,5.78225564956665,23.975435256958,31.646821975708,175.023254394531
"Reynoutria_japonica",11.7706936774,61.9373605034,2.68383049964905,24.6889686584473,27.4626541137695,12.4936237335205,-2.54698204994202,20.7375049591064,42.4544639587402,209.951812744141
"Reynoutria_japonica",11.8123603439,44.6456939059,15.3986549377441,29.9751205444336,29.5411567687988,15.9222841262817,5.92460870742798,47.8329429626465,18.9325160980225,152.799911499023
"Reynoutria_japonica",11.8540270104,48.5206938904,9.52236747741699,30.9673137664795,27.5061836242676,18.4103126525879,5.18977737426758,40.6649398803711,32.1234741210938,266.8310546875
"Reynoutria_japonica",11.8540270104,65.6456938219,5.5372314453125,16.962121963501,16.3480854034424,3.34906983375549,10.0030002593994,70.5542602539062,27.5688362121582,313.918029785156
"Reynoutria_japonica",11.8956936769,63.6040271634,2.5252799987793,24.9639339447021,25.316686630249,7.42032766342163,1.43265414237976,60.4175071716309,24.6086311340332,298.10107421875
"Reynoutria_japonica",11.8956936769,64.1873604944,5.54852771759033,24.2792873382568,24.5971031188965,1.83274042606354,8.67430591583252,54.8113861083984,28.863338470459,232.515289306641
"Reynoutria_japonica",11.9373603434,55.4790271959,8.92403507232666,17.1896018981934,20.0374393463135,16.414831161499,3.62546014785767,35.0150604248047,23.3821430206299,188.523956298828
"Reynoutria_japonica",11.9373603434,55.6040271954,8.87495422363281,17.4216594696045,20.1229839324951,16.3559913635254,3.57952308654785,32.7540702819824,22.8157253265381,180.032470703125
"Reynoutria_japonica",12.0206936764,46.5206938984,0.844584286212921,32.4897384643555,28.2198581695557,7.83844089508057,-7.86331939697266,45.3353424072266,36.6879234313965,395.266723632812
"Reynoutria_japonica",12.0206936764,47.8956938929,9.83284378051758,31.8333301544189,28.1121673583984,18.7187919616699,0.800483167171478,66.9567031860352,34.0298652648926,463.384765625
"Reynoutria_japonica",12.0623603429,43.8540272424,11.5161876678467,31.3544120788574,28.3130054473877,7.8160924911499,18.4992008209229,45.4087524414062,24.9423313140869,148.435195922852
"Reynoutria_japonica",12.0623603429,44.1040272414,15.0403776168823,30.1024036407471,28.5425872802734,15.6947202682495,22.2576217651367,45.8412246704102,19.0915203094482,148.473510742188
"Reynoutria_japonica",12.0623603429,48.3540272244,9.47701168060303,31.1321334838867,27.7010459899902,18.3644523620605,5.12871694564819,49.554069519043,36.4763488769531,345.501556396484
"Reynoutria_japonica",12.0623603429,61.0623605069,3.50333881378174,25.2621040344238,28.4983520507812,13.5460653305054,-1.95982277393341,33.6421661376953,32.4249687194824,273.871063232422
"Reynoutria_japonica",12.1040270094,44.8956939049,15.3381853103638,28.704553604126,28.720724105835,15.8575477600098,10.4345502853394,43.1634826660156,18.9215641021729,157.046966552734
"Reynoutria_japonica",12.1040270094,46.7290272309,4.79991483688354,32.2994651794434,28.6747207641602,13.7333726882935,-4.13401746749878,36.7871055603027,37.6713752746582,317.474456787109
"Reynoutria_japonica",12.1456936759,52.5206938744,10.1170034408569,29.2836837768555,24.9906444549561,18.5501499176025,5.5525975227356,29.9486122131348,24.1901321411133,176.2001953125
"Reynoutria_japonica",12.1456936759,62.1873605024,0.836605906486511,24.8811378479004,27.1790962219238,10.4942026138306,-4.33365631103516,26.6125183105469,36.4193649291992,219.369033813477
"Reynoutria_japonica",12.1873603424,46.0623605669,10.6100482940674,30.9132461547852,29.0180320739746,19.8452701568604,2.84639072418213,83.3106842041016,21.8053569793701,398.66259765625
"Reynoutria_japonica",12.1873603424,63.0623604989,0.00103493535425514,25.0505352020264,26.1449317932129,8.48780536651611,-1.00752460956573,41.0792465209961,28.4212894439697,261.279357910156
"Reynoutria_japonica",12.2290270089,46.8123605639,3.64500784873962,32.5575065612793,28.581844329834,12.5277156829834,-5.24006605148315,32.4759521484375,40.6652908325195,325.039337158203
"Reynoutria_japonica",12.2290270089,63.6040271634,2.69304704666138,24.5911636352539,25.7677383422852,11.1156721115112,1.61710262298584,43.3628234863281,24.1276569366455,219.531494140625
"Reynoutria_japonica",12.2706936754,42.6873605804,14.8436088562012,33.1166343688965,28.234203338623,11.294641494751,23.7876071929932,29.4764232635498,25.8169651031494,125.950866699219
"Reynoutria_japonica",12.3123603419,46.6040272314,1.87665498256683,32.4690551757812,28.4324531555176,8.96023368835449,-6.92524719238281,45.3112487792969,35.1908111572266,368.572418212891
"Reynoutria_japonica",12.3123603419,47.3540272284,4.03197336196899,32.8413696289062,28.2676315307617,12.8446950912476,-4.82663822174072,59.0834808349609,46.6179275512695,560.698120117188
"Reynoutria_japonica",12.3123603419,47.5206938944,7.12657785415649,32.4151458740234,28.3805179595947,16.0160312652588,2.94505405426025,70.4898834228516,37.7764587402344,524.345947265625
"Reynoutria_japonica",12.3123603419,52.5623605409,10.1232938766479,29.1480007171631,25.02126121521,18.5802993774414,5.54325008392334,29.5279998779297,22.2041606903076,166.991149902344
"Reynoutria_japonica",12.3540270084,49.3956938869,8.96417045593262,30.1758308410645,27.1855525970459,17.9461040496826,4.54067945480347,43.0341644287109,21.6228561401367,243.549743652344
"Reynoutria_japonica",12.3956936749,47.0206938964,1.9484521150589,32.9391212463379,28.3710670471191,10.7451696395874,-6.85775661468506,34.7031517028809,41.3586616516113,357.657775878906
"Reynoutria_japonica",12.3956936749,61.6040271714,1.06387388706207,25.2413368225098,27.9342403411865,10.9184617996216,-4.25407361984253,33.8688926696777,34.4471435546875,280.974212646484
"Reynoutria_japonica",12.4790270079,47.5206938944,7.29332494735718,32.3081665039062,28.4244804382324,16.2157802581787,3.0796000957489,82.5509643554688,38.1711540222168,600.238220214844
"Reynoutria_japonica",12.4790270079,47.6456938939,7.0514349937439,32.2520904541016,28.2422676086426,15.9303283691406,2.86231827735901,91.3364715576172,37.3353576660156,661.017395019531
"Reynoutria_japonica",12.4790270079,63.5623604969,2.33799290657043,24.3858852386475,26.0668048858643,10.8399085998535,1.27988564968109,45.3287544250488,25.0849094390869,234.14128112793
"Reynoutria_japonica",12.5206936744,42.9790272459,14.0016813278198,33.0806427001953,28.7100601196289,10.3506755828857,23.096715927124,37.072940826416,24.8799858093262,143.443481445312
"Reynoutria_japonica",12.5206936744,45.8540272344,14.5238990783691,29.585277557373,28.9834632873535,14.7231578826904,6.61756992340088,71.6362380981445,20.8912963867188,330.200836181641
"Reynoutria_japonica",12.5206936744,57.3123605219,8.20069408416748,23.8541278839111,23.3783912658691,8.91744327545166,2.95398116111755,41.4771766662598,26.4438552856445,230.974304199219
"Reynoutria_japonica",12.5623603409,58.8123605159,7.54176712036133,26.1087684631348,26.1721591949463,7.94849729537964,2.20154047012329,37.5395774841309,27.4142246246338,203.972808837891
"Reynoutria_japonica",12.5623603409,64.6456938259,4.10764694213867,22.9101524353027,24.9538822174072,0.428001463413239,7.26474380493164,55.3956718444824,28.1732482910156,254.748229980469
"Reynoutria_japonica",12.6040270074,53.1040272054,9.5078296661377,28.6643600463867,24.6359634399414,17.8629455566406,4.84438133239746,33.7082366943359,21.4840240478516,181.196807861328
"Reynoutria_japonica",12.6456936739,46.5623605649,4.45644187927246,32.0271148681641,28.7477378845215,11.7187080383301,-4.52181959152222,66.1587753295898,24.9281959533691,395.102416992188
"Reynoutria_japonica",12.6456936739,47.6040272274,5.47510051727295,32.3899383544922,28.1620693206787,14.3127717971802,1.33215522766113,97.5984954833984,33.2052993774414,631.163269042969
"Reynoutria_japonica",12.6456936739,60.1873605104,4.97389507293701,26.0736999511719,28.7836894989014,14.9393301010132,-0.60832005739212,34.4938354492188,27.5568504333496,240.088745117188
"Reynoutria_japonica",12.6873603404,43.8123605759,15.1400575637817,28.2644634246826,26.7613925933838,15.8888816833496,24.1796760559082,45.3428688049316,18.9736804962158,153.731201171875
"Reynoutria_japonica",12.6873603404,49.3540272204,8.35054969787598,30.1793651580811,27.2321128845215,17.325231552124,3.92670893669128,48.942684173584,24.0233688354492,298.444885253906
"Reynoutria_japonica",12.7290270069,46.2290272329,10.5390796661377,30.6455345153809,29.0592460632324,14.5943832397461,1.28374266624451,78.6086578369141,20.6434535980225,371.469818115234
"Reynoutria_japonica",12.7290270069,47.8123605599,8.08989334106445,31.7998752593994,28.2421741485596,17.0059242248535,3.84217548370361,101.733268737793,32.956901550293,652.225402832031
"Reynoutria_japonica",12.7290270069,57.3540271884,7.47724294662476,25.377254486084,24.1358203887939,8.11809062957764,2.24081254005432,49.0994834899902,25.8488388061523,257.110107421875
"Reynoutria_japonica",12.8123603399,46.9790272299,-0.582537293434143,33.0417022705078,28.1994552612305,8.14790058135986,-9.32069778442383,62.7975540161133,30.488073348999,428.558868408203
"Reynoutria_japonica",12.8123603399,57.8123605199,6.81144237518311,26.6167011260986,25.0274353027344,3.45516228675842,1.59108066558838,51.6320953369141,25.3395156860352,269.668334960938
"Reynoutria_japonica",12.8123603399,65.4790271559,2.57000875473022,20.944465637207,23.2342681884766,-0.71558278799057,5.35228395462036,82.4544906616211,30.0379047393799,334.683959960938
"Reynoutria_japonica",12.8540270064,41.5206939184,17.4429149627686,24.1073150634766,21.5859375,11.9805335998535,25.2114906311035,16.2605171203613,49.886287689209,73.235954284668
"Reynoutria_japonica",12.8540270064,65.8540271544,3.20065951347351,19.8503723144531,21.8302764892578,0.168708965182304,9.36702919006348,81.0239028930664,30.2060680389404,316.183227539062
"Reynoutria_japonica",12.8956936729,63.6040271634,2.76729655265808,23.9137878417969,26.5747489929199,11.4169063568115,1.72524392604828,35.9830589294434,25.2333393096924,193.255706787109
"Reynoutria_japonica",12.8956936729,64.0206938284,2.97118782997131,23.5281276702881,26.488582611084,-1.03900694847107,6.45575046539307,38.8818817138672,25.6816577911377,192.819198608398
"Reynoutria_japonica",12.8956936729,65.6040271554,3.34484171867371,20.7004661560059,23.219596862793,0.0603356957435608,6.10955953598022,71.8029174804688,29.6021118164062,292.918701171875
"Reynoutria_japonica",12.9373603394,41.6456939179,13.4801654815674,26.7180290222168,22.7162075042725,7.88755750656128,21.3625068664551,29.9994354248047,39.3012390136719,128.352661132812
"Reynoutria_japonica",12.9373603394,46.9373605634,2.74798655509949,32.5524482727051,28.5902290344238,11.650354385376,-6.19619750976562,74.0651321411133,25.0269870758057,452.592376708984
"Reynoutria_japonica",12.9790270059,56.3123605259,7.99491739273071,25.8891868591309,23.9039516448975,15.6310510635376,2.73341488838196,43.9061660766602,27.0181407928467,274.324249267578
"Reynoutria_japonica",13.0206936724,42.4790272479,6.81516551971436,33.6463203430176,27.3201503753662,7.73959541320801,-0.451474547386169,51.7979278564453,26.8400650024414,197.532897949219
"Reynoutria_japonica",13.0206936724,46.1873605664,12.9484338760376,29.6780986785889,28.9712104797363,13.163595199585,3.57576942443848,99.1769409179688,17.7264194488525,416.199340820312
"Reynoutria_japonica",13.0623603389,41.3540272524,17.5641212463379,21.6277885437012,20.4529800415039,12.3135957717896,25.1582813262939,16.1413650512695,52.6478996276855,74.0642852783203
"Reynoutria_japonica",13.0623603389,43.2706939114,12.4015483856201,31.4382781982422,27.4183902740479,13.1695384979248,21.3115615844727,49.0281410217285,14.2085428237915,184.812423706055
"Reynoutria_japonica",13.0623603389,46.6873605644,5.50225114822388,31.8422412872314,28.8916893005371,5.84041404724121,-3.60727691650391,77.0470581054688,25.8899269104004,441.419372558594
"Reynoutria_japonica",13.1040270054,48.3540272244,9.52174663543701,30.6485900878906,28.0525913238525,18.5302810668945,5.13851451873779,50.3299751281738,33.6538391113281,325.772796630859
"Reynoutria_japonica",13.1456936719,42.9790272459,8.67026042938232,32.6121139526367,27.353458404541,9.51201725006104,1.26115763187408,60.7194366455078,12.2447090148926,220.277923583984
"Reynoutria_japonica",13.1456936719,46.5206938984,7.29758596420288,31.2175388336182,28.939868927002,7.60365962982178,-1.89364230632782,82.9561386108398,23.6468753814697,418.801239013672
"Reynoutria_japonica",13.1456936719,66.4790271519,4.73174953460693,18.2648124694824,19.833911895752,5.57042694091797,6.77191686630249,120.689979553223,30.0370101928711,453.498718261719
"Reynoutria_japonica",13.1873603384,56.5623605249,7.88518714904785,27.0787220001221,24.7122077941895,15.5671367645264,2.62136316299438,53.6114807128906,26.2653102874756,316.707763671875
"Reynoutria_japonica",13.1873603384,62.1456938359,1.89541494846344,25.0337524414062,27.852668762207,11.7375841140747,-3.41145420074463,27.7536010742188,39.7349014282227,243.920288085938
"Reynoutria_japonica",13.1873603384,65.6456938219,2.4683575630188,20.9591789245605,24.2579765319824,-4.07779312133789,9.33462238311768,76.7779769897461,33.6905899047852,301.839721679688
"Reynoutria_japonica",13.2290270049,46.6456938979,7.46766090393066,31.4334907531738,29.0875110626221,7.76132106781006,-1.78267455101013,69.0995788574219,26.3983840942383,399.851745605469
"Reynoutria_japonica",13.2290270049,47.8956938929,8.42264556884766,31.4314098358154,28.3026638031006,17.4103164672852,-0.775454103946686,81.5172729492188,36.1515960693359,603.773742675781
"Reynoutria_japonica",13.2290270049,58.7706938494,7.47874021530151,26.5996360778809,26.5951538085938,12.1146945953369,2.1191828250885,29.3719520568848,30.0221099853516,190.582489013672
"Reynoutria_japonica",13.2706936714,46.1456938999,13.1924591064453,28.9724636077881,28.6572132110596,13.4252099990845,3.82588386535645,109.832565307617,18.780948638916,434.1875
"Reynoutria_japonica",13.2706936714,56.6456938579,7.36236524581909,27.3666763305664,24.8469734191895,4.19860887527466,2.10889410972595,57.2171287536621,25.4269561767578,319.823425292969
"Reynoutria_japonica",13.2706936714,57.7290271869,6.52338409423828,27.3909912109375,25.7016181945801,3.07719993591309,1.27787303924561,51.9962348937988,25.4566898345947,281.164978027344
"Reynoutria_japonica",13.3123603379,46.3956938989,9.31307315826416,30.45751953125,28.9147567749023,9.58864784240723,0.0291105899959803,104.14965057373,21.1449966430664,441.622772216797
"Reynoutria_japonica",13.3123603379,48.6873605564,9.65932655334473,30.0878028869629,27.9257869720459,18.728666305542,5.27534580230713,51.9807052612305,21.5699844360352,318.961700439453
"Reynoutria_japonica",13.3540270044,47.0206938964,-0.924730181694031,32.9103889465332,28.1776943206787,7.84388256072998,-9.71881294250488,47.6476249694824,39.7621192932129,444.044311523438
"Reynoutria_japonica",13.3540270044,48.9790272219,6.09365892410278,30.3155727386475,27.3131294250488,14.991548538208,1.70608150959015,70.2212677001953,19.5415363311768,410.415222167969
"Reynoutria_japonica",13.3540270044,55.6873605284,8.27926635742188,23.792407989502,22.718729019165,5.4892315864563,2.99081420898438,38.5446586608887,24.0130310058594,205.135055541992
"Reynoutria_japonica",13.3540270044,61.8123605039,2.61000633239746,25.1634826660156,28.3044319152832,12.5919847488403,-2.80079221725464,31.4372711181641,36.8856468200684,267.494689941406
"Reynoutria_japonica",13.3540270044,64.3540271604,1.30379176139832,23.003791809082,27.0428886413574,-6.08549499511719,4.8533616065979,41.2208938598633,24.147180557251,219.96272277832
"Reynoutria_japonica",13.3956936709,42.5206939144,8.66569042205811,32.1014938354492,26.6831436157227,9.58332347869873,1.37805330753326,52.1759071350098,19.8099460601807,194.584945678711
"Reynoutria_japonica",13.3956936709,47.2290272289,1.71527218818665,32.6410827636719,28.3035488128662,10.5712881088257,-7.21496152877808,64.8491287231445,41.8857955932617,565.129760742188
"Reynoutria_japonica",13.3956936709,47.8540272264,8.23580169677734,31.4283351898193,28.3842449188232,17.2420654296875,3.78052544593811,85.048469543457,29.0975112915039,523.167236328125
"Reynoutria_japonica",13.3956936709,65.9790271539,4.61119699478149,20.2897796630859,23.7029552459717,1.27753245830536,11.3599147796631,71.9612197875977,34.1432876586914,251.736938476562
"Reynoutria_japonica",13.4790270039,64.2706938274,1.49089455604553,22.9738845825195,27.234691619873,10.3839559555054,0.331348985433578,39.2336921691895,24.0306835174561,214.660705566406
"Reynoutria_japonica",13.5206936704,45.8123605679,14.4724941253662,26.4626197814941,27.3363571166992,14.8225164413452,5.26573657989502,95.1141662597656,14.6089763641357,323.454406738281
"Reynoutria_japonica",13.5206936704,57.0206938564,7.16846323013306,27.6391773223877,25.3924789428711,3.85816144943237,1.90610039234161,51.1372222900391,25.453592300415,283.536468505859
"Reynoutria_japonica",13.5623603369,41.8540272504,9.95086288452148,30.2419033050537,24.883472442627,4.07416915893555,18.1451244354248,43.3081398010254,36.3446197509766,158.384841918945
"Reynoutria_japonica",13.5623603369,43.2706939114,16.1651401519775,27.5783576965332,25.3223533630371,17.0041446685791,22.7147312164307,43.4425392150879,12.1860237121582,151.574768066406
"Reynoutria_japonica",13.5623603369,45.9373605674,13.9719877243042,27.4240398406982,27.9528846740723,14.2697649002075,4.66314029693604,111.300987243652,15.7389860153198,377.235382080078
"Reynoutria_japonica",13.5623603369,46.9790272299,2.59084582328796,32.375373840332,28.6087608337402,11.5515165328979,-6.44204235076904,41.5809898376465,41.2446899414062,421.947875976562
"Reynoutria_japonica",13.5623603369,61.9790271699,2.39786791801453,25.1929035186768,28.2478408813477,12.338472366333,-2.98272776603699,24.2479057312012,43.3234672546387,247.85270690918
"Reynoutria_japonica",13.5623603369,65.8956938209,0.778750598430634,20.7200870513916,24.3810920715332,-5.76236867904663,7.68686771392822,82.4231567382812,33.4891357421875,307.784942626953
"Reynoutria_japonica",13.6040270034,42.6040272474,13.4445219039917,29.9088039398193,26.0640087127686,10.2662982940674,19.9199886322021,43.7766609191895,19.1105346679688,150.409225463867
"Reynoutria_japonica",13.6040270034,59.1873605144,7.18738651275635,26.4878444671631,27.3931770324707,15.5463972091675,1.71914827823639,31.705883026123,28.9106998443604,203.410537719727
"Reynoutria_japonica",13.6456936699,53.9790272019,9.26784133911133,21.7900047302246,21.776065826416,16.9683799743652,4.27158880233765,33.4174118041992,21.7659893035889,187.557174682617
"Reynoutria_japonica",13.6456936699,56.2706938594,7.75520944595337,27.3478908538818,24.8029823303223,4.63906669616699,2.47622275352478,42.2896003723145,23.8919734954834,220.107009887695
"Reynoutria_japonica",13.6873603364,47.7290272269,6.57104873657227,31.6483993530273,28.3333625793457,15.5593509674072,2.26737880706787,104.33129119873,30.2448463439941,633.724975585938
"Reynoutria_japonica",13.7290270029,43.2290272449,16.3710308074951,25.4267597198486,24.1379566192627,17.2686748504639,22.7386817932129,44.0182571411133,15.3041296005249,163.123489379883
"Reynoutria_japonica",13.7290270029,46.3123605659,3.48695993423462,30.8998413085938,28.2328834533691,3.90736937522888,-5.50546503067017,157.312942504883,20.1057929992676,640.966430664062
"Reynoutria_japonica",13.7290270029,57.8540271864,6.05796527862549,27.7047233581543,26.0608177185059,14.7670259475708,0.774985134601593,42.3965187072754,26.2748432159424,256.641326904297
"Reynoutria_japonica",13.7290270029,65.7706938214,-0.0928858816623688,21.0050430297852,25.1177501678467,-6.83894109725952,2.97719049453735,63.0685195922852,32.5175094604492,258.202545166016
"Reynoutria_japonica",13.7706936694,45.3123605699,13.6091184616089,21.9994010925293,24.4804706573486,14.2739295959473,20.5499782562256,76.3660202026367,20.8929748535156,266.72412109375
"Reynoutria_japonica",13.7706936694,56.6873605244,7.44092750549316,27.9016208648682,25.4228057861328,15.9025173187256,2.16975855827332,43.1133193969727,25.943359375,251.638961791992
"Reynoutria_japonica",13.7706936694,66.1040271534,3.94341015815735,20.3141822814941,24.3688201904297,0.525587379932404,10.8958711624146,62.8721885681152,32.8385543823242,228.081314086914
"Reynoutria_japonica",13.8123603359,45.5623605689,14.1073665618896,24.803352355957,26.3051090240479,14.5715761184692,9.19668579101562,78.1805191040039,17.1191329956055,266.286956787109
"Reynoutria_japonica",13.8123603359,46.4790272319,6.34403371810913,31.1036205291748,28.9901447296143,6.64144325256348,-2.92645025253296,105.582778930664,22.2421569824219,513.401489257812
"Reynoutria_japonica",13.8123603359,56.0206938604,7.75056123733521,25.7514038085938,23.8511066436768,4.77649879455566,2.46205949783325,45.511058807373,23.1440734863281,225.312469482422
"Reynoutria_japonica",13.8123603359,62.1040271694,2.92321729660034,25.1294975280762,28.3107395172119,12.9054040908813,-2.4793975353241,26.1911525726318,42.7417831420898,255.902770996094
"Reynoutria_japonica",13.8123603359,65.2706938234,-0.743007481098175,21.6825351715088,26.3817882537842,-7.89118432998657,2.61033868789673,43.5068244934082,29.0901622772217,213.238021850586
"Reynoutria_japonica",13.8540270024,46.3540272324,2.46913504600525,31.3057708740234,28.3574104309082,2.88842368125916,-6.52565479278564,129.343536376953,24.0496139526367,595.266052246094
"Reynoutria_japonica",13.8540270024,47.5206938944,4.27231025695801,32.0294151306152,28.2773265838623,13.2145147323608,-4.78700542449951,68.967155456543,39.623851776123,530.481567382812
"Reynoutria_japonica",13.8540270024,62.6873605004,2.85493540763855,24.6199035644531,27.8676338195801,12.7357616424561,-2.49366116523743,23.8837642669678,44.3320655822754,232.348327636719
"Reynoutria_japonica",13.8540270024,66.6873604844,-0.565820753574371,19.3162822723389,21.7519340515137,-3.49374127388,1.78789186477661,97.0017852783203,29.7948722839355,392.195190429688
"Reynoutria_japonica",13.8956936689,45.6456939019,11.7206106185913,26.2150459289551,26.7686500549316,12.1746025085449,20.9253578186035,100.304656982422,16.7311115264893,333.2177734375
"Reynoutria_japonica",13.9373603354,47.6873605604,2.52000284194946,32.0903053283691,27.9110221862793,11.3436660766602,-1.93480455875397,99.5448455810547,28.9923782348633,615.900024414062
"Reynoutria_japonica",13.9790270019,47.9790272259,9.71240615844727,30.8700351715088,28.4551525115967,18.8414173126221,5.23346185684204,67.6339797973633,34.2492370605469,449.278503417969
"Reynoutria_japonica",13.9790270019,53.6456938699,9.50415706634521,25.3757057189941,23.6319522857666,17.8596076965332,4.6121711730957,29.7872943878174,25.9413146972656,187.771484375
"Reynoutria_japonica",13.9790270019,63.8540271624,1.02419340610504,23.1899757385254,27.6187114715576,9.92412757873535,-4.44954824447632,37.3693161010742,26.6964263916016,238.449035644531
"Reynoutria_japonica",14.0206936684,47.0206938964,4.04579544067383,32.025951385498,28.7774314880371,13.1200790405273,-5.12033891677856,41.8988227844238,46.7261657714844,455.190612792969
"Reynoutria_japonica",14.0206936684,47.0623605629,3.93014979362488,32.0512008666992,28.7168388366699,12.9889335632324,-5.2173318862915,46.470775604248,46.5427398681641,492.337615966797
"Reynoutria_japonica",14.0206936684,50.3123605499,9.32144546508789,30.365894317627,27.3572330474854,18.3277683258057,0.398930162191391,21.9673404693604,42.27392578125,197.052612304688
"Reynoutria_japonica",14.0623603349,46.1873605664,8.18537330627441,30.3656368255615,29.0651473999023,8.45588684082031,0.229047954082489,140.731674194336,17.293773651123,504.2333984375
"Reynoutria_japonica",14.1040270014,45.9373605674,10.0936880111694,29.2445240020752,28.6884155273438,10.377815246582,2.10625243186951,123.561599731445,15.6781311035156,413.050262451172
"Reynoutria_japonica",14.1040270014,46.1456938999,8.54526710510254,30.2664928436279,29.0984916687012,8.81090641021729,-0.844785928726196,129.098724365234,19.1177654266357,489.528656005859
"Reynoutria_japonica",14.1040270014,55.7290271949,8.29620361328125,21.1203269958496,21.7590026855469,5.5807638168335,2.96378207206726,37.2592010498047,22.0264377593994,173.973358154297
"Reynoutria_japonica",14.1456936679,48.7290272229,7.41992473602295,30.0677623748779,27.7612419128418,16.4477043151855,3.00786519050598,50.6529884338379,35.2496452331543,351.90185546875
"Reynoutria_japonica",14.1456936679,63.3123604979,4.0704231262207,23.6241264343262,28.0850639343262,13.0364551544189,-1.3884391784668,28.3543529510498,34.8191528320312,205.189361572266
"Reynoutria_japonica",14.1873603344,46.6873605644,9.6156587600708,31.0397396087646,29.7150688171387,17.8669166564941,0.00715601444244385,46.9121894836426,35.2023696899414,388.17724609375
"Reynoutria_japonica",14.2290270009,50.1873605504,9.5039119720459,30.2634258270264,27.5105972290039,17.053768157959,0.501600027084351,18.9719524383545,48.6257362365723,201.274444580078
"Reynoutria_japonica",14.2290270009,53.4373605374,9.55895519256592,27.0264549255371,24.7685737609863,18.0971202850342,4.72474384307861,27.5916233062744,28.494966506958,177.593688964844
"Reynoutria_japonica",14.2290270009,55.9790271939,8.61762237548828,23.3153076171875,22.9042816162109,5.70798110961914,3.29253339767456,36.4367980957031,22.3705005645752,180.514541625977
"Reynoutria_japonica",14.3540270004,46.1456938999,10.8062839508057,30.3045921325684,29.7969036102295,10.9518051147461,2.68140530586243,114.934585571289,15.2289228439331,459.374328613281
"Reynoutria_japonica",14.3540270004,46.6456938979,10.2355623245239,30.8408813476562,29.8668994903564,19.7534065246582,0.548859655857086,47.9910583496094,34.0841865539551,378.838409423828
"Reynoutria_japonica",14.3540270004,65.8540271544,-0.448035269975662,20.7116374969482,25.9156246185303,-4.09740686416626,2.74820399284363,56.6842346191406,31.4740753173828,267.323944091797
"Reynoutria_japonica",14.3956936669,46.6456938979,10.3391494750977,30.8185520172119,29.8883285522461,19.8672885894775,0.63884711265564,44.9557647705078,34.4457092285156,358.815734863281
"Reynoutria_japonica",14.3956936669,47.6456938939,4.29425048828125,31.6263599395752,28.166259765625,13.2571325302124,-0.153323858976364,77.8931732177734,34.129207611084,526.87255859375
"Reynoutria_japonica",14.3956936669,48.1873605584,10.5397548675537,30.2351684570312,28.4834823608398,19.7560729980469,5.95550107955933,50.4746360778809,34.5118713378906,335.636993408203
"Reynoutria_japonica",14.3956936669,56.0623605269,8.55083084106445,23.5721836090088,23.105863571167,16.2966575622559,3.22205328941345,33.8442344665527,21.9939880371094,169.406494140625
"Reynoutria_japonica",14.3956936669,56.4373605254,7.48580837249756,26.6137523651123,24.7402076721191,15.2371158599854,2.19379448890686,38.3258361816406,23.593189239502,206.764617919922
"Reynoutria_japonica",14.3956936669,65.3540271564,0.319348633289337,20.996826171875,26.9585494995117,-3.56892704963684,3.77273106575012,39.5415534973145,29.2039031982422,212.855819702148
"Reynoutria_japonica",14.3956936669,67.0206938164,2.07987880706787,18.8398952484131,20.9009323120117,-0.724928736686707,4.24254608154297,65.2979736328125,32.5638084411621,260.449584960938
"Reynoutria_japonica",14.4373603334,41.9373605834,12.4971532821655,28.4367790222168,24.2053451538086,6.64828824996948,18.5104827880859,42.1092720031738,24.7879390716553,135.560089111328
"Reynoutria_japonica",14.4790269999,41.9790272499,14.4623851776123,27.5402736663818,24.0130062103271,8.56870937347412,20.5302314758301,38.0514831542969,22.9195575714111,123.128753662109
"Reynoutria_japonica",14.4790269999,67.1456938159,4.14952564239502,18.344799041748,20.1894779205322,4.9291467666626,6.17403602600098,64.6248474121094,31.7320251464844,255.895538330078
"Reynoutria_japonica",14.5623603329,45.3123605699,13.1174097061157,25.4766082763672,26.4272956848145,13.5779304504395,22.2757453918457,73.1824035644531,25.6626243591309,240.878875732422
"Reynoutria_japonica",14.6040269994,46.0623605669,11.7816410064697,30.1401920318604,30.039680480957,20.1372566223145,2.04512310028076,79.1180267333984,18.0056934356689,371.946838378906
"Reynoutria_japonica",14.6040269994,46.8540272304,4.60822296142578,31.5564956665039,29.0420417785645,13.8002557754517,-4.7046914100647,44.1356239318848,46.0151672363281,479.195953369141
"Reynoutria_japonica",14.6456936659,52.5623605409,10.0738315582275,28.2104339599609,26.1471996307373,18.9425506591797,5.35138368606567,25.096565246582,30.4836463928223,171.537231445312
"Reynoutria_japonica",14.6873603324,46.9790272299,4.66845607757568,31.5057697296143,28.9353504180908,13.8477392196655,-4.62763166427612,29.8212699890137,53.2602119445801,385.353332519531
"Reynoutria_japonica",14.6873603324,47.6040272274,5.52142667770386,31.3170909881592,28.3829078674316,14.5923480987549,1.06720161437988,78.5275268554688,34.3834571838379,512.06201171875
"Reynoutria_japonica",14.6873603324,66.1456938199,0.416504710912704,20.4170989990234,25.8744926452637,-6.50178956985474,3.57786345481873,58.3231048583984,31.8918972015381,258.199829101562
"Reynoutria_japonica",14.7290269989,45.4373605694,9.39967250823975,27.8236904144287,27.289571762085,9.81182098388672,1.58785092830658,103.773460388184,18.3312664031982,341.511901855469
"Reynoutria_japonica",14.7290269989,45.8540272344,10.5080184936523,29.9364109039307,29.4574508666992,10.676586151123,2.42971587181091,90.4822616577148,16.7954978942871,411.16845703125
"Reynoutria_japonica",14.7290269989,46.1456938999,10.8186836242676,30.4119415283203,30.0491771697998,19.133415222168,1.09182596206665,72.2621154785156,21.8844966888428,380.291015625
"Reynoutria_japonica",14.7290269989,47.6040272274,6.87464618682861,31.0964412689209,28.54758644104,16.0207366943359,2.39712643623352,64.6949615478516,35.267406463623,433.362823486328
"Reynoutria_japonica",14.7290269989,66.8956938169,3.54336500167847,19.4883327484131,22.9006977081299,0.380966246128082,6.08902883529663,50.9778823852539,35.343074798584,207.69694519043
"Reynoutria_japonica",14.7706936654,48.1456938919,10.5133533477783,30.1140079498291,28.5309257507324,19.7836303710938,5.87192440032959,57.454963684082,34.6114273071289,379.22119140625
"Reynoutria_japonica",14.8123603319,48.1456938919,10.4989070892334,30.1135520935059,28.5292320251465,19.7706031799316,5.85155439376831,58.3658332824707,33.8692283630371,378.501159667969
"Reynoutria_japonica",14.8123603319,67.3123604819,4.79390907287598,17.9772510528564,20.1794834136963,5.51288795471191,10.5309133529663,71.5412750244141,31.7290477752686,253.393707275391
"Reynoutria_japonica",14.8540269984,46.1456938999,10.1170892715454,30.4491233825684,29.9686679840088,18.3958206176758,0.428751349449158,68.9878540039062,24.8700752258301,400.475769042969
"Reynoutria_japonica",14.8540269984,50.3123605499,9.78762722015381,29.8134689331055,27.6194076538086,17.403564453125,5.17880153656006,29.0890350341797,33.9430198669434,208.328384399414
"Reynoutria_japonica",14.9790269979,48.1456938919,10.3521728515625,30.0165367126465,28.5755939483643,19.6464157104492,5.91648960113525,57.0779304504395,27.047700881958,327.616363525391
"Reynoutria_japonica",15.0206936644,47.1040272294,7.29844236373901,30.9053707122803,29.1744766235352,16.6172275543213,-2.17740559577942,27.7773170471191,49.6990737915039,333.620513916016
"Reynoutria_japonica",15.0206936644,47.7706938934,6.49747657775879,30.8596801757812,28.3938827514648,15.6282396316528,2.01445960998535,87.6788711547852,29.7863082885742,516.424865722656
"Reynoutria_japonica",15.0206936644,65.0206938244,0.565630495548248,20.9848251342773,27.9384574890137,9.86846542358398,-0.775303602218628,28.0979766845703,29.0482139587402,197.238311767578
"Reynoutria_japonica",15.0623603309,45.8540272344,11.6446008682251,29.8842506408691,29.8253269195557,19.944616317749,1.95864164829254,69.2956237792969,19.6256065368652,351.779479980469
"Reynoutria_japonica",15.1456936639,45.1040272374,10.2683658599854,26.9503402709961,26.6917457580566,10.7265129089355,19.3155632019043,86.2626800537109,21.6866321563721,276.613922119141
"Reynoutria_japonica",15.1456936639,45.6456939019,10.6008682250977,29.5954399108887,29.1624183654785,10.7759094238281,1.13488006591797,82.3895492553711,18.0791854858398,381.138549804688
"Reynoutria_japonica",15.1873603304,45.2290272369,10.276668548584,27.8758544921875,27.4911708831787,10.6619634628296,2.41596865653992,117.48348236084,15.739767074585,380.861846923828
"Reynoutria_japonica",15.2706936634,45.9790272339,10.8856010437012,30.1695613861084,29.9047145843506,19.1576652526855,1.16746354103088,71.9534149169922,22.4292182922363,400.980712890625
"Reynoutria_japonica",15.2706936634,66.8956938169,3.17775940895081,19.5953960418701,24.4235572814941,-0.304491013288498,6.05536651611328,28.5106830596924,30.3837623596191,133.615631103516
"Reynoutria_japonica",15.3123603299,47.7290272269,6.73285341262817,30.6565589904785,28.5573348999023,15.9292297363281,2.18771600723267,59.0360488891602,34.2340278625488,389.450073242188
"Reynoutria_japonica",15.3123603299,66.6456938179,-0.91980391740799,20.1938495635986,25.3651294708252,-4.50726413726807,2.1519091129303,37.098445892334,31.4474430084229,178.076141357422
"Reynoutria_japonica",15.3123603299,66.8540271504,3.22019672393799,19.6693534851074,24.7665214538574,-0.323007076978683,6.16689538955688,27.7580242156982,30.1516170501709,135.960845947266
"Reynoutria_japonica",15.3540269964,46.5206938984,8.05734634399414,30.5183506011963,29.6105117797852,17.5104999542236,-1.57629323005676,61.7870101928711,34.3346328735352,471.511047363281
"Reynoutria_japonica",15.3956936629,44.8956939049,9.3948278427124,27.1605262756348,26.5156707763672,9.92282485961914,18.3468437194824,86.7263031005859,21.197078704834,275.522827148438
"Reynoutria_japonica",15.3956936629,48.9373605554,8.85061359405518,29.4851112365723,27.9408950805664,18.0669288635254,-0.452117651700974,34.3814582824707,38.7192726135254,262.419403076172
"Reynoutria_japonica",15.4373603294,45.4373605694,12.5314445495605,29.0821056365967,29.1542701721191,12.6986131668091,4.40910291671753,81.4839553833008,14.4739179611206,322.276611328125
"Reynoutria_japonica",15.4373603294,52.6456938739,9.88081169128418,27.9286880493164,26.3741188049316,18.8444976806641,5.11155128479004,29.7248935699463,29.1277027130127,189.544372558594
"Reynoutria_japonica",15.4790269959,46.4373605654,7.49407482147217,30.5502891540527,29.5044708251953,15.6473388671875,-2.09835624694824,54.7537879943848,32.2141914367676,394.228240966797
"Reynoutria_japonica",15.4790269959,47.8956938929,8.17979431152344,30.3170261383057,28.6293258666992,17.4499988555908,3.54200792312622,48.1955757141113,34.7936019897461,331.033966064453
"Reynoutria_japonica",15.5623603289,44.3956939069,10.7589826583862,25.3856391906738,25.2097606658936,11.4419841766357,19.5531921386719,78.1786346435547,22.3677406311035,270.705688476562
"Reynoutria_japonica",15.5623603289,47.7290272269,4.27358627319336,30.899585723877,28.260763168335,13.362642288208,-0.171711266040802,68.8010330200195,35.8592796325684,489.795104980469
"Reynoutria_japonica",15.6040269954,45.2706939034,12.4257354736328,29.0144519805908,28.9445476531982,12.646523475647,4.32121562957764,82.8591079711914,13.3054666519165,303.608947753906
"Reynoutria_japonica",15.6456936619,65.8956938209,0.0358356349170208,20.2720260620117,27.6733837127686,9.38691425323486,-1.45156693458557,35.2117652893066,29.5379486083984,220.370269775391
"Reynoutria_japonica",15.7290269949,45.1040272374,11.9732646942139,29.0404300689697,28.7513599395752,12.2483329772949,3.90733337402344,86.505126953125,13.0181655883789,303.258728027344
"Reynoutria_japonica",15.7290269949,50.6456938819,5.37024164199829,29.8677883148193,27.2814865112305,14.3486824035645,0.685981214046478,63.4928932189941,19.7236270904541,356.366302490234
"Reynoutria_japonica",15.7706936614,68.8540271424,3.60373377799988,17.6622428894043,18.3709182739258,1.07952475547791,8.79150772094727,61.7096481323242,32.5190963745117,222.516891479492
"Reynoutria_japonica",15.8123603279,44.1873605744,13.9505290985107,25.766040802002,25.9063339233398,14.5698137283325,22.9403190612793,47.3046569824219,25.8945960998535,177.445556640625
"Reynoutria_japonica",15.8123603279,44.5206939064,9.27169895172119,28.2672901153564,27.098258972168,9.82964515686035,18.2987747192383,79.3260269165039,15.3654890060425,254.45458984375
"Reynoutria_japonica",15.9373603274,44.5623605729,10.2305746078491,29.0292778015137,27.918041229248,10.7107763290405,19.4243755340576,85.819953918457,14.0722045898438,277.153137207031
"Reynoutria_japonica",15.9373603274,64.2290271609,2.22742629051208,22.3897361755371,29.3099365234375,11.5980358123779,-3.55844068527222,32.9479522705078,32.401538848877,240.729034423828
"Reynoutria_japonica",15.9790269939,47.7706938934,8.22406005859375,30.2365856170654,28.8481693267822,17.6023979187012,-1.30651760101318,44.4848937988281,34.9144477844238,321.856384277344
"Reynoutria_japonica",15.9790269939,50.8540272144,7.70574998855591,29.3888912200928,27.5259399414062,16.8244705200195,2.98908543586731,43.6267280578613,31.6712837219238,271.930908203125
"Reynoutria_japonica",16.0206936604,67.2706938154,-3.12833023071289,19.5775699615479,24.9931945800781,-6.76925182342529,-0.0492220111191273,56.9227294921875,27.0998134613037,238.669372558594
"Reynoutria_japonica",16.0206936604,67.6873604804,1.48277795314789,19.1614398956299,23.8840370178223,-2.03487372398376,4.33383512496948,67.943244934082,30.3333206176758,256.087432861328
"Reynoutria_japonica",16.0623603269,44.7290272389,8.49402523040771,30.0980033874512,28.565788269043,8.92629623413086,0.5367231965065,95.6883773803711,13.0279331207275,312.317169189453
"Reynoutria_japonica",16.0623603269,44.8123605719,9.28486824035645,30.0833320617676,28.8007717132568,9.66703796386719,1.27258968353271,96.9759979248047,9.65254592895508,364.144958496094
"Reynoutria_japonica",16.1040269934,67.9790271459,3.17554974555969,19.3618774414062,23.5681324005127,-0.302390605211258,5.96381330490112,67.5211334228516,28.2029628753662,267.267211914062
"Reynoutria_japonica",16.1456936599,66.3123604859,-2.27974390983582,20.253002166748,27.6835289001465,7.04898500442505,-3.7403450012207,33.5291290283203,29.991060256958,221.334594726562
"Reynoutria_japonica",16.1873603264,44.3123605739,9.59284973144531,29.3324241638184,27.8718585968018,10.1226711273193,4.60978841781616,77.0919494628906,12.5603036880493,262.302673339844
"Reynoutria_japonica",16.1873603264,44.5206939064,8.74520778656006,30.1708316802979,28.5244693756104,9.21063709259033,0.793929517269135,86.0467758178711,12.2185621261597,292.070861816406
"Reynoutria_japonica",16.1873603264,44.9373605714,12.2241983413696,30.0441818237305,29.6725940704346,16.4464874267578,4.00527858734131,70.8493194580078,11.7159118652344,273.950317382812
"Reynoutria_japonica",16.1873603264,66.1040271534,-0.866140365600586,20.2801723480225,28.0884895324707,8.57183361053467,-2.29324865341187,36.2471542358398,29.7138690948486,234.351150512695
"Reynoutria_japonica",16.3123603259,45.0206939044,12.4618940353394,30.259557723999,29.9738445281982,12.6547794342041,4.18154335021973,72.2443313598633,12.1930618286133,270.751068115234
"Reynoutria_japonica",16.3540269924,43.7706939094,12.7294902801514,25.1810073852539,25.0911998748779,9.27642822265625,21.5321044921875,38.6401901245117,28.2781810760498,153.72395324707
"Reynoutria_japonica",16.3956936589,47.0206938964,11.1549787521362,29.456262588501,29.7537231445312,20.8548698425293,1.21146357059479,36.5219764709473,39.7440719604492,301.641235351562
"Reynoutria_japonica",16.4790269919,48.5206938904,10.5691261291504,29.397439956665,28.9879817962646,20.1307334899902,0.875534117221832,26.6945877075195,36.0269470214844,197.930358886719
"Reynoutria_japonica",16.5206936584,43.8956939089,10.9709692001343,27.6927604675293,26.6321411132812,7.32452869415283,19.9689388275146,44.6716232299805,24.3218479156494,165.887344360352
"Reynoutria_japonica",16.5206936584,56.3956938589,8.55075263977051,14.0402383804321,19.5938091278076,16.5027637481689,3.04021811485291,24.3027763366699,26.8827323913574,146.691390991211
"Reynoutria_japonica",16.5206936584,68.6873604764,3.89646291732788,20.2227573394775,23.813892364502,0.378393769264221,6.78184461593628,41.691951751709,29.5732250213623,165.738067626953
"Reynoutria_japonica",16.5623603249,50.6873605484,7.95087242126465,29.31858253479,27.7899780273438,17.1607761383057,-1.2814918756485,29.5499286651611,45.651927947998,254.229080200195
"Reynoutria_japonica",16.6040269914,67.8540271464,-0.197093293070793,20.1860122680664,26.2349090576172,-4.14748096466064,3.1374180316925,67.5309143066406,26.5972309112549,270.527038574219
"Reynoutria_japonica",16.6456936579,53.3956938709,8.77312850952148,27.7809429168701,26.2262783050537,17.7116889953613,3.82701802253723,32.5721397399902,27.1315498352051,204.546356201172
"Reynoutria_japonica",16.6456936579,61.0206938404,5.57563400268555,24.3452548980713,28.0855445861816,15.5798606872559,-0.159745842218399,27.8136463165283,33.9953269958496,221.441879272461
"Reynoutria_japonica",16.6873603244,46.7290272309,11.5046892166138,29.3357200622559,29.8929862976074,21.2751121520996,1.48535990715027,38.8405647277832,31.1322345733643,255.700607299805
"Reynoutria_japonica",16.6873603244,68.3540271444,1.53331649303436,20.5790214538574,25.7559814453125,-2.32283902168274,4.7856502532959,75.806022644043,28.8545207977295,276.4853515625
"Reynoutria_japonica",16.7290269909,54.3956938669,8.92955875396729,22.7460689544678,22.9963111877441,16.8792381286621,3.71855688095093,33.2474365234375,31.4421730041504,222.591339111328
"Reynoutria_japonica",16.7290269909,67.3956938149,-0.0392078272998333,19.8205718994141,27.5337791442871,-4.22407054901123,3.56951546669006,38.9463539123535,21.5246524810791,176.61882019043
"Reynoutria_japonica",16.7706936574,45.3540272364,12.832368850708,30.2869453430176,30.5472469329834,21.0052757263184,4.426682472229,57.5173645019531,15.2902002334595,241.089874267578
"Reynoutria_japonica",16.7706936574,46.6456938979,11.5398893356323,29.3427467346191,29.9162445068359,19.7944927215576,3.23719382286072,42.18701171875,30.5957908630371,273.664733886719
"Reynoutria_japonica",16.7706936574,67.0206938164,-2.674640417099,19.9327812194824,28.0506267547607,6.77479696273804,-4.04949474334717,35.7011756896973,23.0957260131836,202.688369750977
"Reynoutria_japonica",16.7706936574,67.7706938134,-1.41205024719238,20.2235107421875,26.9317836761475,-5.48387145996094,2.0721161365509,58.5709190368652,24.4972705841064,239.93994140625
"Reynoutria_japonica",16.8540269904,58.8540271824,7.33605527877808,23.3258323669434,25.7814674377441,16.6445541381836,1.68255853652954,26.6753883361816,30.794885635376,191.672561645508
"Reynoutria_japonica",16.9373603234,68.3123604779,-0.285981148481369,20.7379722595215,26.8153133392334,-4.34041881561279,3.2076518535614,68.203483581543,24.315845489502,257.888366699219
"Reynoutria_japonica",16.9790269899,44.4373605734,9.46080589294434,31.4560737609863,30.1011581420898,17.1715278625488,1.23165643215179,70.0400009155273,10.2817831039429,261.275390625
"Reynoutria_japonica",16.9790269899,49.1040272214,9.77800941467285,28.8459510803223,28.6959247589111,19.2908382415771,0.130218014121056,29.2277641296387,43.4276657104492,246.21044921875
"Reynoutria_japonica",17.0206936564,51.1456938799,9.86808300018311,28.698522567749,27.7774314880371,19.1791725158691,0.581919968128204,27.4377403259277,44.3493423461914,237.179580688477
"Reynoutria_japonica",17.0206936564,67.4790271479,-1.58013570308685,19.9213161468506,28.0977973937988,7.91156530380249,-2.92631363868713,39.1079521179199,22.1776027679443,202.316421508789
"Reynoutria_japonica",17.1456936559,66.6456938179,-1.88286316394806,20.1166400909424,29.215181350708,7.86055374145508,-7.97707462310791,35.2120475769043,31.6203022003174,241.072937011719
"Reynoutria_japonica",17.1456936559,67.5206938144,-0.999694526195526,19.8625812530518,28.4080562591553,8.59594345092773,-2.32484555244446,27.8148708343506,23.485071182251,159.223907470703
"Reynoutria_japonica",17.1456936559,68.1873604784,-1.52708697319031,20.6158237457275,27.69091796875,-1.10528945922852,2.15542912483215,59.1055068969727,24.9311962127686,243.138076782227
"Reynoutria_japonica",17.1873603224,47.1873605624,11.7064809799194,29.3136253356934,30.1606864929199,21.6095447540283,1.52367687225342,38.4355773925781,30.0499134063721,234.93571472168
"Reynoutria_japonica",17.1873603224,48.8123605559,10.7970266342163,28.7523040771484,29.2334880828857,20.4801959991455,6.19626808166504,32.4009399414062,35.7764663696289,215.056945800781
"Reynoutria_japonica",17.1873603224,66.6873604844,-2.13523101806641,20.1019172668457,29.2613563537598,7.6154637336731,-8.22784042358398,27.1240463256836,36.0956573486328,206.876235961914
"Reynoutria_japonica",17.2290269889,66.2290271529,1.32394778728485,20.3148040771484,29.8520088195801,11.2439785003662,-4.89427137374878,25.7679996490479,39.1388854980469,200.648468017578
"Reynoutria_japonica",17.2706936554,43.4790272439,11.912784576416,28.874719619751,27.4803676605225,4.83544301986694,21.0501270294189,40.348518371582,37.6060447692871,156.169036865234
"Reynoutria_japonica",17.3540269884,43.8123605759,7.65401697158813,31.3679504394531,28.947114944458,3.70513391494751,16.9170036315918,64.2940216064453,21.9837074279785,215.777313232422
"Reynoutria_japonica",17.3540269884,44.8956939049,12.8434572219849,30.7695350646973,30.8820419311523,21.0059566497803,4.35752487182617,62.0453643798828,18.8485832214355,279.839233398438
"Reynoutria_japonica",17.3956936549,50.3540272164,9.16753673553467,29.0038948059082,28.074146270752,18.4890785217285,-0.262266665697098,34.7438125610352,47.9832763671875,321.713989257812
"Reynoutria_japonica",17.4373603214,43.5623605769,8.26691722869873,30.5401096343994,28.1447811126709,4.44779777526855,17.3916606903076,53.3853187561035,32.8134078979492,199.67594909668
"Reynoutria_japonica",17.4790269879,43.2706939114,14.7639389038086,27.8664932250977,27.0848865509033,7.67152786254883,23.9241046905518,35.2208938598633,40.872932434082,145.14794921875
"Reynoutria_japonica",17.4790269879,67.8956938129,-3.19806027412415,20.1779136657715,28.8161392211914,6.43575525283813,-4.41072797775269,41.0559997558594,24.9460506439209,216.965362548828
"Reynoutria_japonica",17.5623603209,43.8540272424,8.27329063415527,31.6432609558105,29.4501361846924,4.20763158798218,17.6461009979248,70.8352966308594,23.6514892578125,238.719909667969
"Reynoutria_japonica",17.6040269874,59.6456938459,6.96856021881104,23.9500637054443,27.1133079528809,16.6111831665039,1.22215831279755,22.5405178070068,36.1396903991699,184.407241821289
"Reynoutria_japonica",17.6456936539,43.7706939094,11.3756446838379,31.1481685638428,29.7019577026367,7.19511365890503,20.8905735015869,57.8350105285645,25.597375869751,197.767333984375
"Reynoutria_japonica",17.6456936539,63.6873604964,3.18839025497437,23.1276454925537,31.0506057739258,12.9243812561035,-2.79627299308777,33.1118125915527,30.4526424407959,216.60969543457
"Reynoutria_japonica",17.6873603204,67.3123604819,-2.88918614387512,19.7789077758789,29.6140899658203,6.98289728164673,-8.94425773620605,26.7359046936035,33.1227416992188,180.721038818359
"Reynoutria_japonica",17.8123603199,43.6873605764,12.2184410095215,31.0422420501709,29.7330646514893,8.00783061981201,21.7699737548828,63.6904449462891,25.263053894043,218.513214111328
"Reynoutria_japonica",17.8123603199,69.3956938069,3.56896162033081,19.7592506408691,20.9298076629639,4.24586200714111,5.94726133346558,47.0895080566406,27.8278102874756,178.287536621094
"Reynoutria_japonica",17.8540269864,43.3540272444,12.7960786819458,30.0788879394531,28.7328491210938,5.38949823379517,22.1762161254883,63.234260559082,28.2732563018799,220.287628173828
"Reynoutria_japonica",17.8540269864,43.9790272419,8.90219306945801,31.6422748565674,29.7888374328613,4.7137975692749,18.367208480835,72.8249435424805,14.912654876709,235.089141845703
"Reynoutria_japonica",17.8956936529,43.5623605769,5.37686491012573,31.737455368042,28.6911239624023,1.53438127040863,14.4997463226318,90.0481872558594,27.1018352508545,309.46533203125
"Reynoutria_japonica",17.8956936529,68.5623604769,-0.650112628936768,20.8016872406006,29.1701278686523,5.04080486297607,3.41940855979919,45.1561393737793,25.8338260650635,231.549362182617
"Reynoutria_japonica",17.9373603194,47.8540272264,11.5091514587402,29.062837600708,30.5769138336182,21.5427131652832,6.8675856590271,32.7581176757812,25.4390964508057,192.99577331543
"Reynoutria_japonica",17.9373603194,68.9373604754,0.203353434801102,21.0102882385254,27.0223731994629,0.655005514621735,3.84204721450806,54.6655044555664,28.1655807495117,235.988983154297
"Reynoutria_japonica",18.0206936524,67.2706938154,-4.58007907867432,19.8848762512207,29.9736289978027,5.34474039077759,-10.6444787979126,34.4745407104492,32.8874778747559,239.94221496582
"Reynoutria_japonica",18.0206936524,68.8956938089,2.80020332336426,20.8807277679443,27.7060050964355,3.1928722858429,6.57116746902466,40.1248931884766,28.043924331665,179.338073730469
"Reynoutria_japonica",18.0623603189,68.2706938114,-4.15647315979004,20.3681526184082,29.8526802062988,1.62209093570709,-5.22185087203979,46.4578819274902,27.0548648834229,262.291198730469
"Reynoutria_japonica",18.1873603184,43.8123605759,10.5728521347046,31.3059787750244,29.8878593444824,11.0052080154419,10.0408849716187,78.652702331543,10.8741750717163,261.066467285156
"Reynoutria_japonica",18.1873603184,68.0206938124,-4.29659223556519,20.0085582733154,30.1786155700684,5.70207500457764,-5.37283754348755,39.0576019287109,28.0546073913574,232.630493164062
"Reynoutria_japonica",18.2290269849,69.1873604744,2.26609992980957,20.3341846466064,24.905590057373,2.77470445632935,5.4965033531189,45.6961860656738,24.9133148193359,197.121795654297
"Reynoutria_japonica",18.2706936514,43.6873605764,5.9969048500061,31.9113712310791,29.2461261749268,1.99968004226685,15.2743511199951,90.0596694946289,17.3069095611572,288.089416503906
"Reynoutria_japonica",18.2706936514,43.9790272419,11.5059671401978,31.1350269317627,30.1003684997559,11.8746871948242,3.20190739631653,56.4508247375488,11.6569185256958,204.408004760742
"Reynoutria_japonica",18.2706936514,47.3123605619,11.2307376861572,29.5263023376465,30.9394073486328,21.3575305938721,6.54937696456909,31.902587890625,23.6415328979492,184.094772338867
"Reynoutria_japonica",18.2706936514,54.4790271999,7.77962207794189,23.0793037414551,23.7107200622559,16.358362197876,2.50775051116943,28.4103527069092,35.4591217041016,230.234924316406
"Reynoutria_japonica",18.2706936514,60.2706938434,6.79108858108521,16.8555202484131,23.5292510986328,15.9833393096924,0.910912930965424,26.6218357086182,30.8733215332031,184.828323364258
"Reynoutria_japonica",18.3123603179,43.7706939094,8.64248085021973,31.5636711120605,29.6651573181152,9.11522388458252,8.05012512207031,90.1004257202148,11.5126762390137,306.821746826172
"Reynoutria_japonica",18.3956936509,57.1873605224,8.26109504699707,10.275691986084,18.7201499938965,5.98369264602661,2.60273408889771,24.6720943450928,26.8599605560303,153.569595336914
"Reynoutria_japonica",18.3956936509,68.8123604759,0.792505919933319,20.585657119751,29.0125541687012,6.4885425567627,4.86966276168823,31.144847869873,23.8039493560791,181.195007324219
"Reynoutria_japonica",18.4790269839,67.2706938154,-1.23404514789581,19.6550025939941,30.9067478179932,8.99629497528076,-7.46399688720703,28.7307300567627,34.4299125671387,212.673889160156
"Reynoutria_japonica",18.5206936504,48.9790272219,7.23322153091431,28.3337879180908,28.7910499572754,16.7671527862549,2.55883145332336,50.7358131408691,30.2115516662598,306.374114990234
"Reynoutria_japonica",18.5206936504,57.6456938539,7.94115304946899,10.4244022369385,18.8818073272705,5.59354972839355,9.1294527053833,24.9011764526367,29.5792751312256,158.711334228516
"Reynoutria_japonica",18.5206936504,65.2706938234,2.17262148857117,21.9811782836914,31.8312568664551,12.2643136978149,-4.06857109069824,25.7616004943848,36.3168830871582,212.788787841797
"Reynoutria_japonica",18.5623603169,42.7706939134,10.8296327590942,29.2176818847656,27.2212333679199,3.79866981506348,19.8974666595459,55.3964233398438,44.2889976501465,212.464477539062
"Reynoutria_japonica",18.6456936499,49.0206938884,7.28664684295654,28.2567195892334,28.7562065124512,16.8138637542725,2.60653042793274,49.1125640869141,32.8993682861328,329.236267089844
"Reynoutria_japonica",18.6456936499,50.3956938829,9.40739154815674,28.5309371948242,27.9370174407959,17.2456130981445,4.63667440414429,44.3093643188477,36.158935546875,282.167358398438
"Reynoutria_japonica",18.6873603164,43.4790272439,9.24704360961914,31.4695014953613,29.6721973419189,5.09535694122314,18.7249183654785,79.9538803100586,15.8077201843262,273.702575683594
"Reynoutria_japonica",18.7290269829,54.1873605344,9.02812767028809,23.3310375213623,24.6810836791992,17.8737716674805,3.76370668411255,22.4670124053955,40.5405082702637,202.926879882812
"Reynoutria_japonica",18.7290269829,69.0623604749,1.92794358730316,20.102819442749,27.7150402069092,-2.39847683906555,5.76779747009277,43.2637176513672,26.6268653869629,191.708709716797
"Reynoutria_japonica",18.7706936494,43.0623605789,6.0777416229248,31.46116065979,28.4802913665771,-1.11865890026093,15.2215356826782,86.17919921875,34.3352966308594,302.4775390625
"Reynoutria_japonica",18.8123603159,42.6873605804,9.27527141571045,29.4491081237793,27.053186416626,2.30449247360229,18.2777118682861,80.9168930053711,41.5137977600098,300.860595703125
"Reynoutria_japonica",18.8123603159,44.5206939064,11.5960807800293,30.7676086425781,30.308650970459,19.6297988891602,3.225745677948,63.8745422363281,17.3020629882812,255.540985107422
"Reynoutria_japonica",18.8540269824,53.3956938709,8.69517707824707,26.6953258514404,27.171407699585,17.9875144958496,3.59549021720886,23.8575057983398,45.970890045166,228.070404052734
"Reynoutria_japonica",18.8540269824,68.8123604759,-3.00843501091003,20.3225879669189,29.5328273773193,-7.65122175216675,1.22893023490906,40.1425895690918,25.116828918457,201.948318481445
"Reynoutria_japonica",18.8540269824,68.8540271424,-3.01170992851257,20.3411159515381,29.2948341369629,-7.60786819458008,1.17891454696655,38.0774574279785,24.1628475189209,200.028228759766
"Reynoutria_japonica",18.8956936489,43.1456939119,7.99074697494507,31.4685859680176,29.0733833312988,3.98824787139893,17.3119239807129,61.2979774475098,25.4033794403076,226.164703369141
"Reynoutria_japonica",18.8956936489,68.4373604774,-0.0341803468763828,19.7958450317383,31.0486793518066,10.313138961792,-1.07940864562988,30.4276714324951,25.0749549865723,168.973358154297
"Reynoutria_japonica",18.8956936489,68.5206938104,-2.66318154335022,20.0593757629395,30.6580619812012,3.25832796096802,1.78639054298401,33.9863548278809,25.365234375,186.332992553711
"Reynoutria_japonica",18.8956936489,68.8540271424,-0.925123155117035,20.1856288909912,29.5283088684082,-5.59028577804565,3.30578017234802,30.3989639282227,23.9380931854248,156.315582275391
"Reynoutria_japonica",18.9373603154,44.6456939059,12.1939535140991,30.6568565368652,30.5303802490234,20.322193145752,3.77256464958191,56.8064002990723,20.4170379638672,261.353790283203
"Reynoutria_japonica",18.9373603154,67.7290271469,-1.97258412837982,19.5450229644775,31.0461540222168,8.33981513977051,-8.23729515075684,25.3106822967529,37.7926368713379,207.700241088867
"Reynoutria_japonica",18.9790269819,43.7706939094,10.6695356369019,31.1686496734619,30.109260559082,18.4752349853516,5.65029621124268,51.2388687133789,13.3559646606445,214.098083496094
"Reynoutria_japonica",18.9790269819,49.8123605519,8.88625240325928,28.3342132568359,28.1136474609375,16.7843685150146,-0.687047839164734,44.4782104492188,47.9594230651855,403.849884033203
"Reynoutria_japonica",18.9790269819,66.1040271534,1.20687735080719,21.2139644622803,32.2275314331055,11.4979658126831,-5.13531446456909,23.0204238891602,40.0649604797363,208.693267822266
"Reynoutria_japonica",18.9790269819,69.9373604714,2.89506244659424,17.5601024627686,18.074031829834,0.421755343675613,7.97185707092285,51.1917190551758,24.7755184173584,195.753326416016
"Reynoutria_japonica",19.0623603149,44.0623605749,7.47116327285767,31.4356002807617,29.716121673584,15.1585378646851,-0.71579921245575,70.1572723388672,18.2931785583496,318.7529296875
"Reynoutria_japonica",19.0623603149,54.1040272014,9.03727531433105,23.4023666381836,25.1756229400635,18.0032634735107,3.78388381004333,24.6957168579102,40.2136154174805,219.925842285156
"Reynoutria_japonica",19.1040269814,69.1873604744,2.24704694747925,19.6369075775146,27.4539375305176,-2.04567217826843,6.05387306213379,35.2270126342773,22.9954833984375,173.841033935547
"Reynoutria_japonica",19.1456936479,68.5206938104,-3.01441836357117,19.9186019897461,30.8282623291016,7.22331285476685,-4.03738975524902,30.9146347045898,25.0403308868408,180.475479125977
"Reynoutria_japonica",19.1873603144,42.1456939159,12.3972263336182,27.3882637023926,25.8596324920654,5.54397487640381,21.2871379852295,49.8668251037598,44.4664726257324,195.822113037109
"Reynoutria_japonica",19.1873603144,43.4790272439,7.90068578720093,31.6034812927246,29.7135715484619,8.39654445648193,2.84992480278015,71.8314361572266,14.3491249084473,258.815826416016
"Reynoutria_japonica",19.1873603144,51.7706938774,9.095703125,27.3223476409912,27.9253463745117,18.6241054534912,0.549206376075745,32.1083297729492,40.3534774780273,228.900329589844
"Reynoutria_japonica",19.1873603144,68.4790271439,-2.06605219841003,19.8032608032227,31.0280570983887,8.25176620483398,-3.10320472717285,28.1917171478271,25.5230960845947,168.51953125
"Reynoutria_japonica",19.1873603144,69.2706938074,2.04351878166199,19.4818553924561,26.7712860107422,-2.11842513084412,5.71779775619507,41.2072486877441,24.0216808319092,193.224380493164
"Reynoutria_japonica",19.2290269809,68.8540271424,-2.41014862060547,20.0423679351807,29.9430503845215,3.42463850975037,-3.41700387001038,37.7089881896973,22.9760360717773,194.362258911133
"Reynoutria_japonica",19.2706936474,42.2706939154,16.397741317749,28.2163734436035,27.3667755126953,9.10121154785156,25.6720886230469,38.8975067138672,45.6039543151855,155.446395874023
"Reynoutria_japonica",19.2706936474,42.6456939139,7.68937492370605,30.7718601226807,27.9358863830566,0.527414917945862,16.810604095459,56.8654136657715,45.786018371582,219.920471191406
"Reynoutria_japonica",19.3123603139,42.8956939129,6.5504264831543,31.58131980896,28.6661071777344,-0.763948202133179,15.7761240005493,65.6967544555664,37.8059616088867,229.735061645508
"Reynoutria_japonica",19.3123603139,67.9373604794,-2.52500081062317,19.5400047302246,31.0922813415527,8.93137264251709,-12.3992767333984,25.6895999908447,41.1284523010254,227.90380859375
"Reynoutria_japonica",19.3540269804,42.7706939134,10.1696577072144,30.9356079101562,28.8450355529785,2.70773649215698,19.5378913879395,59.7465438842773,46.5430145263672,211.456665039062
"Reynoutria_japonica",19.3540269804,42.9790272459,4.69633388519287,31.9431800842285,28.6977787017822,-2.58106207847595,13.8669853210449,93.4496002197266,30.6323528289795,305.668701171875
"Reynoutria_japonica",19.3956936469,42.1873605824,16.3921432495117,28.7110538482666,27.7563591003418,9.0061674118042,25.72705078125,37.2652244567871,44.2853889465332,148.131195068359
"Reynoutria_japonica",19.3956936469,42.7706939134,12.3099908828735,30.7294502258301,29.1668605804443,4.69630146026611,21.8140983581543,50.1487045288086,40.9091110229492,179.511993408203
"Reynoutria_japonica",19.4373603134,68.3540271444,-0.923701882362366,19.5037288665771,31.3309364318848,9.52754020690918,-7.28574752807617,31.8179759979248,31.8124141693115,206.605361938477
"Reynoutria_japonica",19.4790269799,42.9790272459,7.10269021987915,31.672700881958,29.0971488952637,-0.372640013694763,16.4379501342773,79.3351516723633,32.1015472412109,263.670104980469
"Reynoutria_japonica",19.4790269799,43.1873605784,8.18300533294678,31.6117210388184,29.5315933227539,0.52956086397171,16.6532402038574,72.3118133544922,15.8269472122192,261.964324951172
"Reynoutria_japonica",19.4790269799,69.0623604749,0.514279901981354,19.7398319244385,29.3794250488281,6.28976154327393,4.74104022979736,37.8981628417969,24.4620265960693,192.359344482422
"Reynoutria_japonica",19.5623603129,43.1040272454,7.44440650939941,31.684663772583,29.3643112182617,-0.146773338317871,16.8516101837158,78.6332244873047,26.9940662384033,260.826080322266
"Reynoutria_japonica",19.6040269794,69.1456938079,-1.37159872055054,19.7624454498291,28.8734493255615,4.32338666915894,2.75902605056763,37.096378326416,23.5763854980469,192.252227783203
"Reynoutria_japonica",19.6873603124,42.3540272484,6.20719957351685,31.3897018432617,28.1076145172119,-0.985209345817566,15.2983455657959,63.7858810424805,42.7878532409668,243.318389892578
"Reynoutria_japonica",19.6873603124,49.6040272194,6.48939180374146,28.7244873046875,28.1486129760742,14.3657464981079,-3.0490870475769,43.9786338806152,43.1964416503906,357.123107910156
"Reynoutria_japonica",19.6873603124,69.2290271409,-1.06305527687073,19.7386589050293,28.4372329711914,4.57033109664917,2.97380232810974,44.1737403869629,24.5299301147461,218.798675537109
"Reynoutria_japonica",19.7706936454,41.6040272514,13.5644674301147,30.461353302002,28.3250064849854,6.22835779190063,22.8110313415527,45.373836517334,32.0952072143555,175.149459838867
"Reynoutria_japonica",19.7706936454,46.1873605664,11.8654289245605,30.0828189849854,31.5754814147949,20.502254486084,2.9597065448761,34.7695045471191,27.0190372467041,190.723297119141
"Reynoutria_japonica",19.8123603119,43.0623605789,10.7244052886963,31.2087936401367,29.785572052002,2.87306022644043,20.3178462982178,56.9583053588867,20.7505645751953,203.388610839844
"Reynoutria_japonica",19.8540269784,42.6040272474,5.69365644454956,31.796272277832,28.6399250030518,-1.66224312782288,14.8874750137329,75.2369918823242,36.7241668701172,258.550415039062
"Reynoutria_japonica",19.8540269784,43.2706939114,6.30718994140625,31.7865676879883,29.3997364044189,6.78208637237549,1.32696783542633,78.3407974243164,11.5068120956421,273.715209960938
"Reynoutria_japonica",19.8540269784,49.2706938874,4.76454544067383,28.7650909423828,28.3877086639404,14.1846494674683,-3.17139768600464,54.7432479858398,49.8185043334961,510.849304199219
"Reynoutria_japonica",19.8540269784,49.3123605539,5.55678415298462,28.6788959503174,28.4373836517334,15.0107097625732,-4.07209873199463,59.6370811462402,46.950267791748,512.33251953125
"Reynoutria_japonica",19.8540269784,69.3123604739,-0.238347887992859,19.7078418731689,28.1877269744873,-9.8957462310791,3.74467778205872,35.3974571228027,24.3338603973389,178.658355712891
"Reynoutria_japonica",19.9373603114,43.1040272454,7.69977617263794,31.5706882476807,29.4458923339844,-0.00774585222825408,17.1412200927734,55.2416000366211,20.1999568939209,207.642822265625
"Reynoutria_japonica",19.9373603114,69.7290271389,2.95925045013428,19.3219013214111,24.2899379730225,-0.669427394866943,6.07944917678833,34.8530807495117,24.6906623840332,164.139297485352
"Reynoutria_japonica",19.9790269779,43.1873605784,6.93520498275757,31.6636600494385,29.380931854248,7.3914966583252,1.96473574638367,75.7549209594727,11.0854654312134,262.113708496094
"Reynoutria_japonica",19.9790269779,49.2290272209,1.63513576984406,29.2616939544678,27.9951515197754,10.8854780197144,-7.7429051399231,73.4608917236328,45.9651069641113,614.061462402344
"Reynoutria_japonica",2.0206937164,45.2290272369,11.2380094528198,33.994873046875,24.3544082641602,5.01165151596069,18.2041606903076,78.5229187011719,15.342583656311,260.575134277344
"Reynoutria_japonica",2.0206937164,47.0206938964,12.4213352203369,33.8538703918457,23.459436416626,9.05194664001465,8.39937210083008,45.2585411071777,12.5136756896973,174.618835449219
"Reynoutria_japonica",2.0623603829,42.4790272479,6.81485319137573,35.4661750793457,25.9774856567383,12.6131181716919,-0.656966328620911,40.0013160705566,19.1783790588379,204.188507080078
"Reynoutria_japonica",2.1873603824,42.2290272489,10.94775390625,34.4985618591309,25.8532238006592,16.7908363342285,3.40696954727173,28.8825416564941,28.4896411895752,215.297882080078
"Reynoutria_japonica",2.1873603824,50.7290272149,10.9442939758301,32.2668266296387,18.8210830688477,8.70077037811279,9.74066066741943,44.6522369384766,20.8127613067627,189.196044921875
"Reynoutria_japonica",2.2290270489,41.5206939184,16.3904037475586,28.1440238952637,21.9479236602783,17.5487289428711,23.9630546569824,34.2348251342773,26.4620666503906,118.437362670898
"Reynoutria_japonica",2.2290270489,41.6456939179,15.7744607925415,29.8604164123535,23.0011291503906,16.859073638916,8.57417678833008,31.9313888549805,22.6949825286865,135.366683959961
"Reynoutria_japonica",2.2290270489,48.0206938924,11.6643867492676,34.3524398803711,23.2419395446777,17.3881568908691,7.68082332611084,45.3679046630859,12.7016696929932,179.434158325195
"Reynoutria_japonica",2.3123603819,48.8540272224,11.7520141601562,34.8236770629883,22.5529022216797,18.8299522399902,7.86376810073853,39.625129699707,14.5409297943115,176.778533935547
"Reynoutria_japonica",2.4373603814,44.7290272389,11.0816383361816,33.9489326477051,25.0793685913086,4.70301342010498,18.9851360321045,65.8782119750977,17.0229759216309,212.770355224609
"Reynoutria_japonica",2.4790270479,43.4373605774,9.94788932800293,34.2119026184082,24.8083381652832,3.73694896697998,17.7439880371094,59.8929901123047,25.4997158050537,195.141937255859
"Reynoutria_japonica",2.4790270479,44.1873605744,11.7133350372314,34.2494888305664,25.3210353851318,5.28976917266846,18.9676761627197,58.3363761901855,11.782299041748,189.72216796875
"Reynoutria_japonica",2.4790270479,48.6040272234,11.8276710510254,34.4906463623047,22.8929977416992,19.0670566558838,7.89869928359985,36.4409408569336,16.4707298278809,178.480651855469
"Reynoutria_japonica",2.5206937144,42.3540272484,10.2952241897583,33.2164344787598,24.6049690246582,11.2514610290527,2.96715450286865,39.8415985107422,17.9323501586914,205.208938598633
"Reynoutria_japonica",2.5206937144,43.7290272429,11.5289859771729,34.2424392700195,25.1443004608154,5.18473243713379,19.4295387268066,56.4847984313965,22.8343696594238,183.211853027344
"Reynoutria_japonica",2.5623603809,42.1873605824,13.549729347229,32.6068420410156,24.5888938903809,12.1265754699707,6.15698051452637,42.0648460388184,18.5185470581055,226.451477050781
"Reynoutria_japonica",2.5623603809,42.3956939149,11.7820777893066,32.7951927185059,24.4566955566406,12.719898223877,4.44004106521606,38.3961410522461,16.5503177642822,187.534591674805
"Reynoutria_japonica",2.5623603809,42.4373605814,11.3346433639526,32.803955078125,24.3877735137939,12.2722654342651,4.01154184341431,33.4910125732422,18.471471786499,149.830688476562
"Reynoutria_japonica",2.5623603809,44.9790272379,8.92294502258301,33.8793716430664,24.8956336975098,2.65186190605164,16.7595920562744,101.509086608887,14.4455966949463,316.048645019531
"Reynoutria_japonica",2.6040270474,45.3956939029,9.92539024353027,33.6725845336914,24.6930084228516,3.64936470985413,5.68990755081177,90.7255554199219,10.8739023208618,319.722839355469
"Reynoutria_japonica",2.6456937139,43.2706939114,15.2758760452271,32.5619277954102,24.4780788421631,11.9275026321411,23.1634578704834,27.0542106628418,31.3380031585693,94.80517578125
"Reynoutria_japonica",2.6456937139,44.3123605739,10.9353075027466,33.9733238220215,25.3501930236816,4.51823043823242,18.2138175964355,70.8927993774414,9.06429862976074,228.129791259766
"Reynoutria_japonica",2.6873603804,43.0623605789,14.7616624832153,31.7169342041016,23.7937965393066,11.5427198410034,22.535514831543,24.8083763122559,30.7909088134766,87.9041900634766
"Reynoutria_japonica",2.7290270469,44.2706939074,10.4124374389648,33.8891906738281,25.3422412872314,4.01314353942871,18.4050102233887,63.1906814575195,10.478009223938,204.555480957031
"Reynoutria_japonica",2.7290270469,48.9790272219,11.484432220459,34.4939460754395,22.5499382019043,18.5870151519775,7.584792137146,42.4453659057617,16.677339553833,201.021087646484
"Reynoutria_japonica",2.7706937134,44.3540272404,9.99474811553955,33.8466567993164,25.3259677886963,3.60155773162842,17.9863910675049,72.8333206176758,10.7513313293457,235.179382324219
"Reynoutria_japonica",2.7706937134,45.7706939014,8.77119445800781,33.7032928466797,24.4398975372314,16.4850673675537,2.40322828292847,58.9553871154785,15.9660263061523,277.871429443359
"Reynoutria_japonica",2.8123603799,43.8540272424,12.7628364562988,33.3695297241211,25.1430587768555,9.30045700073242,20.7662715911865,43.7826805114746,24.9932975769043,143.577606201172
"Reynoutria_japonica",2.8123603799,44.7290272389,9.03022861480713,33.7585067749023,25.231746673584,2.67813801765442,16.9841346740723,93.359245300293,9.89404010772705,298.671234130859
"Reynoutria_japonica",2.8123603799,45.3123605699,8.33416366577148,33.6492462158203,24.8444328308105,16.1662712097168,1.89560461044312,81.4642791748047,11.8959894180298,327.640106201172
"Reynoutria_japonica",2.8540270464,39.8123605919,13.3000326156616,10.6751337051392,15.316930770874,11.7809534072876,19.5286083221436,9.36188220977783,55.5384712219238,130.922348022461
"Reynoutria_japonica",2.8540270464,43.7706939094,10.4649782180786,33.3285789489746,24.7763862609863,7.12710762023926,18.3432292938232,55.4947776794434,26.8588733673096,184.618255615234
"Reynoutria_japonica",2.9373603794,42.5623605809,16.2144069671631,29.0003833770752,22.1819305419922,13.2518320083618,23.7547454833984,29.9200000762939,26.916467666626,100.960563659668
"Reynoutria_japonica",2.9373603794,49.1456938879,11.2182235717773,34.4352798461914,22.4162559509277,18.2755508422852,7.31888818740845,39.9260215759277,18.9793224334717,201.116516113281
"Reynoutria_japonica",20.1456936439,42.2706939154,11.1047830581665,31.0185546875,29.2574405670166,3.3705677986145,20.5925197601318,57.3043746948242,34.0667457580566,203.721130371094
"Reynoutria_japonica",20.1456936439,42.6040272474,5.84735345840454,31.7338409423828,28.7952938079834,-1.63708543777466,15.0938568115234,59.5351524353027,30.0873165130615,201.286209106445
"Reynoutria_japonica",20.1456936439,43.0206939124,7.40121364593506,31.5191993713379,29.2901000976562,-0.306734055280685,2.45580554008484,68.5452270507812,11.6606760025024,244.177032470703
"Reynoutria_japonica",20.1873603104,43.3956939109,8.27072525024414,31.3847675323486,29.6272277832031,15.9637145996094,3.35699129104614,53.3167037963867,22.8551254272461,251.086975097656
"Reynoutria_japonica",20.2290269769,52.3956938749,9.08136177062988,26.3047466278076,28.258975982666,18.7848701477051,3.964763879776,29.3021183013916,36.4232864379883,206.878295898438
"Reynoutria_japonica",20.3540269764,41.6456939179,11.9792165756226,31.1731414794922,29.5406303405762,4.20984029769897,21.5006580352783,46.0170364379883,34.8297958374023,154.339294433594
"Reynoutria_japonica",20.3540269764,63.9790271619,3.87929892539978,19.9213829040527,29.264762878418,13.8124599456787,-2.7026698589325,34.2690811157227,26.0941314697266,199.715209960938
"Reynoutria_japonica",20.3956936429,42.8123605799,5.57378959655762,31.6810970306396,28.8841972351074,-2.00546360015869,14.8535108566284,55.0537414550781,20.2265663146973,204.500701904297
"Reynoutria_japonica",20.4790269759,49.7290272189,7.22141361236572,28.7720317840576,28.3884429931641,16.6768054962158,-2.41083121299744,51.4013175964355,46.3496513366699,429.984558105469
"Reynoutria_japonica",20.5206936424,64.0623604949,3.91847491264343,19.7675743103027,29.2537994384766,13.8727216720581,-2.70493483543396,34.8845176696777,24.678768157959,187.621551513672
"Reynoutria_japonica",20.5206936424,68.8956938089,-1.76818645000458,19.6079177856445,31.1027584075928,9.65443134307861,-2.79710745811462,20.2373638153076,35.0562515258789,163.418640136719
"Reynoutria_japonica",20.5623603089,42.4790272479,12.4552507400513,30.666805267334,29.6529598236084,4.42156076431274,21.1042423248291,46.5405158996582,16.8616790771484,179.134490966797
"Reynoutria_japonica",20.5623603089,42.6040272474,12.9996185302734,30.5649394989014,29.7787475585938,4.89924049377441,21.6680564880371,39.9703521728516,15.6541519165039,151.306732177734
"Reynoutria_japonica",20.5623603089,47.8956938929,10.7995071411133,28.5779476165771,31.0986919403076,19.5404777526855,6.02523326873779,31.0992012023926,29.0939712524414,196.333557128906
"Reynoutria_japonica",20.6456936419,41.9373605834,5.70415782928467,31.6833515167236,28.9017505645752,-1.85935521125793,14.9677457809448,53.8965644836426,17.43528175354,198.828887939453
"Reynoutria_japonica",20.6456936419,42.4790272479,11.3803577423096,30.7824802398682,29.5342864990234,3.39012694358826,19.992317199707,54.1342124938965,13.4943675994873,203.140426635742
"Reynoutria_japonica",20.6456936419,69.6456938059,-0.684631884098053,20.0855522155762,27.1035861968994,-4.79112482070923,3.00704622268677,30.6740703582764,26.5067272186279,149.398681640625
"Reynoutria_japonica",20.7290269749,43.1040272454,9.77163600921631,30.931468963623,29.6181087493896,17.5152816772461,0.187584325671196,58.3520011901855,15.8048152923584,226.178344726562
"Reynoutria_japonica",20.7290269749,64.7290271589,3.51831674575806,21.087121963501,31.5483589172363,13.758228302002,-3.13884091377258,27.0326595306396,24.8411254882812,183.463623046875
"Reynoutria_japonica",20.8123603079,42.4373605814,11.7076244354248,30.669397354126,29.6189270019531,3.64402508735657,20.3514995574951,43.8175048828125,15.5310096740723,169.827117919922
"Reynoutria_japonica",20.8956936409,42.1456939159,6.68174600601196,31.3563938140869,29.086109161377,10.4099607467651,15.1662073135376,50.6861190795898,16.0499534606934,197.889602661133
"Reynoutria_japonica",20.8956936409,69.2290271409,-3.19796371459961,19.9297370910645,30.1655807495117,6.84270429611206,-4.23592615127563,24.2447052001953,29.2461738586426,163.047424316406
"Reynoutria_japonica",20.9373603074,43.3123605779,8.51753997802734,31.0047664642334,29.5972309112549,16.2530384063721,-1.0870509147644,55.3507766723633,18.3805656433105,222.131011962891
"Reynoutria_japonica",21.0623603069,41.6456939179,7.38252687454224,31.2697525024414,29.6147193908691,2.99882531166077,16.889087677002,37.959903717041,22.0576133728027,147.853271484375
"Reynoutria_japonica",21.0623603069,41.7290272509,7.96617031097412,31.182954788208,29.6405277252197,0.0467153377830982,17.497444152832,38.8486595153809,22.0765514373779,145.995391845703
"Reynoutria_japonica",21.1040269734,56.1456938599,8.13748741149902,21.0901641845703,25.0812606811523,16.7703227996826,2.30482649803162,30.0970344543457,37.3157539367676,223.116134643555
"Reynoutria_japonica",21.1040269734,56.3123605259,8.08654975891113,21.0323085784912,25.0888938903809,16.7180957794189,2.23296451568604,30.1723289489746,36.478401184082,214.385498046875
"Reynoutria_japonica",21.2290269729,41.8123605839,10.2535409927368,30.7394351959229,30.053768157959,14.2178106307983,19.0468845367432,34.7423057556152,18.4855861663818,143.334106445312
"Reynoutria_japonica",21.2706936394,69.5623604729,1.59998202323914,19.907470703125,28.7431449890137,11.2952365875244,0.443203240633011,22.6120471954346,24.4292526245117,131.332138061523
"Reynoutria_japonica",21.3123603059,56.5623605249,7.74340295791626,21.633056640625,25.5699291229248,12.994460105896,1.85345089435577,32.6288948059082,37.1247711181641,234.019668579102
"Reynoutria_japonica",21.3956936389,65.7290271549,2.74552512168884,19.9040374755859,32.0485458374023,13.3118152618408,-7.69315767288208,21.5132236480713,30.1877498626709,178.604522705078
"Reynoutria_japonica",21.3956936389,68.7706938094,-0.350845545530319,19.4125156402588,31.5145301818848,11.3089237213135,-6.86226654052734,15.7440938949585,53.178092956543,171.167999267578
"Reynoutria_japonica",21.6456936379,68.8540271424,-1.62912940979004,19.5198135375977,31.3014488220215,9.91310882568359,-8.09311389923096,17.69167137146,53.2188758850098,189.185699462891
"Reynoutria_japonica",21.6456936379,69.1873604744,-1.92373836040497,19.7155494689941,30.6102676391602,8.26741504669189,-3.02748227119446,23.7922821044922,37.6464767456055,193.429641723633
"Reynoutria_japonica",21.6873603044,41.7706939174,13.7370233535767,30.0709247589111,30.9511051177979,13.9974403381348,8.79949188232422,29.9941654205322,17.5817584991455,116.842445373535
"Reynoutria_japonica",21.6873603044,42.3956939149,12.4212474822998,30.2441635131836,30.5316410064697,20.4152660369873,7.6080641746521,35.2014122009277,14.9886255264282,131.965454101562
"Reynoutria_japonica",21.8956936369,65.4790271559,3.45063877105713,17.2442874908447,29.3812522888184,13.8455791473389,-3.58787298202515,21.2006587982178,28.9997615814209,150.768859863281
"Reynoutria_japonica",22.0623603029,43.5206939104,10.590163230896,30.0359230041504,30.8638973236084,15.2806463241577,19.49782371521,38.244987487793,13.8909616470337,139.127716064453
"Reynoutria_japonica",22.1040269694,58.3123605179,7.32768774032593,10.4149513244629,21.4672374725342,13.0639095306396,0.979421138763428,27.520658493042,33.8855171203613,177.944091796875
"Reynoutria_japonica",22.1040269694,69.5206938064,-2.33208107948303,19.9061183929443,28.9795188903809,7.37234830856323,-3.53988552093506,26.05006980896,31.6776523590088,179.752853393555
"Reynoutria_japonica",22.1040269694,70.0623604709,1.12109756469727,19.06321144104,23.448112487793,-2.27965664863586,3.92899131774902,46.0249404907227,19.9171161651611,183.651489257812
"Reynoutria_japonica",22.2290269689,44.2290272409,9.46552562713623,29.5478916168213,31.0009689331055,14.2808609008789,-0.939767837524414,54.0921401977539,15.6688022613525,214.916885375977
"Reynoutria_japonica",22.2290269689,55.3540271964,7.86644697189331,24.8812255859375,28.1938457489014,17.6092929840088,2.20931935310364,37.4329414367676,28.0381450653076,238.626724243164
"Reynoutria_japonica",22.2706936354,54.6873605324,8.13530254364014,24.677827835083,28.4181175231934,17.9254589080811,2.61705875396729,35.2063064575195,32.1291732788086,242.134689331055
"Reynoutria_japonica",22.3123603019,42.3123605819,8.87270355224609,30.5906372070312,30.5548324584961,13.0751342773438,0.608205556869507,37.0933647155762,15.572639465332,134.882537841797
"Reynoutria_japonica",22.3123603019,44.8956939049,9.86765766143799,29.1202201843262,31.106502532959,18.3429412841797,0.914105176925659,51.3569869995117,26.2196369171143,265.554748535156
"Reynoutria_japonica",22.3540269684,45.1873605704,9.84158897399902,29.1067142486572,31.0102691650391,18.3138694763184,0.909610986709595,46.7555770874023,37.3710861206055,312.505401611328
"Reynoutria_japonica",22.3540269684,46.6040272314,10.9421262741089,28.9009799957275,30.5924606323242,19.4389877319336,6.25239086151123,49.5257415771484,28.7764453887939,289.119720458984
"Reynoutria_japonica",22.4373603014,48.6040272234,9.83547401428223,27.5448589324951,30.0774307250977,18.3882808685303,5.03928804397583,42.8518600463867,21.9247531890869,257.114929199219
"Reynoutria_japonica",22.5206936344,45.1040272374,5.0930323600769,29.7382049560547,30.3613548278809,13.2377490997314,-5.04611444473267,63.2087516784668,28.9602375030518,341.746154785156
"Reynoutria_japonica",22.5206936344,45.8123605679,8.82602691650391,29.2586307525635,30.4243202209473,18.820276260376,-1.48805177211761,41.0231513977051,43.6636924743652,322.676818847656
"Reynoutria_japonica",22.5623603009,45.6873605684,7.05760145187378,29.4716491699219,30.2425518035889,15.2855339050293,-1.52057576179504,43.9679985046387,31.1478538513184,286.888732910156
"Reynoutria_japonica",22.5623603009,60.1456938439,6.47890567779541,13.7716093063354,23.6945304870605,3.83896636962891,-0.0827482119202614,31.9993419647217,31.0085220336914,188.629745483398
"Reynoutria_japonica",22.5623603009,69.6873604724,-1.00639235973358,19.8026256561279,27.9643573760986,8.44841575622559,-2.31748080253601,32.649787902832,26.4959354400635,191.046112060547
"Reynoutria_japonica",22.6040269674,46.7706938974,6.28337907791138,29.6034317016602,29.8126583099365,14.4323854446411,-3.81747913360596,63.155387878418,35.0390701293945,417.697143554688
"Reynoutria_japonica",22.6456936339,49.1873605544,6.72462844848633,27.9402351379395,29.0853157043457,14.9508495330811,-3.39738512039185,50.5296936035156,39.9628524780273,364.627746582031
"Reynoutria_japonica",22.6873603004,42.1040272494,9.15245056152344,30.5185661315918,30.8807163238525,13.3395099639893,4.25532865524292,45.1018333435059,13.9845447540283,153.971481323242
"Reynoutria_japonica",22.6873603004,43.3540272444,7.54789161682129,30.2597370147705,30.8081130981445,12.0616016387939,-2.59943675994873,39.0516700744629,19.3610153198242,162.247619628906
"Reynoutria_japonica",22.6873603004,46.6456938979,4.26431941986084,29.8965950012207,29.4277725219727,12.2463045120239,-4.08673429489136,70.0137405395508,26.2280540466309,399.809814453125
"Reynoutria_japonica",22.7290269669,45.1456939039,8.28240299224854,29.1457901000977,30.9007530212402,16.708475112915,-0.478432923555374,51.9894599914551,23.1792964935303,256.720642089844
"Reynoutria_japonica",22.9790269659,42.0206939164,12.2145729064941,30.1143970489502,31.45432472229,20.3918933868408,7.23270416259766,43.1184959411621,11.1020660400391,147.982498168945
"Reynoutria_japonica",22.9790269659,43.1456939119,6.80695819854736,30.3541584014893,30.8263244628906,11.2401485443115,-3.31629180908203,44.8443298339844,23.8233108520508,199.052139282227
"Reynoutria_japonica",23.0206936324,45.4373605694,5.91786098480225,29.3946838378906,30.3047981262207,15.873046875,-4.26547431945801,43.527530670166,44.8474273681641,371.377685546875
"Reynoutria_japonica",23.0623602989,49.3956938869,7.69149255752563,27.965576171875,29.2889785766602,17.4720325469971,-2.52952313423157,44.7047538757324,43.1299514770508,357.061828613281
"Reynoutria_japonica",23.0623602989,53.9373605354,7.77492570877075,24.3822059631348,28.826135635376,17.742618560791,2.33979916572571,26.4132709503174,39.4865760803223,228.324234008789
"Reynoutria_japonica",23.1040269654,45.0206939044,11.952075958252,28.373743057251,31.6765270233154,20.7347068786621,1.11661016941071,51.3829650878906,22.1971111297607,248.695068359375
"Reynoutria_japonica",23.1456936319,68.9790271419,0.131751358509064,19.5827789306641,31.0129890441895,11.6027936935425,-6.37915325164795,17.4176940917969,55.8929405212402,187.150207519531
"Reynoutria_japonica",23.2706936314,45.4373605694,8.20553588867188,28.9562454223633,30.6785507202148,16.6426753997803,-2.18612408638,43.9407043457031,35.8436470031738,302.016571044922
"Reynoutria_japonica",23.2706936314,48.5623605569,6.85611200332642,27.8988666534424,29.7503509521484,16.7183170318604,2.01694273948669,69.4505386352539,21.2356967926025,399.991516113281
"Reynoutria_japonica",23.3123602979,48.2290272249,9.67478466033936,27.757116317749,30.5506172180176,19.7777900695801,4.84223222732544,62.0488471984863,15.6385650634766,302.290924072266
"Reynoutria_japonica",23.3123602979,70.4373604694,-0.516157209873199,18.862943649292,21.575511932373,-3.49498820304871,1.81048619747162,48.9291305541992,16.5440216064453,188.895904541016
"Reynoutria_japonica",23.3956936309,68.9790271419,-0.42806276679039,19.6323909759521,30.9080009460449,10.9983434677124,-6.92283582687378,16.5789184570312,57.0186233520508,189.139099121094
"Reynoutria_japonica",23.4373602974,41.9790272499,6.2300705909729,30.9682178497314,30.7472381591797,5.69980239868164,15.2434024810791,40.1537895202637,20.393835067749,147.792190551758
"Reynoutria_japonica",23.4373602974,59.8956938449,6.66204118728638,12.5901155471802,23.6096000671387,4.03763008117676,3.94906806945801,32.2153434753418,30.7559967041016,182.43830871582
"Reynoutria_japonica",23.4790269639,47.8540272264,8.76892948150635,28.2203426361084,30.5573635101318,18.8081340789795,3.98633861541748,51.7984962463379,27.0132637023926,326.872650146484
"Reynoutria_japonica",23.5206936304,60.1456938439,6.11242008209229,14.960334777832,24.9497985839844,3.2313129901886,3.68033862113953,34.5023994445801,30.6428756713867,199.241027832031
"Reynoutria_japonica",23.5623602969,45.6873605684,5.76555442810059,29.3177356719971,30.0524616241455,13.9859752655029,-4.33769083023071,37.0868721008301,40.8262100219727,297.373352050781
"Reynoutria_japonica",23.6040269634,47.9373605594,6.87012767791748,28.4151992797852,30.211332321167,16.8009738922119,2.06978678703308,62.9635772705078,23.2343502044678,348.620697021484
"Reynoutria_japonica",23.6456936299,42.4790272479,9.58538150787354,30.093334197998,31.1754837036133,13.9918222427368,4.67611885070801,44.8609886169434,22.1365852355957,223.817306518555
"Reynoutria_japonica",23.6873602964,70.2706938034,0.729485094547272,19.5225410461426,24.3167533874512,-2.74095058441162,3.55419921875,41.7611312866211,18.7018527984619,171.025695800781
"Reynoutria_japonica",23.7290269629,42.2290272489,4.78547191619873,30.9249019622803,30.564489364624,8.77321529388428,5.29668092727661,47.4207038879395,27.3182716369629,279.931030273438
"Reynoutria_japonica",23.7290269629,46.1456938999,11.2053785324097,28.7548675537109,30.5390205383301,19.7669677734375,0.765833675861359,24.8273887634277,45.6772842407227,236.601593017578
"Reynoutria_japonica",23.8123602959,41.7706939174,6.79042863845825,31.1025104522705,31.0227966308594,-1.55301010608673,15.9079637527466,36.4604225158691,22.0998458862305,153.942687988281
"Reynoutria_japonica",23.8956936289,42.1456939159,6.17281198501587,30.8116073608398,30.8160743713379,5.66369724273682,6.68676233291626,46.9679069519043,22.7931232452393,229.420135498047
"Reynoutria_japonica",23.9373602954,42.3123605819,10.4896955490112,30.1147079467773,31.3551902770996,10.2019166946411,16.0721168518066,46.1974601745605,24.1261596679688,193.957077026367
"Reynoutria_japonica",23.9790269619,45.3956939029,8.33593463897705,28.5953330993652,30.8478488922119,16.8732032775879,-2.14229798316956,37.7933197021484,34.2128410339355,260.630218505859
"Reynoutria_japonica",24.0206936284,46.1040272334,10.9295339584351,28.6757984161377,30.5686492919922,19.5140991210938,0.485786586999893,22.642728805542,44.482852935791,221.286407470703
"Reynoutria_japonica",24.0623602949,41.8956939169,5.37477827072144,31.1779098510742,30.8813457489014,13.1006383895874,5.94584321975708,51.8980712890625,21.0637035369873,226.318771362305
"Reynoutria_japonica",24.0623602949,64.3540271604,4.18161106109619,19.1100845336914,29.7204322814941,14.2076225280762,-2.71261191368103,21.4776458740234,33.768611907959,166.032745361328
"Reynoutria_japonica",24.1040269614,70.1873604704,1.15143656730652,19.906946182251,25.9485931396484,10.076807975769,-0.416858106851578,33.5835304260254,19.3344554901123,158.625793457031
"Reynoutria_japonica",24.1873602944,48.2706938914,2.68856644630432,28.5797748565674,29.5565929412842,10.9182796478271,-7.51594972610474,72.7358093261719,30.1542205810547,451.020233154297
"Reynoutria_japonica",24.2290269609,41.6873605844,6.89539003372192,31.0377635955811,31.1205749511719,10.6986560821533,16.0753936767578,40.129695892334,18.0295085906982,166.686874389648
"Reynoutria_japonica",24.3123602939,43.0206939124,11.9102811813354,29.2486782073975,31.8850631713867,20.4212512969971,2.79975080490112,35.4339752197266,34.3180236816406,254.177215576172
"Reynoutria_japonica",24.3540269604,59.2706938474,6.59086513519287,16.7408027648926,25.9508514404297,15.9688663482666,-0.00898669194430113,26.8432006835938,33.3965530395508,204.138549804688
"Reynoutria_japonica",24.3956936269,48.4373605574,4.06698322296143,28.3110027313232,29.7276039123535,12.425350189209,-6.25714349746704,51.6239051818848,39.0115089416504,409.397338867188
"Reynoutria_japonica",24.3956936269,48.9373605554,8.54694557189941,27.8479747772217,30.2006397247314,17.2257671356201,-2.04858493804932,36.1922836303711,49.1438331604004,344.382019042969
"Reynoutria_japonica",24.4373602934,47.8956938929,3.48773050308228,28.2865562438965,29.6781539916992,11.7918224334717,-6.79600477218628,83.8067779541016,24.7278327941895,452.725555419922
"Reynoutria_japonica",24.5206936264,43.8540272424,13.424446105957,28.4690837860107,32.9717178344727,22.4134521484375,2.13796710968018,34.2500686645508,18.4663505554199,162.959625244141
"Reynoutria_japonica",24.6873602924,48.1873605584,5.34414196014404,27.8410148620605,29.9888954162598,13.8515071868896,-5.13570356369019,49.2498817443848,36.2195510864258,372.069366455078
"Reynoutria_japonica",24.6873602924,48.3956938909,5.7381763458252,27.9081039428711,30.0008964538574,14.2686214447021,-4.74820709228516,53.203857421875,41.6698303222656,435.784362792969
"Reynoutria_japonica",24.7706936254,47.8956938929,3.78731608390808,27.9639987945557,29.7930641174316,12.1627969741821,-6.5629506111145,58.610164642334,36.0366630554199,419.038940429688
"Reynoutria_japonica",24.7706936254,70.3540271364,1.03362631797791,20.1549644470215,25.7493553161621,9.8780345916748,-0.553686320781708,32.1664924621582,22.7163753509521,161.792663574219
"Reynoutria_japonica",24.7706936254,70.6456938019,2.10872197151184,19.8457088470459,22.8640842437744,-1.03931450843811,4.57032918930054,39.4437637329102,21.3920669555664,150.467956542969
"Reynoutria_japonica",24.8123602919,66.3956938189,1.70352029800415,19.8421669006348,33.9756317138672,12.5720729827881,-5.23305702209473,27.7292232513428,27.5478610992432,181.405090332031
"Reynoutria_japonica",24.8956936249,42.9373605794,11.1415348052979,29.1020603179932,31.8231163024902,19.5782871246338,6.02997207641602,45.3938827514648,30.2210941314697,297.802154541016
"Reynoutria_japonica",24.8956936249,47.2290272289,6.00704479217529,28.0274906158447,30.1158218383789,16.0246162414551,-4.40786361694336,39.5415534973145,37.4995803833008,297.558685302734
"Reynoutria_japonica",24.8956936249,48.6873605564,9.04609680175781,27.6108226776123,30.4743537902832,17.8502998352051,-1.67552006244659,29.780424118042,51.8545837402344,307.754455566406
"Reynoutria_japonica",24.9373602914,41.6873605844,8.11166286468506,30.8545055389404,31.2133731842041,15.8769016265869,17.3984756469727,41.9102096557617,18.8424873352051,164.778823852539
"Reynoutria_japonica",24.9373602914,47.4790272279,5.48148059844971,27.8902854919434,30.0820808410645,13.977126121521,-4.95684719085693,43.1042823791504,33.0421257019043,297.558471679688
"Reynoutria_japonica",24.9373602914,48.0623605589,7.02991580963135,27.4854526519775,30.3163757324219,15.7013721466064,-3.61699604988098,40.2384948730469,41.8465118408203,340.440765380859
"Reynoutria_japonica",24.9790269579,42.6873605804,6.5938720703125,29.9526138305664,31.0191535949707,14.5830640792847,-1.94183373451233,50.1107749938965,26.3054180145264,265.712585449219
"Reynoutria_japonica",24.9790269579,60.3540271764,5.86266088485718,17.4781932830811,27.5171203613281,15.5635604858398,-0.955703496932983,31.4720935821533,28.1318778991699,188.892242431641
"Reynoutria_japonica",25.0206936244,60.2706938434,6.15412378311157,16.7925930023193,27.1216373443604,12.020393371582,-0.697720766067505,29.2707767486572,28.5418701171875,174.172988891602
"Reynoutria_japonica",25.1040269574,42.8540272464,10.9261522293091,29.1524047851562,31.7510013580322,19.3027858734131,5.87297534942627,43.2476234436035,31.9144821166992,299.200866699219
"Reynoutria_japonica",25.1040269574,45.6040272354,5.03705406188965,28.594087600708,30.9858818054199,13.521369934082,-5.38804864883423,44.959529876709,39.0664405822754,345.341827392578
"Reynoutria_japonica",25.1040269574,47.9373605594,6.1482048034668,27.56662940979,30.2878227233887,14.7755908966064,-4.44131135940552,31.9431533813477,52.7567481994629,355.428131103516
"Reynoutria_japonica",25.1456936239,43.4790272439,12.9601135253906,28.4687595367432,32.742805480957,21.815601348877,7.48945569992065,42.138916015625,16.8787879943848,176.813262939453
"Reynoutria_japonica",25.2290269569,47.2290272289,3.37288475036621,28.2038383483887,29.8964786529541,13.304895401001,-6.88924074172974,33.820613861084,46.3138809204102,329.328094482422
"Reynoutria_japonica",25.3123602899,45.6040272354,8.02628040313721,28.0498085021973,31.643180847168,16.7906360626221,-2.71249580383301,37.9427757263184,38.5728378295898,291.2705078125
"Reynoutria_japonica",25.3123602899,47.2290272289,5.73911285400391,27.8143577575684,30.3305511474609,15.850417137146,-4.73839998245239,24.4781169891357,49.5564994812012,263.607238769531
"Reynoutria_japonica",25.3123602899,66.5623604849,1.45309805870056,20.0070457458496,34.3500213623047,12.3529205322266,-5.44137716293335,26.8412227630615,29.9170837402344,191.6259765625
"Reynoutria_japonica",25.3540269564,43.6873605764,13.4109468460083,28.2203960418701,33.0446319580078,22.4001522064209,8.26646614074707,37.155387878418,15.2649555206299,153.523773193359
"Reynoutria_japonica",25.3956936229,48.6456938899,9.34857368469238,27.5592021942139,30.7153129577637,18.2659893035889,-1.46357643604279,28.0230598449707,48.6366271972656,259.772216796875
"Reynoutria_japonica",25.4373602894,47.0623605629,5.1361026763916,27.9254665374756,30.3449039459229,13.6619310379028,-5.28402233123779,32.0702133178711,41.4387130737305,273.142303466797
"Reynoutria_japonica",25.4373602894,70.7290271349,2.23550367355347,19.6242733001709,22.5816841125488,7.0938401222229,0.59422904253006,30.316234588623,18.2894306182861,141.538818359375
"Reynoutria_japonica",25.5206936224,47.6873605604,6.96975183486938,27.5097808837891,30.6206855773926,15.7233381271362,-3.71341967582703,23.5809879302979,53.6382484436035,286.291748046875
"Reynoutria_japonica",25.5206936224,57.9790271859,6.22000503540039,22.8490447998047,30.1425609588623,16.6574649810791,-0.0712801218032837,33.6325645446777,33.1837310791016,251.938446044922
"Reynoutria_japonica",25.5206936224,60.9373605074,5.23468208312988,21.1989402770996,30.671199798584,16.2282943725586,-1.49655532836914,26.7210350036621,30.9940185546875,201.160003662109
"Reynoutria_japonica",25.6040269554,45.2706939034,7.48189306259155,28.0212001800537,32.0396995544434,16.2894401550293,-3.38136148452759,44.236328125,32.1727828979492,280.311828613281
"Reynoutria_japonica",25.6040269554,45.3123605699,5.72253084182739,28.2516021728516,31.73193359375,14.3883438110352,-4.98235464096069,50.3031539916992,31.7403907775879,322.859008789062
"Reynoutria_japonica",25.6456936219,42.3956939149,13.5952768325806,29.6744861602783,31.9425983428955,21.8955955505371,8.3632698059082,38.0310592651367,17.9083976745605,150.88037109375
"Reynoutria_japonica",25.6456936219,53.0623605389,7.55096435546875,24.2235317230225,30.173807144165,16.6745166778564,2.03350448608398,36.577693939209,28.7591495513916,227.033874511719
"Reynoutria_japonica",25.6873602884,49.6040272194,8.39577960968018,27.0916843414307,30.1439514160156,17.3013000488281,-0.923436999320984,34.2358589172363,39.4814872741699,244.50146484375
"Reynoutria_japonica",25.7290269549,69.1456938079,1.14543414115906,19.4301319122314,30.6967544555664,12.5370006561279,-5.40589809417725,15.2441415786743,51.329906463623,162.863815307617
"Reynoutria_japonica",25.7706936214,47.7706938934,7.85073518753052,27.3861179351807,30.9296283721924,16.7214584350586,-2.94686603546143,21.1534118652344,59.7288627624512,303.157470703125
"Reynoutria_japonica",25.8123602879,45.2706939034,7.29426288604736,28.0118923187256,32.1043586730957,16.109691619873,-3.59078598022461,40.2840461730957,33.1875610351562,264.921508789062
"Reynoutria_japonica",25.8123602879,47.7290272269,7.8615608215332,27.3983612060547,30.9347381591797,16.7401752471924,-2.93970036506653,20.5750579833984,58.0116729736328,284.153778076172
"Reynoutria_japonica",25.8540269544,42.8956939129,11.0165195465088,29.2718353271484,31.8410568237305,19.3723258972168,6.04314947128296,49.676139831543,22.3967761993408,223.317932128906
"Reynoutria_japonica",25.9790269539,41.8540272504,14.1633644104004,30.5807247161865,31.7495250701904,9.50335788726807,23.6306781768799,35.3813629150391,19.3607845306396,143.513031005859
"Reynoutria_japonica",26.0206936204,69.6456938059,0.224743217229843,19.6903266906738,29.6403102874756,11.148588180542,-6.13171434402466,21.2513885498047,41.6005020141602,180.799346923828
"Reynoutria_japonica",26.0623602869,57.1873605224,6.11928653717041,22.7545547485352,30.1628036499023,16.6451892852783,-3.64904928207397,32.2235298156738,31.1445751190186,236.329803466797
"Reynoutria_japonica",26.1040269534,69.6040271394,0.0606320798397064,19.6945934295654,29.7266635894775,11.0285453796387,-6.31926918029785,19.4904479980469,43.7508125305176,176.351531982422
"Reynoutria_japonica",26.1040269534,70.6040271354,1.72198045253754,19.8605346679688,24.7725257873535,6.90477991104126,0.13912008702755,36.2101631164551,19.4922580718994,160.719436645508
"Reynoutria_japonica",26.1873602864,55.1456938639,6.50783634185791,23.4753475189209,30.0880565643311,17.0450134277344,-3.24035286903381,38.4356689453125,27.4373092651367,247.09130859375
"Reynoutria_japonica",26.2290269529,57.1456938559,6.14489936828613,22.7827739715576,30.3000755310059,16.7108612060547,-3.64991545677185,32.0017890930176,29.2000045776367,223.595291137695
"Reynoutria_japonica",26.2706936194,44.1456939079,12.7553663253784,28.104663848877,33.3258438110352,21.832836151123,1.39328169822693,37.6207046508789,20.1418113708496,188.915100097656
"Reynoutria_japonica",26.2706936194,46.7706938974,6.224280834198,27.7009944915771,31.211275100708,15.0184574127197,-4.48157167434692,25.8701171875,49.8746757507324,284.505615234375
"Reynoutria_japonica",26.2706936194,48.5206938904,9.72710037231445,27.2770652770996,31.3694019317627,18.9073448181152,4.43814277648926,27.399528503418,45.661735534668,234.10334777832
"Reynoutria_japonica",26.3123602859,46.2706938994,4.90661144256592,28.0428028106689,31.3890724182129,13.606050491333,-5.74202632904053,28.6631526947021,49.5312194824219,307.832397460938
"Reynoutria_japonica",26.3956936189,47.1873605624,9.64228916168213,27.101167678833,31.6206874847412,18.7549839019775,-1.36227917671204,21.8682346343994,50.5004844665527,244.007141113281
"Reynoutria_japonica",26.3956936189,54.1040272014,7.14828968048096,23.6254768371582,30.4563484191895,17.7950954437256,-2.68903994560242,33.6317176818848,29.558952331543,227.077087402344
"Reynoutria_japonica",26.4373602854,46.5206938984,7.52888679504395,27.5626964569092,31.6999435424805,16.4588184356689,-3.34321260452271,21.1148242950439,49.1468734741211,233.593124389648
"Reynoutria_japonica",26.4790269519,45.7290272349,4.66255044937134,28.1882629394531,31.8274917602539,13.3645334243774,-6.0559401512146,27.9633884429932,44.7584457397461,252.176177978516
"Reynoutria_japonica",26.4790269519,70.1040271374,-1.47424244880676,20.1948890686035,28.6808280944824,8.93806934356689,-7.59231519699097,20.9625415802002,34.2539482116699,163.2724609375
"Reynoutria_japonica",26.6040269514,46.1456938999,8.42867946624756,27.5507011413574,32.2140960693359,17.4614887237549,-2.59249567985535,26.0262584686279,48.3818511962891,279.284423828125
"Reynoutria_japonica",26.6456936179,42.6040272474,13.3090238571167,29.9296283721924,31.6802272796631,17.4373626708984,22.748477935791,30.0619297027588,18.204231262207,134.960464477539
"Reynoutria_japonica",26.7290269509,51.8956938769,8.29883480072021,24.9194297790527,30.7542972564697,17.6416149139404,2.79584932327271,32.7520942687988,30.8310470581055,223.722259521484
"Reynoutria_japonica",26.8123602839,68.3956938109,0.702922403812408,19.315149307251,32.1572265625,11.2225503921509,-5.97665548324585,22.9736461639404,37.8445625305176,187.423065185547
"Reynoutria_japonica",26.8956936169,42.1040272494,12.9581661224365,30.826530456543,30.799934387207,4.94522380828857,22.2352657318115,26.3936004638672,20.7916297912598,113.47444152832
"Reynoutria_japonica",27.1040269494,52.6040272074,7.92789793014526,24.1847896575928,30.9900894165039,18.7413330078125,2.31332397460938,34.7085189819336,29.5468063354492,224.089324951172
"Reynoutria_japonica",27.1456936159,41.7706939174,13.6825494766235,30.6888275146484,29.9528942108154,4.30715417861938,22.8548717498779,21.0415992736816,30.7450408935547,88.3257369995117
"Reynoutria_japonica",27.1873602824,42.3956939149,14.0514106750488,29.7561149597168,30.5727729797363,14.9046363830566,23.3565483093262,29.431058883667,16.9601230621338,119.862586975098
"Reynoutria_japonica",27.1873602824,45.8123605679,11.859766960144,27.160364151001,33.3241577148438,21.2469272613525,0.371010214090347,25.5043754577637,31.7645816802979,178.169403076172
"Reynoutria_japonica",27.2290269489,41.9373605834,11.0383901596069,30.6755695343018,29.5583820343018,3.5203857421875,20.1268062591553,31.1510581970215,25.7643432617188,123.78889465332
"Reynoutria_japonica",27.2290269489,70.4790271359,0.392209053039551,20.1125392913818,27.0606594085693,9.60037326812744,-5.42691278457642,28.6197643280029,24.6953372955322,151.292144775391
"Reynoutria_japonica",27.3123602819,70.5623604689,1.07703959941864,19.9903202056885,26.2411670684814,10.0810527801514,-4.62528944015503,27.472375869751,23.1604175567627,144.59407043457
"Reynoutria_japonica",27.3540269484,42.6456939139,13.1222448348999,28.9670162200928,30.3479995727539,8.83131885528564,22.4428634643555,25.2180709838867,18.8469543457031,110.503814697266
"Reynoutria_japonica",27.3540269484,42.9373605794,12.1433963775635,28.8688659667969,30.8319358825684,20.124568939209,6.64507579803467,40.397834777832,14.9037618637085,167.358581542969
"Reynoutria_japonica",27.3956936149,49.9790272179,8.34891223907471,25.9242420196533,30.7635288238525,18.9991722106934,-1.32874822616577,36.5939750671387,36.4746055603027,254.470687866211
"Reynoutria_japonica",27.4373602814,47.0623605629,10.6678857803345,26.5654125213623,32.6362380981445,20.1088085174561,-0.763201594352722,24.4899768829346,42.6130218505859,212.179870605469
"Reynoutria_japonica",27.5206936144,41.8123605839,11.3987083435059,29.4651374816895,28.3190479278564,4.20851135253906,20.3787155151367,27.495246887207,30.5165271759033,117.863998413086
"Reynoutria_japonica",27.6456936139,42.0623605829,13.3334131240845,28.0757541656494,28.181526184082,9.65460681915283,22.3854103088379,25.3612232208252,28.8760833740234,104.716423034668
"Reynoutria_japonica",27.6456936139,71.0206938004,1.52473723888397,18.6428356170654,19.9211387634277,-1.03171288967133,3.4423828125,39.919059753418,20.2974662780762,142.341934204102
"Reynoutria_japonica",27.7290269469,43.2706939114,12.1456680297852,26.9084129333496,30.0598487854004,15.9476547241211,21.5724678039551,29.6360473632812,15.0099601745605,124.175064086914
"Reynoutria_japonica",27.7706936134,43.3540272444,11.6082916259766,26.7047023773193,29.9736175537109,12.4871644973755,5.9966197013855,33.9631996154785,15.1358318328857,141.259674072266
"Reynoutria_japonica",27.8956936129,70.9790271339,1.58088743686676,18.7873687744141,20.606616973877,-1.08691298961639,3.63224792480469,39.2566604614258,16.456262588501,143.528839111328
"Reynoutria_japonica",28.1040269454,43.9790272419,12.4203329086304,25.3753509521484,30.5396709442139,20.6821804046631,6.73730802536011,29.0956230163574,17.2632751464844,134.311614990234
"Reynoutria_japonica",28.1040269454,45.8540272344,11.9995155334473,26.9853553771973,33.5019302368164,21.4234218597412,2.12181353569031,28.1364707946777,24.8847370147705,151.004043579102
"Reynoutria_japonica",28.3123602779,43.5623605769,12.7916231155396,20.3598651885986,27.1078681945801,13.9777393341064,6.92612552642822,32.1480484008789,20.3391647338867,113.772613525391
"Reynoutria_japonica",28.3123602779,43.8540272424,12.6430158615112,22.4839839935303,28.7067565917969,20.5750408172607,6.84295511245728,29.6652240753174,14.6195230484009,120.520561218262
"Reynoutria_japonica",28.3540269444,70.9373604674,0.47821843624115,18.9951477050781,21.239294052124,5.36636877059937,-1.09303212165833,35.7433395385742,16.5508460998535,152.233703613281
"Reynoutria_japonica",28.3956936109,43.8123605759,12.9463653564453,21.1300601959229,27.9772434234619,14.041576385498,7.09024333953857,29.2132701873779,14.3499975204468,111.83821105957
"Reynoutria_japonica",28.4790269439,47.6456938939,10.7679605484009,25.9507217407227,33.0875473022461,20.4866580963135,-0.959237694740295,26.1432476043701,32.0387535095215,170.105697631836
"Reynoutria_japonica",28.4790269439,64.9373604914,1.85296666622162,19.7039394378662,33.5590476989746,12.5100936889648,-5.08619785308838,35.4068717956543,27.3996486663818,232.159332275391
"Reynoutria_japonica",28.5206936104,43.5206939104,13.3963785171509,17.0012893676758,25.640941619873,14.7520189285278,7.4177303314209,31.2733173370361,21.8524703979492,105.242256164551
"Reynoutria_japonica",28.5206936104,44.9790272379,11.7476396560669,26.5137004852295,32.4484329223633,20.6332244873047,6.00631856918335,30.2299289703369,18.1285400390625,131.562637329102
"Reynoutria_japonica",28.5206936104,65.0623604909,2.01678538322449,19.6550331115723,33.6136093139648,12.6937446594238,-4.9160737991333,33.8570365905762,26.7902050018311,219.404418945312
"Reynoutria_japonica",28.5623602769,69.8956938049,-0.285846352577209,20.4194488525391,30.7954902648926,10.7515916824341,-6.67087364196777,24.3918113708496,35.0141220092773,175.04753112793
"Reynoutria_japonica",28.8123602759,46.7290272309,10.3893880844116,26.5142364501953,33.2266616821289,19.899112701416,4.65419292449951,33.8227767944336,24.4941864013672,185.600372314453
"Reynoutria_japonica",29.0206936084,54.4373605334,6.67786836624146,23.3537654876709,31.521297454834,17.7493648529053,-3.54125499725342,31.8804702758789,42.872127532959,257.665222167969
"Reynoutria_japonica",29.0623602749,62.9373604994,3.22429013252258,20.076732635498,33.0180130004883,15.0396184921265,-3.73742127418518,39.2659759521484,26.6698627471924,243.158782958984
"Reynoutria_japonica",29.1040269414,58.4373605174,5.84587621688843,21.9540615081787,31.2503623962402,16.8987197875977,-4.30144643783569,40.2949638366699,25.5486698150635,252.048004150391
"Reynoutria_japonica",29.1873602744,70.6456938019,1.35234940052032,20.1741180419922,25.2710781097412,6.84190893173218,-0.0519685558974743,32.3203773498535,21.8473930358887,156.977874755859
"Reynoutria_japonica",29.2290269409,44.9373605714,12.6655883789062,21.6251735687256,29.4210815429688,22.513973236084,6.62215518951416,24.24489402771,12.8709907531738,94.0624008178711
"Reynoutria_japonica",29.2706936074,45.2706939034,12.4286298751831,23.2208595275879,30.5743350982666,21.1001300811768,6.39502096176147,26.1896476745605,14.9515190124512,110.861740112305
"Reynoutria_japonica",29.4373602734,44.8956939049,12.7800073623657,19.0263977050781,27.9897689819336,22.5643043518066,6.6402006149292,21.2525177001953,13.5887145996094,84.3302612304688
"Reynoutria_japonica",29.6456936059,64.6456938259,2.30389809608459,19.5872001647949,33.6997184753418,12.999773979187,-4.61152791976929,29.1851291656494,30.1307277679443,206.923110961914
"Reynoutria_japonica",29.6873602724,59.7290271789,5.25985860824585,19.6280765533447,30.4319801330566,16.3511371612549,-5.05875444412231,26.55322265625,37.9707679748535,216.135620117188
"Reynoutria_japonica",29.6873602724,70.1873604704,-0.657746553421021,20.9328994750977,29.0374031066895,9.01461982727051,-1.92423069477081,30.7846584320068,28.5199604034424,188.209503173828
"Reynoutria_japonica",29.7706936054,45.6873605684,12.2531776428223,19.8974418640137,29.1034049987793,20.8449306488037,6.02520751953125,22.8181648254395,16.5070266723633,109.337600708008
"Reynoutria_japonica",3.1040270454,50.2706938834,11.1983604431152,34.9751968383789,21.5825977325439,17.9077625274658,7.37357950210571,41.1761894226074,16.8992366790771,199.640289306641
"Reynoutria_japonica",3.1873603784,47.8956938929,11.4303922653198,33.6340293884277,23.7339477539062,19.0241317749023,7.39722633361816,47.5331764221191,12.8318719863892,205.119338989258
"Reynoutria_japonica",3.2290270449,46.1040272334,11.9149827957153,33.2328758239746,24.7396697998047,19.7992382049561,5.40600347518921,38.2172241210938,24.333833694458,217.6494140625
"Reynoutria_japonica",3.3123603779,43.8123605759,11.8185329437256,31.0923004150391,23.8563385009766,8.56740188598633,19.6400356292725,35.1824951171875,36.9513168334961,127.65966796875
"Reynoutria_japonica",3.3540270444,50.0206938844,10.7668695449829,34.6914215087891,21.9155960083008,17.6086082458496,6.91264915466309,44.031436920166,16.3401756286621,210.190872192383
"Reynoutria_japonica",3.5206937104,44.2706939074,8.74639701843262,32.5802955627441,25.1061744689941,5.346923828125,16.7745018005371,70.4563751220703,25.9073867797852,234.972610473633
"Reynoutria_japonica",3.7706937094,46.8123605639,12.0407056808472,32.7825965881348,24.6158695220947,8.38571929931641,7.93401098251343,62.481128692627,13.4284172058105,227.637176513672
"Reynoutria_japonica",3.9790270419,44.5623605729,9.5772762298584,32.8277320861816,25.8790111541748,10.0921316146851,17.8415508270264,57.2912940979004,32.0486297607422,208.854873657227
"Reynoutria_japonica",30.1456936039,49.1873605544,9.03137874603271,25.3071804046631,32.3499221801758,18.8766479492188,3.41658353805542,34.3431549072266,29.2753677368164,195.198303222656
"Reynoutria_japonica",30.3540269364,70.4790271359,0.471475303173065,19.1728744506836,23.2178916931152,8.81845760345459,-1.00360143184662,35.1399536132812,19.698429107666,175.485748291016
"Reynoutria_japonica",30.4373602694,56.2290271929,6.33336591720581,21.9658527374268,31.6915473937988,17.529167175293,-3.96356558799744,28.2167530059814,32.317813873291,212.731857299805
"Reynoutria_japonica",30.6040269354,50.9790272139,8.54012012481689,24.7729053497314,32.5017890930176,19.928394317627,2.71387147903442,35.7269630432129,27.7042827606201,208.460800170898
"Reynoutria_japonica",30.6873602684,49.1456938879,8.92048931121826,25.1033134460449,32.512336730957,18.8410873413086,8.71250343322754,37.1993408203125,29.4650115966797,207.644714355469
"Reynoutria_japonica",30.9790269339,61.3540271724,4.69298648834229,14.1724948883057,30.2169723510742,11.3725633621216,-2.65174674987793,30.3046588897705,30.0228404998779,183.182495117188
"Reynoutria_japonica",31.3540269324,47.9373605594,9.85883331298828,25.9806232452393,33.5612411499023,19.7843971252441,4.23197174072266,27.9787292480469,27.4057693481445,169.133087158203
"Reynoutria_japonica",32.2706935954,48.2706938914,9.49394702911377,25.4152526855469,33.6602249145508,19.5707302093506,3.3733115196228,30.682258605957,27.8450603485107,167.686767578125
"Reynoutria_japonica",32.8540269264,45.3956939029,12.3589515686035,14.6618995666504,25.9842166900635,13.3330430984497,10.5846071243286,22.2258815765381,18.0158214569092,79.4639053344727
"Reynoutria_japonica",32.9790269259,65.1040271574,2.46319913864136,19.3585414886475,34.2083930969238,13.4318981170654,-4.75623989105225,23.1977424621582,39.0011138916016,213.469085693359
"Reynoutria_japonica",33.0623602589,45.4790272359,12.3300189971924,17.2511978149414,27.078296661377,13.1919250488281,10.7085523605347,24.8959064483643,13.465856552124,95.2319946289062
"Reynoutria_japonica",33.1040269254,45.4373605694,12.3273725509644,17.3609180450439,27.035680770874,4.48540544509888,10.6877288818359,26.4396228790283,12.9425754547119,93.8780212402344
"Reynoutria_japonica",33.2290269249,62.4373605014,3.49298429489136,19.2425880432129,34.0215072631836,15.7094602584839,-3.57319855690002,29.3204708099365,35.9483985900879,219.101364135742
"Reynoutria_japonica",33.4373602574,54.1456938679,6.27704811096191,22.634786605835,32.9184837341309,17.873592376709,-4.45870923995972,34.2943992614746,30.7561874389648,231.207992553711
"Reynoutria_japonica",33.5623602569,65.0206938244,2.51843476295471,19.032470703125,33.7590789794922,13.4425621032715,-4.74148845672607,21.4290809631348,40.9343414306641,207.230590820312
"Reynoutria_japonica",34.1873602544,49.5206938864,9.10256195068359,24.7629070281982,34.1600761413574,19.6389274597168,2.93251442909241,29.7332706451416,22.5506191253662,167.651016235352
"Reynoutria_japonica",34.3956935869,64.9790271579,2.68417000770569,17.980167388916,32.3751640319824,14.4343681335449,-8.15957927703857,19.6191997528076,42.6093826293945,201.740600585938
"Reynoutria_japonica",34.5206935864,49.3956938869,9.29733943939209,24.7257709503174,34.3301162719727,19.8793563842773,3.08466982841492,30.4831066131592,20.9373149871826,163.189926147461
"Reynoutria_japonica",34.5206935864,49.5623605529,8.80246448516846,24.6723461151123,34.2281799316406,19.3553123474121,2.60395622253418,33.6575050354004,21.1799449920654,182.080947875977
"Reynoutria_japonica",34.6040269194,55.4790271959,5.6568865776062,21.6196422576904,33.0503997802734,17.3466453552246,-5.15902280807495,32.6350135803223,32.3536262512207,243.617126464844
"Reynoutria_japonica",34.9790269179,64.1456938279,2.52534937858582,17.2758331298828,32.1337585449219,14.1703596115112,-8.37905120849609,22.4082813262939,39.8437271118164,206.335815429688
"Reynoutria_japonica",35.1456935839,60.6456938419,3.65147376060486,19.4428844451904,33.5100059509277,15.6131858825684,-3.07978343963623,33.9915313720703,34.6393928527832,282.334014892578
"Reynoutria_japonica",35.1456935839,62.8123604999,3.1011278629303,17.8796482086182,33.7754135131836,9.380784034729,-3.99747776985168,38.9055061340332,28.6459503173828,230.572891235352
"Reynoutria_japonica",35.9790269139,58.9373605154,4.80763244628906,20.2439441680908,34.0245819091797,16.9198760986328,-6.3346118927002,29.804235458374,31.377254486084,226.195861816406
"Reynoutria_japonica",36.1040269134,63.2706938314,2.46812105178833,18.2906017303467,34.4010276794434,13.4985990524292,-4.68520164489746,30.0195770263672,35.463321685791,225.710296630859
"Reynoutria_japonica",37.5206935744,56.2706938594,5.59006118774414,20.9653415679932,34.1888084411621,17.7372016906738,-0.956806242465973,33.6648483276367,27.4388294219971,228.438491821289
"Reynoutria_japonica",37.6873602404,60.2706938434,4.01055812835693,19.365140914917,35.0192489624023,16.3844165802002,-2.79439997673035,23.4605178833008,36.5014457702637,218.480941772461
"Reynoutria_japonica",39.1456935679,59.5623605129,3.98334527015686,19.4478206634521,35.7612228393555,16.6130084991455,-2.88598108291626,24.2970352172852,34.3713760375977,203.28564453125
"Reynoutria_japonica",39.7706935654,52.3123605419,6.9660177230835,22.5252170562744,36.0776481628418,19.7593193054199,0.0732721909880638,34.6830101013184,21.9069976806641,185.835388183594
"Reynoutria_japonica",4.1040270414,44.7706939054,8.1078577041626,33.1214828491211,25.8916912078857,8.61830425262451,16.3464622497559,69.7832489013672,27.2728977203369,236.705780029297
"Reynoutria_japonica",4.2290270409,44.9790272379,7.79584646224976,33.0711441040039,25.8001136779785,8.29765033721924,1.03513252735138,59.8186340332031,27.1437149047852,214.142684936523
"Reynoutria_japonica",4.2290270409,46.8956938969,11.3989372253418,32.4818077087402,24.6577796936035,4.77945899963379,7.29202842712402,61.5545425415039,16.3143005371094,245.46484375
"Reynoutria_japonica",4.2290270409,47.1456938959,10.5218210220337,32.5503692626953,24.453441619873,3.99083161354065,13.7036266326904,56.4944000244141,17.6351528167725,208.64404296875
"Reynoutria_japonica",4.2706937074,44.9373605714,8.83935451507568,32.9734077453613,25.9428329467773,9.32774257659912,2.02744793891907,55.4001884460449,31.9336452484131,185.670593261719
"Reynoutria_japonica",4.2706937074,47.0623605629,10.9090414047241,32.4832496643066,24.5496368408203,7.24064016342163,14.1265144348145,59.2879981994629,19.293478012085,217.979583740234
"Reynoutria_japonica",4.2706937074,50.1040272174,10.0951223373413,33.8987770080566,22.2268142700195,4.38192176818848,9.41157531738281,62.8090362548828,15.5539836883545,279.236236572266
"Reynoutria_japonica",4.3123603739,51.8956938769,10.9714937210083,28.6463012695312,18.7122364044189,17.1584663391113,9.75230121612549,39.6192932128906,25.9880485534668,243.836608886719
"Reynoutria_japonica",4.3540270404,43.5623605769,16.1250953674316,24.9631233215332,20.5202178955078,17.0523567199707,23.4496593475342,20.5867290496826,38.7171363830566,83.2280426025391
"Reynoutria_japonica",4.3540270404,49.7290272189,10.4232501983643,33.6522254943848,22.6411018371582,4.53868055343628,9.78123950958252,59.1078605651855,14.871410369873,246.625228881836
"Reynoutria_japonica",4.5623603729,46.1040272334,10.6117973327637,32.5279769897461,25.2343826293945,10.9786787033081,3.84205651283264,56.3452224731445,17.1156368255615,230.521041870117
"Reynoutria_japonica",4.6040270394,45.3540272364,8.91296577453613,32.7503814697266,25.7063064575195,9.38374710083008,2.07534599304199,46.9318580627441,30.727611541748,196.79801940918
"Reynoutria_japonica",4.6040270394,46.8956938969,11.2701454162598,32.2506332397461,24.7814483642578,7.53553867340088,7.1471529006958,50.3087997436523,19.74582862854,197.593231201172
"Reynoutria_japonica",4.7706937054,44.6040272394,14.4957113265991,32.4636497497559,26.8993988037109,14.9172773361206,23.1500854492188,45.707389831543,30.8001594543457,166.753128051758
"Reynoutria_japonica",4.7706937054,46.0206939004,12.8940849304199,32.19384765625,25.6250267028809,21.1617527008057,5.97605037689209,60.5478591918945,18.8193473815918,263.02099609375
"Reynoutria_japonica",4.8123603719,45.6873605684,13.1883640289307,32.1692924499512,25.9626731872559,13.5425691604614,6.18801546096802,44.6879997253418,21.9024238586426,195.136566162109
"Reynoutria_japonica",4.8123603719,51.4790272119,10.9464702606201,32.8651390075684,21.1854782104492,17.2869396209717,10.1508550643921,44.1704483032227,20.9161491394043,245.202438354492
"Reynoutria_japonica",4.8540270384,46.6873605644,12.5867195129395,32.0566520690918,25.1294860839844,8.76800155639648,5.76674032211304,51.3120956420898,19.2980041503906,213.4677734375
"Reynoutria_japonica",4.8540270384,47.3540272284,10.2949771881104,32.3271865844727,24.4642524719238,6.59063339233398,6.19986963272095,54.8601417541504,18.179328918457,215.647155761719
"Reynoutria_japonica",4.8956937049,52.7706938734,10.7480726242065,22.389669418335,16.9246406555176,8.91704940795898,9.08711338043213,37.2807540893555,27.7888679504395,234.079162597656
"Reynoutria_japonica",4.9790270379,46.2706938994,12.8242063522339,32.0847625732422,25.5783996582031,8.99480438232422,5.8943829536438,65.1949157714844,17.9071426391602,251.418823242188
"Reynoutria_japonica",40.0206935644,60.6456938419,3.17615342140198,18.7583618164062,35.6222305297852,15.6901664733887,-3.57453322410583,32.1505889892578,25.8468990325928,215.545883178711
"Reynoutria_japonica",40.6040268954,52.4790272079,6.90420293807983,22.3462696075439,36.3998680114746,18.4038581848145,-0.101752281188965,33.4219284057617,20.5217170715332,173.869735717773
"Reynoutria_japonica",41.4790268919,59.9790271779,3.52386546134949,18.9357795715332,36.6348342895508,16.3825263977051,-3.29987931251526,31.4898834228516,28.6424369812012,224.652038574219
"Reynoutria_japonica",41.7706935574,54.7706938654,6.23577308654785,21.525260925293,36.2581939697266,19.1142864227295,-0.6311936378479,30.1285648345947,22.5312576293945,185.978637695312
"Reynoutria_japonica",42.0623602229,52.0623605429,6.75557899475098,22.2508163452148,37.0207633972168,18.4293479919434,-0.420837610960007,33.277271270752,20.7896728515625,165.481597900391
"Reynoutria_japonica",43.6456935499,55.3956938629,5.68362092971802,20.681640625,36.2902030944824,18.7204971313477,-1.2584707736969,21.6887531280518,35.7415962219238,182.791534423828
"Reynoutria_japonica",43.8540268824,55.1456938639,5.43230056762695,20.8087539672852,36.3890380859375,18.4726943969727,-1.54923284053802,22.2568473815918,34.4758682250977,179.017028808594
"Reynoutria_japonica",44.8540268784,53.3123605379,5.8244514465332,21.4056568145752,37.3787002563477,19.1787414550781,-1.40321254730225,38.5409889221191,16.5661659240723,176.703994750977
"Reynoutria_japonica",45.0623602109,53.6040272034,5.84925985336304,21.2654285430908,37.2976112365723,19.1740779876709,-1.35330200195312,35.9427757263184,18.2287654876709,175.215911865234
"Reynoutria_japonica",46.1456935399,54.1040272014,5.84147930145264,20.8105659484863,37.4451217651367,19.2592506408691,-1.3830178976059,22.4080944061279,34.7946510314941,186.39567565918
"Reynoutria_japonica",46.2290268729,54.1456938679,5.81176471710205,20.7899017333984,37.4897308349609,19.2354927062988,-1.4239090681076,20.8766117095947,39.7895431518555,193.884231567383
"Reynoutria_japonica",46.2706935394,54.1873605344,5.99221229553223,20.7549152374268,37.5398941040039,19.4452896118164,-1.25343203544617,21.7829647064209,35.3088989257812,183.180892944336
"Reynoutria_japonica",46.3956935389,55.6873605284,4.9388689994812,20.347749710083,37.185131072998,18.2993106842041,-2.26438283920288,31.0769882202148,27.2571830749512,199.435012817383
"Reynoutria_japonica",46.7290268709,55.3956938629,5.08272886276245,20.4124069213867,37.4161682128906,18.5036468505859,-2.16178345680237,28.0805644989014,31.7570915222168,197.572235107422
"Reynoutria_japonica",46.7706935374,58.0623605189,4.08209705352783,19.2095584869385,37.4877471923828,17.4561443328857,-2.8139214515686,24.6982593536377,36.053638458252,212.739959716797
"Reynoutria_japonica",46.9373602034,52.4373605414,6.30325031280518,21.3556423187256,39.3877716064453,-5.57095861434937,-1.35110425949097,37.855152130127,15.977933883667,147.142395019531
"Reynoutria_japonica",46.9373602034,52.4790272079,5.9452953338623,21.3944530487061,39.2406692504883,-5.86662101745605,-1.68037176132202,40.0470581054688,16.3020477294922,159.067489624023
"Reynoutria_japonica",47.2706935354,52.8123605399,5.41500091552734,21.3410453796387,38.9878692626953,-6.32167816162109,-2.12736463546753,35.8930816650391,14.3972587585449,154.915573120117
"Reynoutria_japonica",47.5206935344,52.0623605429,7.12739515304565,21.3658351898193,40.4320755004883,-5.09685516357422,19.8350658416748,33.5436248779297,18.9285736083984,126.287155151367
"Reynoutria_japonica",47.8956935329,52.9790272059,5.69619655609131,21.3619728088379,39.4038505554199,18.1412124633789,-1.91866362094879,28.7095527648926,17.0996971130371,147.163665771484
"Reynoutria_japonica",47.9373601994,52.3540272084,5.93419599533081,21.4982414245605,40.0732421875,-6.14088153839111,-1.83967685699463,36.3030586242676,17.4315605163574,153.233413696289
"Reynoutria_japonica",48.5206935304,52.4790272079,6.53173208236694,21.3216781616211,40.4782295227051,19.3196086883545,-1.29455518722534,28.3378829956055,17.198263168335,139.034729003906
"Reynoutria_japonica",49.2290268609,51.7290272109,6.9129581451416,21.3747577667236,41.589427947998,20.0206127166748,-1.1044704914093,20.285364151001,22.2411041259766,101.28564453125
"Reynoutria_japonica",49.4373601934,53.2290272049,5.98436164855957,21.1845989227295,40.1851959228516,6.05449247360229,-1.73850679397583,30.2860240936279,16.5964431762695,139.763946533203
"Reynoutria_japonica",49.6040268594,53.3123605379,5.44979667663574,21.2388973236084,40.0514907836914,5.54753398895264,-2.24023675918579,29.2823524475098,16.9839057922363,139.515014648438
"Reynoutria_japonica",49.8123601919,55.1873605304,5.07951879501343,20.2019119262695,39.0502471923828,19.0835857391357,-2.52119517326355,28.470682144165,26.6191520690918,178.237548828125
"Reynoutria_japonica",49.8956935249,52.3123605419,6.73284864425659,21.244686126709,41.3012237548828,19.8033275604248,-1.17666184902191,22.7904930114746,22.5083179473877,118.951805114746
"Reynoutria_japonica",5.0206937044,44.1873605744,14.0696125030518,32.2901992797852,26.4738712310791,14.5998258590698,22.6197357177734,38.0376472473145,32.2840118408203,142.313125610352
"Reynoutria_japonica",5.0206937044,44.6873605724,13.3339128494263,32.5913581848145,27.0814399719238,13.7808303833008,6.16890525817871,59.7003288269043,24.3475952148438,204.469085693359
"Reynoutria_japonica",5.0623603709,43.8123605759,15.4838705062866,30.8081035614014,24.9667663574219,16.1352825164795,23.7242774963379,23.5854110717773,37.017951965332,94.6030120849609
"Reynoutria_japonica",5.1040270374,43.9790272419,14.3506450653076,31.8189907073975,25.9024200439453,14.9463319778442,22.7755737304688,32.674446105957,34.5538215637207,126.977508544922
"Reynoutria_japonica",5.1456937039,43.5206939104,16.1380996704102,29.0208930969238,23.3080005645752,16.9287414550781,24.0251617431641,13.5092706680298,39.5018501281738,60.6026344299316
"Reynoutria_japonica",5.1456937039,43.9373605754,13.128870010376,31.890739440918,25.7499847412109,13.7569131851196,21.4861259460449,29.7427768707275,36.3820457458496,117.073783874512
"Reynoutria_japonica",5.1873603704,45.9373605674,12.6365089416504,32.1175689697266,26.0679893493652,8.79349803924561,19.3435115814209,70.0600509643555,18.4353446960449,233.8388671875
"Reynoutria_japonica",5.1873603704,51.7706938774,10.8951206207275,32.1263465881348,21.012716293335,17.2894191741943,10.0600118637085,42.9745864868164,20.9575462341309,241.081329345703
"Reynoutria_japonica",5.1873603704,59.8123605119,8.46810626983643,18.2861309051514,16.0515098571777,6.45738983154297,9.81617450714111,81.5721435546875,29.1269073486328,444.562164306641
"Reynoutria_japonica",5.2290270369,60.8540271744,7.96835613250732,23.8696670532227,18.898946762085,5.29502582550049,10.0530309677124,124.114349365234,33.1625709533691,495.499938964844
"Reynoutria_japonica",5.2706937034,61.0206938404,5.50110816955566,24.3991508483887,19.1898345947266,2.78332710266113,7.6467809677124,143.245086669922,33.1503982543945,562.249145507812
"Reynoutria_japonica",5.3123603699,49.3123605539,10.1711072921753,33.1087875366211,23.6087627410889,3.90536141395569,13.3183698654175,63.5642356872559,17.3040924072266,277.755493164062
"Reynoutria_japonica",5.3540270364,50.5206938824,10.1086740493774,33.2280158996582,22.5556049346924,17.247673034668,9.51540374755859,56.9611282348633,19.5552139282227,288.548522949219
"Reynoutria_japonica",5.4373603694,44.6873605724,11.8074932098389,32.6950149536133,27.3821563720703,12.3020219802856,4.555006980896,50.3804244995117,18.8849353790283,166.765365600586
"Reynoutria_japonica",5.4373603694,50.5206938824,9.9119987487793,33.185001373291,22.6127433776855,17.0660858154297,9.32394313812256,57.8146820068359,17.5463066101074,280.535614013672
"Reynoutria_japonica",5.4373603694,59.8956938449,5.50289440155029,20.6290035247803,17.6487522125244,3.1820752620697,7.19363307952881,120.185974121094,29.2200508117676,521.63427734375
"Reynoutria_japonica",5.4373603694,60.2706938434,7.37517070770264,22.2151222229004,18.6180229187012,8.12405681610107,9.35154628753662,113.89769744873,30.6579189300537,477.2255859375
"Reynoutria_japonica",5.4790270359,43.4373605774,14.4082098007202,29.2933826446533,23.3562068939209,15.2295608520508,22.2821178436279,18.8395290374756,41.9817695617676,80.9123764038086
"Reynoutria_japonica",5.4790270359,46.2290272329,11.2762355804443,32.2232437133789,25.9141540527344,7.47666501998901,6.91933012008667,91.1438064575195,14.519606590271,318.78662109375
"Reynoutria_japonica",5.4790270359,61.4373605054,5.59516000747681,24.33717918396,19.4235668182373,2.78532385826111,7.82350444793701,135.223159790039,31.3403949737549,526.44677734375
"Reynoutria_japonica",5.5206937024,46.6456938979,11.9512557983398,32.0972442626953,25.5211868286133,20.1941356658936,4.99103546142578,85.7118148803711,14.8743114471436,343.515502929688
"Reynoutria_japonica",5.5206937024,59.3123605139,8.21239280700684,20.4025821685791,17.7253932952881,5.97296333312988,9.87714958190918,84.0185394287109,30.9618377685547,362.793518066406
"Reynoutria_japonica",5.5206937024,60.7706938414,4.97927284240723,24.6929531097412,20.2556419372559,2.02477192878723,7.36393404006958,141.618637084961,35.0112533569336,543.9619140625
"Reynoutria_japonica",5.5623603689,45.2706939034,11.2424211502075,32.2809066772461,27.0543441772461,19.9015846252441,2.81260704994202,93.8181610107422,9.56308174133301,342.433319091797
"Reynoutria_japonica",5.5623603689,46.1040272334,9.95658588409424,32.4100112915039,26.0268058776855,18.2665672302246,5.54991674423218,95.2349166870117,13.6527433395386,363.581634521484
"Reynoutria_japonica",5.6040270354,52.1040272094,10.6726083755493,31.0474185943604,20.7073707580566,17.1033821105957,6.60716867446899,47.0229644775391,19.9653968811035,245.608093261719
"Reynoutria_japonica",5.6456937019,49.4790272199,9.9760627746582,32.9412841796875,23.736198425293,3.6981897354126,13.1661033630371,56.8166580200195,18.5963649749756,236.635772705078
"Reynoutria_japonica",5.6456937019,53.1040272054,10.5018711090088,24.8352680206299,17.8985595703125,16.8345413208008,8.96370410919189,37.1482353210449,26.2377452850342,249.750122070312
"Reynoutria_japonica",5.6873603684,50.6456938819,10.1079702377319,32.9964447021484,22.6617317199707,17.2815055847168,9.5377950668335,63.5463523864746,17.4758892059326,311.402648925781
"Reynoutria_japonica",5.6873603684,60.9790271739,3.93547368049622,25.1534481048584,21.0912170410156,0.77394825220108,6.53277158737183,137.338348388672,35.7744636535645,521.512084960938
"Reynoutria_japonica",5.6873603684,61.2290271729,4.78595399856567,24.9503288269043,20.9141464233398,1.63918590545654,7.36385107040405,137.540145874023,33.602165222168,552.547729492188
"Reynoutria_japonica",5.7290270349,46.1873605664,9.7645788192749,32.4193077087402,26.1123943328857,6.00320768356323,5.33997488021851,78.3418350219727,15.7965507507324,296.279632568359
"Reynoutria_japonica",5.7290270349,46.3540272324,10.527491569519,32.3451652526855,25.9378356933594,6.74009418487549,6.14851903915405,88.3543548583984,14.0546684265137,343.744567871094
"Reynoutria_japonica",5.7706937014,48.0206938924,10.3016796112061,32.3433380126953,24.4785213470459,6.53250360488892,6.23012685775757,60.7265892028809,16.1456909179688,269.346435546875
"Reynoutria_japonica",5.7706937014,62.1040271694,5.67757415771484,20.9924869537354,16.399435043335,3.44978046417236,10.0291166305542,93.4921417236328,35.7224884033203,509.552490234375
"Reynoutria_japonica",5.8123603679,60.6040271754,5.8182258605957,24.7336978912354,21.4148788452148,2.5950243473053,8.46196556091309,123.134780883789,32.986400604248,485.271057128906
"Reynoutria_japonica",5.8123603679,61.2706938394,4.86170434951782,24.8760242462158,21.2743339538574,1.60488152503967,7.54240131378174,114.173362731934,34.2734451293945,432.185119628906
"Reynoutria_japonica",5.8540270344,46.2706938994,6.81421947479248,32.7531509399414,25.8728847503662,15.0261993408203,2.39570045471191,113.440002441406,14.4755582809448,448.445648193359
"Reynoutria_japonica",5.8540270344,48.5623605569,10.5944204330444,32.6805458068848,24.4136848449707,4.01743698120117,6.53012418746948,51.2656936645508,11.9601459503174,205.438125610352
"Reynoutria_japonica",5.8956937009,44.8123605719,9.5442419052124,32.6038589477539,27.5672950744629,5.65682506561279,18.3395690917969,62.2310600280762,20.401725769043,193.398315429688
"Reynoutria_japonica",5.8956937009,47.0623605629,11.3819675445557,32.0806846618652,25.3290176391602,7.54831838607788,7.15717506408691,84.9488906860352,12.4944524765015,329.730621337891
"Reynoutria_japonica",5.8956937009,61.8123605039,1.69635212421417,23.2410411834717,18.913459777832,-1.07312631607056,6.87699317932129,109.330070495605,33.660472869873,399.397827148438
"Reynoutria_japonica",5.9373603674,59.5623605129,5.32253122329712,23.6526794433594,20.6361598968506,2.50894594192505,7.6025710105896,128.192001342773,31.7339973449707,541.499267578125
"Reynoutria_japonica",5.9373603674,61.3123605059,4.38662052154541,24.809440612793,21.5515022277832,1.04108548164368,7.14832639694214,108.847625732422,31.6647434234619,434.025512695312
"Reynoutria_japonica",5.9790270339,45.1456939039,3.02331018447876,33.1503028869629,26.8065509796143,-0.613421082496643,10.7365770339966,91.9477615356445,16.4868679046631,284.718017578125
"Reynoutria_japonica",5.9790270339,46.1040272334,11.1062631607056,32.2920761108398,26.6299858093262,19.6194000244141,6.58102607727051,74.1038131713867,17.5415687561035,324.032653808594
"Reynoutria_japonica",5.9790270339,46.6040272314,8.53401660919189,32.537052154541,25.7047061920166,1.73572075366974,7.97075605392456,104.617790222168,12.2238693237305,406.945434570312
"Reynoutria_japonica",5.9790270339,46.9373605634,9.86075973510742,32.3302688598633,25.3789100646973,6.0884861946106,5.58501958847046,87.8762359619141,12.8086204528809,338.207244873047
"Reynoutria_japonica",50.0623601909,55.5206938624,4.69580364227295,20.0986309051514,38.9901809692383,18.6843299865723,-2.88580393791199,30.8274822235107,22.2329158782959,173.148239135742
"Reynoutria_japonica",50.2706935234,51.5623605449,6.93227291107178,21.4465503692627,42.2637176513672,20.2225952148438,-1.11540400981903,20.0789642333984,22.5930576324463,99.2314376831055
"Reynoutria_japonica",50.9373601874,53.1040272054,5.99197626113892,21.1668834686279,40.7997093200684,6.10731601715088,-1.79691445827484,23.0694580078125,21.6760025024414,124.193412780762
"Reynoutria_japonica",50.9790268539,51.8123605439,6.47790098190308,21.4676399230957,42.190315246582,19.7467079162598,-1.50985562801361,20.1582126617432,20.5100879669189,92.4218368530273
"Reynoutria_japonica",51.0623601869,52.2290272089,6.10056447982788,21.4048480987549,41.6653823852539,6.1929817199707,-1.80212533473969,21.4032001495361,21.7713356018066,104.605361938477
"Reynoutria_japonica",51.2290268529,54.5623605329,5.16615152359009,20.2548503875732,39.7087554931641,19.4593658447266,-2.51659464836121,21.496940612793,30.0311889648438,158.614120483398
"Reynoutria_japonica",51.3123601859,53.3123605379,5.98152494430542,21.0023860931396,40.7193489074707,20.5712852478027,-1.81179285049438,21.5368461608887,25.7425441741943,133.2646484375
"Reynoutria_japonica",51.3956935189,51.8540272104,6.54717588424683,21.4756202697754,42.2988815307617,19.8720245361328,-1.43652701377869,20.0306816101074,19.6690082550049,93.5713882446289
"Reynoutria_japonica",51.8956935169,52.7290272069,5.71205997467041,21.2383289337158,41.2946739196777,18.8146018981934,-2.14726424217224,23.974588394165,20.2803115844727,120.091110229492
"Reynoutria_japonica",51.9373601834,52.4790272079,5.90560722351074,21.3077907562256,41.6149635314941,6.03890180587769,-1.99210977554321,26.3311061859131,18.3059005737305,115.342681884766
"Reynoutria_japonica",52.6040268474,53.2290272049,5.05887889862061,21.0335063934326,40.8242263793945,19.700647354126,-2.75450348854065,27.8063068389893,19.8283252716064,141.61994934082
"Reynoutria_japonica",53.2706935114,55.2706938634,4.59139537811279,20.4835758209229,39.7739410400391,18.8827381134033,-2.96755766868591,21.1450347900391,34.8860206604004,174.164337158203
"Reynoutria_japonica",53.4373601774,52.8956938729,5.59201955795288,21.1143951416016,41.495304107666,18.8246040344238,-2.29535222053528,23.6155300140381,20.8158626556396,121.723571777344
"Reynoutria_japonica",53.6040268434,53.6873605364,4.6509108543396,20.9584560394287,40.6869201660156,17.6617107391357,-3.08920478820801,27.3120937347412,21.8354187011719,145.127151489258
"Reynoutria_japonica",54.0623601749,54.2290272009,4.04918336868286,20.8598937988281,40.2372894287109,16.9474754333496,-3.55631518363953,24.7856006622314,26.2061882019043,149.188049316406
"Reynoutria_japonica",6.0206937004,50.4790272159,7.97366237640381,32.9210472106934,22.9112930297852,2.09176635742188,10.9197196960449,75.8059310913086,14.7913064956665,323.671051025391
"Reynoutria_japonica",6.0623603669,45.6040272354,7.61968946456909,32.5564384460449,26.9866065979004,0.566374897956848,10.9452142715454,89.6487503051758,12.0025806427002,311.659759521484
"Reynoutria_japonica",6.0623603669,46.3956938989,6.28291273117065,32.8569641113281,25.8931007385254,-0.462415665388107,5.6139874458313,119.483856201172,12.581615447998,445.077087402344
"Reynoutria_japonica",6.0623603669,61.7706938374,3.62956666946411,23.6199321746826,19.9794063568115,0.583306610584259,6.0308141708374,84.3982086181641,34.652759552002,320.442260742188
"Reynoutria_japonica",6.1040270334,44.8123605719,5.89256525039673,32.9660186767578,27.3839893341064,2.10810661315918,14.5849351882935,60.6885643005371,22.9735774993896,190.427581787109
"Reynoutria_japonica",6.1040270334,47.5623605609,11.0787210464478,32.081844329834,24.9861068725586,19.2306289672852,6.92945384979248,71.0229644775391,16.030200958252,302.150390625
"Reynoutria_japonica",6.1040270334,48.8123605559,10.761061668396,32.7723350524902,24.4885540008545,18.711051940918,6.68503189086914,48.9799537658691,12.186692237854,205.800659179688
"Reynoutria_japonica",6.1456936999,45.2290272369,2.28119444847107,33.1307640075684,26.860481262207,-4.58989000320435,5.36465740203857,82.3440933227539,14.9044361114502,275.031066894531
"Reynoutria_japonica",6.1456936999,60.0206938444,2.60383915901184,24.8556499481201,22.0558776855469,-0.607328593730927,5.2341365814209,111.465507507324,29.4486923217773,474.515014648438
"Reynoutria_japonica",6.1456936999,61.6040271714,2.61705565452576,24.3114719390869,21.1949653625488,-0.689604699611664,5.30810642242432,95.1561431884766,34.5657844543457,386.55615234375
"Reynoutria_japonica",6.1873603664,43.5623605769,14.0276956558228,30.2683887481689,24.5289783477783,10.6818761825562,22.2075481414795,20.0290832519531,48.3681602478027,89.0027313232422
"Reynoutria_japonica",6.1873603664,44.6873605724,5.28098678588867,33.0808601379395,27.4124794006348,1.52082514762878,13.9585428237915,54.3549194335938,24.8781089782715,177.135711669922
"Reynoutria_japonica",6.1873603664,47.4790272279,11.5779323577881,32.0133895874023,25.1709461212158,7.70640182495117,7.40536785125732,68.0228729248047,15.0828628540039,254.461929321289
"Reynoutria_japonica",6.1873603664,59.3123605139,6.69834136962891,24.4748210906982,21.7278594970703,3.71187138557434,9.21409034729004,95.1231079101562,32.2848968505859,411.127075195312
"Reynoutria_japonica",6.2290270329,45.3540272364,3.91596579551697,32.8736877441406,27.0739288330078,-3.06151843070984,7.09074974060059,74.1006088256836,19.3621788024902,263.095703125
"Reynoutria_japonica",6.2290270329,47.6040272274,11.4339828491211,32.016242980957,25.1016674041748,19.6115436553955,7.2788987159729,68.1050338745117,15.2283840179443,277.396331787109
"Reynoutria_japonica",6.2290270329,58.5206938504,6.97526693344116,23.335823059082,19.6601696014404,4.46406888961792,8.98545265197754,109.306823730469,30.2300662994385,444.904937744141
"Reynoutria_japonica",6.2706936994,43.2290272449,15.0606918334961,26.1148624420166,21.2227306365967,12.2617835998535,22.5606708526611,15.0379295349121,46.7396507263184,76.4848937988281
"Reynoutria_japonica",6.2706936994,46.6456938979,7.22779130935669,32.7646484375,25.872688293457,0.442996054887772,10.5904941558838,90.2709655761719,14.3538074493408,320.754547119141
"Reynoutria_japonica",6.2706936994,58.3540271844,8.09621810913086,22.189208984375,18.922815322876,5.72272443771362,9.94427013397217,88.7310104370117,31.3574638366699,363.380889892578
"Reynoutria_japonica",6.2706936994,61.9373605034,6.19321727752686,23.2731819152832,19.9915027618408,3.09507131576538,8.61402988433838,72.9293212890625,38.947395324707,284.989562988281
"Reynoutria_japonica",6.3123603659,44.8956939049,0.213612213730812,33.4764213562012,26.9970436096191,-3.39198589324951,8.70514678955078,71.5693206787109,18.4108238220215,221.365081787109
"Reynoutria_japonica",6.3123603659,61.3956938389,3.44075059890747,24.7898483276367,22.6036415100098,-0.213253304362297,6.48381042480469,82.3926620483398,33.3015670776367,364.361694335938
"Reynoutria_japonica",6.3540270324,59.7706938454,1.93026661872864,25.2101001739502,22.6125564575195,-1.32852232456207,4.62738990783691,121.816093444824,32.0960426330566,485.855895996094
"Reynoutria_japonica",6.3956936989,46.2290272329,8.67474460601807,32.6503257751465,26.7190208435059,17.1891345977783,4.09037971496582,86.2255096435547,12.6111536026001,341.801422119141
"Reynoutria_japonica",6.3956936989,59.4790271799,5.71792650222778,24.9722366333008,22.796724319458,2.47897100448608,8.46157169342041,99.1813659667969,32.7817764282227,390.646484375
"Reynoutria_japonica",6.4373603654,58.8956938489,3.67504596710205,25.2639751434326,21.6434078216553,0.795568645000458,6.10460567474365,102.873603820801,34.8406524658203,434.751434326172
"Reynoutria_japonica",6.4373603654,59.8956938449,3.4846818447113,25.1400585174561,23.0933647155762,-2.71501970291138,6.33695220947266,103.825035095215,33.6823310852051,418.08056640625
"Reynoutria_japonica",6.4790270319,43.6873605764,10.7957487106323,30.9611167907715,25.0100135803223,7.42519998550415,19.0231056213379,32.5811767578125,40.3811111450195,132.874267578125
"Reynoutria_japonica",6.4790270319,45.1456939039,2.21656322479248,33.0208930969238,27.295783996582,-4.7817759513855,1.23001730442047,67.0918579101562,16.842601776123,231.963958740234
"Reynoutria_japonica",6.4790270319,47.1873605624,9.32728004455566,32.5046691894531,25.4517192840576,17.5297222137451,5.04102897644043,81.2582626342773,14.2068367004395,342.343444824219
"Reynoutria_japonica",6.4790270319,60.1873605104,-0.492856502532959,25.4897308349609,23.0362739562988,-3.97171449661255,2.37491130828857,104.585319519043,35.1830291748047,424.988616943359
"Reynoutria_japonica",6.5623603649,47.0623605629,7.97897911071777,32.7201271057129,25.580997467041,1.2015780210495,3.641526222229,101.701179504395,11.4898796081543,408.595489501953
"Reynoutria_japonica",6.6873603644,46.0206939004,4.03278398513794,33.0224113464355,26.9047508239746,12.5589504241943,-0.631436824798584,110.076797485352,18.2058753967285,519.852111816406
"Reynoutria_japonica",6.7290270309,43.6456939099,13.7098932266235,29.6238307952881,24.2197456359863,10.3978576660156,21.8567581176758,23.8567523956299,44.0702514648438,101.547012329102
"Reynoutria_japonica",6.7290270309,47.9790272259,9.51040554046631,32.4719276428223,25.0189456939697,2.74362516403198,13.0412454605103,82.3595275878906,16.7004947662354,322.075012207031
"Reynoutria_japonica",6.7706936974,45.3540272364,-1.79956269264221,33.4431266784668,27.1151542663574,-8.69386196136475,-2.81878423690796,63.1519050598145,11.154128074646,254.501922607422
"Reynoutria_japonica",6.7706936974,45.9790272339,2.36562895774841,33.174732208252,26.8789443969727,-4.58223056793213,1.49578046798706,99.2267303466797,14.3756551742554,430.50634765625
"Reynoutria_japonica",6.7706936974,59.3123605139,1.32867729663849,25.9520263671875,23.5014953613281,-2.00363755226135,4.1619439125061,92.9167022705078,34.170280456543,387.976196289062
"Reynoutria_japonica",6.8123603639,47.4373605614,10.914981842041,32.319522857666,25.6121883392334,19.1838054656982,6.66840124130249,75.3970794677734,15.9817028045654,329.128479003906
"Reynoutria_japonica",6.8540270304,59.8540271784,2.70627570152283,25.3487167358398,24.1000003814697,-3.85013961791992,5.78972864151001,69.5526580810547,35.3367576599121,285.230773925781
"Reynoutria_japonica",6.8956936969,43.6873605764,10.9329271316528,29.2313690185547,23.60471534729,7.7670259475708,18.913049697876,28.9030590057373,44.3238105773926,126.422119140625
"Reynoutria_japonica",6.8956936969,44.2706939074,5.48670530319214,32.499454498291,26.7936553955078,1.86228394508362,13.2847843170166,46.9481430053711,24.7523784637451,157.264190673828
"Reynoutria_japonica",6.8956936969,44.4790272399,1.25565922260284,33.283805847168,27.0555000305176,2.00471687316895,-6.89419269561768,51.1089859008789,21.2960834503174,182.265594482422
"Reynoutria_japonica",6.8956936969,59.4790271799,0.758750557899475,25.9261436462402,23.9592742919922,-2.73193097114563,3.71047687530518,85.1152954101562,34.6780395507812,366.542877197266
"Reynoutria_japonica",6.9373603634,46.5206938984,7.33058929443359,32.8412857055664,26.6734962463379,15.8234920501709,-1.00681889057159,92.584846496582,21.732593536377,460.677551269531
"Reynoutria_japonica",6.9373603634,51.4790272119,10.6520233154297,32.0966720581055,22.6003475189209,17.9584007263184,6.60635471343994,50.1477661132812,19.518138885498,259.856475830078
"Reynoutria_japonica",6.9373603634,58.8956938489,3.64520001411438,25.9570007324219,23.1464004516602,-2.34117007255554,6.40780210494995,84.2259750366211,32.3480911254883,388.246948242188
"Reynoutria_japonica",6.9790270299,47.8540272264,8.70851707458496,32.6036109924316,25.1423053741455,1.93285810947418,12.2369956970215,84.1807022094727,17.0707836151123,333.601593017578
"Reynoutria_japonica",7.0206936964,44.7290272389,1.40153133869171,33.2076950073242,27.6159896850586,4.4913067817688,-6.92903518676758,52.8096923828125,17.720573425293,213.672180175781
"Reynoutria_japonica",7.0206936964,48.4790272239,9.24573993682861,32.7308883666992,24.9721698760986,2.50555276870728,5.13358449935913,80.0064926147461,12.9552659988403,319.8828125
"Reynoutria_japonica",7.0206936964,59.1873605144,1.84780073165894,26.1868782043457,24.0584373474121,-1.60685801506042,4.80940866470337,71.2614593505859,32.7651405334473,348.728637695312
"Reynoutria_japonica",7.0623603629,44.0623605749,6.90513896942139,31.1079616546631,25.3430957794189,3.50221633911133,15.1599988937378,49.845272064209,34.2952346801758,169.874252319336
"Reynoutria_japonica",7.0623603629,53.3956938709,10.2689418792725,26.7041931152344,19.5811767578125,16.9223594665527,5.89428091049194,39.0340690612793,22.9742050170898,227.958221435547
"Reynoutria_japonica",7.0623603629,61.6873605044,-3.06921339035034,24.7153797149658,23.862361907959,-6.98304128646851,0.188247814774513,70.0784912109375,36.7823333740234,270.624847412109
"Reynoutria_japonica",7.0623603629,62.0206938364,0.95183140039444,24.4094409942627,22.7108325958252,-5.55667781829834,3.95381808280945,66.8943023681641,33.0133209228516,268.134674072266
"Reynoutria_japonica",7.1040270294,58.6040271834,4.51248025894165,25.2108211517334,22.259822845459,1.46685016155243,7.0865740776062,98.9174575805664,32.5084953308105,413.676422119141
"Reynoutria_japonica",7.1456936959,46.1873605664,4.30792140960693,32.8264846801758,27.0536098480225,-2.78572702407837,3.54042673110962,53.9712944030762,13.4152803421021,231.167999267578
"Reynoutria_japonica",7.1456936959,61.0206938404,0.682751774787903,24.5584526062012,24.9582023620605,-3.50210499763489,4.20202207565308,52.49609375,32.5803756713867,283.498840332031
"Reynoutria_japonica",7.1873603624,46.4790272319,6.18233203887939,32.8089370727539,26.8129234313965,14.7166604995728,1.58334743976593,74.6397171020508,22.0295276641846,380.559631347656
"Reynoutria_japonica",7.2290270289,46.3540272324,2.7324230670929,33.1260719299316,26.6750602722168,11.1821460723877,3.31937551498413,77.0879974365234,20.6328964233398,400.579650878906
"Reynoutria_japonica",7.2706936954,59.5623605129,1.92975056171417,25.8625602722168,25.0111446380615,-1.89079213142395,5.16479539871216,49.6815986633301,30.7807464599609,242.299667358398
"Reynoutria_japonica",7.2706936954,62.8540271664,6.63214206695557,21.7197132110596,17.3897228240967,4.14564228057861,8.32872104644775,91.4524230957031,30.9507789611816,362.047912597656
"Reynoutria_japonica",7.3123603619,50.5623605489,10.0579957962036,31.9649600982666,23.7806491851807,17.7383899688721,5.92426681518555,52.5963287353516,20.2092761993408,283.394073486328
"Reynoutria_japonica",7.3540270284,44.0206939084,8.34117698669434,29.1856575012207,24.020809173584,9.16127681732178,15.7949209213257,55.4674835205078,28.4656562805176,189.470306396484
"Reynoutria_japonica",7.3540270284,50.8123605479,10.2297048568726,31.9516506195068,23.5320281982422,17.8315277099609,6.11628866195679,57.9572715759277,16.7770023345947,298.279541015625
"Reynoutria_japonica",7.3540270284,60.6040271754,-0.827359199523926,24.7889842987061,24.8353691101074,-7.85621166229248,2.5684642791748,45.0221176147461,26.727144241333,247.018249511719
"Reynoutria_japonica",7.3956936949,44.4790272399,11.6262311935425,31.3126258850098,27.6828422546387,14.9587154388428,3.04118585586548,35.7850341796875,27.36496925354,159.59294128418
"Reynoutria_japonica",7.3956936949,46.5206938984,6.24489831924438,32.7104339599609,26.8156147003174,14.8011226654053,6.73690509796143,68.1717681884766,25.0351181030273,390.090728759766
"Reynoutria_japonica",7.4373603614,45.5623605689,-0.557406663894653,33.0665512084961,27.6206111907959,2.68927073478699,-9.00866794586182,57.6057434082031,17.9416580200195,268.172790527344
"Reynoutria_japonica",7.4373603614,46.5623605649,3.32299017906189,33.0604858398438,26.4817218780518,11.7336015701294,3.86532545089722,95.1246109008789,26.5217456817627,559.869995117188
"Reynoutria_japonica",7.4373603614,47.2290272289,8.31646060943604,32.8063850402832,25.9852523803711,1.39862430095673,3.95993256568909,97.8443298339844,10.1115961074829,384.109649658203
"Reynoutria_japonica",7.4790270279,43.9373605754,10.2694797515869,27.3882694244385,22.8370914459229,7.16425275802612,18.1389293670654,36.878776550293,38.6481857299805,134.612426757812
"Reynoutria_japonica",7.4790270279,49.4373605534,10.4959239959717,31.7992820739746,24.6826267242432,3.72288608551025,6.3492751121521,46.4518585205078,14.1278409957886,209.588134765625
"Reynoutria_japonica",7.4790270279,59.8123605119,0.773227870464325,25.5517044067383,25.1756229400635,1.1016172170639,-0.249844625592232,50.3704452514648,28.5216579437256,277.590026855469
"Reynoutria_japonica",7.4790270279,62.4790271679,2.24016547203064,23.9209613800049,21.1861839294434,-1.11129403114319,4.85824775695801,67.7633895874023,29.8808937072754,282.813262939453
"Reynoutria_japonica",7.5206936944,61.2706938394,0.532460689544678,23.9675807952881,25.4636611938477,-3.79400491714478,4.17942762374878,37.3389167785645,34.1209564208984,218.133926391602
"Reynoutria_japonica",7.5623603609,45.5623605689,2.33588576316833,32.6567115783691,27.9987182617188,5.72867774963379,-6.28448009490967,46.023998260498,23.5523567199707,212.771759033203
"Reynoutria_japonica",7.5623603609,51.3540272124,9.79200744628906,31.8558540344238,23.0471057891846,17.2553653717041,9.29401397705078,57.4752960205078,16.727575302124,282.829528808594
"Reynoutria_japonica",7.5623603609,59.5206938464,-0.361194491386414,26.2386531829834,25.2115592956543,0.0593960471451283,-5.3303370475769,54.6121406555176,28.1321830749512,322.696838378906
"Reynoutria_japonica",7.5623603609,60.2290271769,0.045139204710722,24.9873180389404,25.0339660644531,-4.02738523483276,3.42071676254272,41.4209899902344,23.2392730712891,216.775344848633
"Reynoutria_japonica",7.6040270274,47.6873605604,11.2682046890259,32.3230628967285,25.9380416870117,19.6286678314209,4.1833930015564,59.5377883911133,17.5907649993896,286.680480957031
"Reynoutria_japonica",7.6040270274,60.1873605104,0.0507678277790546,25.0331707000732,25.0698432922363,-4.02554798126221,-0.917199909687042,41.407527923584,23.2645702362061,223.990966796875
"Reynoutria_japonica",7.6456936939,46.0206939004,-3.17646360397339,33.2217483520508,26.6802253723145,3.39863514900208,-11.3476266860962,41.860424041748,18.9179782867432,203.134689331055
"Reynoutria_japonica",7.6873603604,46.1040272334,-3.98180198669434,33.3735046386719,26.4623794555664,4.32602214813232,-12.0708866119385,45.8503532409668,20.9799480438232,251.248382568359
"Reynoutria_japonica",7.6873603604,46.3123605659,7.71781492233276,32.045036315918,27.3713874816895,0.387807011604309,7.06331586837769,39.3023986816406,14.7213563919067,187.740051269531
"Reynoutria_japonica",7.6873603604,48.3956938909,11.7147521972656,31.9903240203857,25.5814476013184,20.0753688812256,4.68391561508179,41.1709175109863,28.9206275939941,251.111053466797
"Reynoutria_japonica",7.6873603604,53.4373605374,10.1992111206055,26.098669052124,19.8602638244629,16.9711570739746,5.78126287460327,42.1216926574707,23.9344367980957,248.040100097656
"Reynoutria_japonica",7.6873603604,53.6456938699,10.2361946105957,23.3085670471191,18.8688850402832,17.0168361663818,5.69819307327271,40.2411308288574,25.3361415863037,240.059295654297
"Reynoutria_japonica",7.7706936934,58.3540271844,6.50988721847534,23.0763740539551,21.6275100708008,3.56225562095642,8.97340488433838,83.5946350097656,29.6912422180176,331.504486083984
"Reynoutria_japonica",7.7706936934,60.9373605074,-1.87479257583618,24.2379493713379,25.2844047546387,2.91805958747864,-2.68908071517944,30.6440467834473,25.2583789825439,205.91943359375
"Reynoutria_japonica",7.7706936934,61.3123605059,4.19224691390991,23.4165420532227,26.0863246917725,-0.329214185476303,8.00681209564209,23.5529403686523,31.0086059570312,157.017028808594
"Reynoutria_japonica",7.8123603599,48.0206938924,11.5366649627686,32.0606460571289,25.8643779754639,18.4168453216553,4.44968128204346,52.9087982177734,22.1043891906738,281.921203613281
"Reynoutria_japonica",7.8123603599,48.3123605579,11.7094430923462,31.872579574585,25.7158679962158,20.0877895355225,3.4514148235321,47.0111999511719,27.1906661987305,276.801330566406
"Reynoutria_japonica",7.8540270264,51.2706938794,8.80482292175293,31.7710227966309,23.2224655151367,2.68655371665955,8.30163192749023,67.2139282226562,16.9651508331299,321.458831787109
"Reynoutria_japonica",7.8540270264,58.7706938494,5.31316566467285,25.6114845275879,24.1537971496582,1.82829964160919,4.08830881118774,68.8705902099609,28.094783782959,355.633697509766
"Reynoutria_japonica",7.8540270264,61.4373605054,-2.22638630867004,23.9197826385498,25.5319156646729,-2.05423855781555,1.412672996521,32.8847999572754,30.5243492126465,220.602813720703
"Reynoutria_japonica",7.8956936929,60.3540271764,0.506308615207672,24.7299137115479,25.3066635131836,5.27494430541992,-0.438277512788773,38.177318572998,22.7681789398193,223.327529907227
"Reynoutria_japonica",7.9373603594,46.9790272299,7.21531629562378,32.6569175720215,26.3400287628174,14.0080986022949,-1.05822587013245,115.019104003906,21.6072368621826,552.468872070312
"Reynoutria_japonica",7.9373603594,59.0206938484,3.2231023311615,26.1707420349121,24.9681701660156,3.68194055557251,-1.82887375354767,60.2977905273438,27.8371849060059,321.510498046875
"Reynoutria_japonica",7.9790270259,61.5206938384,-1.58740282058716,23.8304386138916,25.6481227874756,3.28877949714661,-2.2453191280365,25.9120941162109,29.9808464050293,181.527618408203
"Reynoutria_japonica",7.9790270259,62.4373605014,1.81135022640228,24.2919921875,23.0426254272461,-1.9307656288147,4.83114528656006,41.968563079834,30.728235244751,194.645278930664
"Reynoutria_japonica",8.0206936924,47.2290272289,9.81114959716797,32.4982795715332,26.3489398956299,18.2385692596436,2.61769890785217,85.0551528930664,21.0327053070068,413.660614013672
"Reynoutria_japonica",8.0206936924,47.2706938954,10.0128564834595,32.4821548461914,26.3232669830322,18.439640045166,2.82200002670288,78.326774597168,23.0412921905518,393.929595947266
"Reynoutria_japonica",8.0623603589,60.0623605109,0.190755754709244,25.2144813537598,25.3814010620117,4.95056772232056,-4.73357486724854,39.1588706970215,26.3921222686768,247.493270874023
"Reynoutria_japonica",8.1040270254,59.6456938459,1.50097095966339,25.8443984985352,25.629280090332,6.26061487197876,-3.51757979393005,51.6152496337891,24.7003307342529,304.957092285156
"Reynoutria_japonica",8.1456936919,48.1873605584,8.25356292724609,32.2775115966797,25.5600566864014,16.5260486602783,4.05976915359497,95.1007995605469,14.4331045150757,412.970916748047
"Reynoutria_japonica",8.1873603584,48.0623605589,6.96492862701416,32.5206871032715,25.5038585662842,0.120318397879601,2.76041889190674,93.0542144775391,12.1633996963501,395.58447265625
"Reynoutria_japonica",8.1873603584,62.3540271684,-1.75229609012604,24.5545291900635,23.8021354675293,-5.6332859992981,1.42766571044922,38.8420715332031,29.4389305114746,202.615158081055
"Reynoutria_japonica",8.2290270249,46.8540272304,8.79641056060791,32.1614685058594,26.6994075775146,17.3697280883789,4.8633770942688,77.5337448120117,31.7040100097656,495.021545410156
"Reynoutria_japonica",8.2290270249,50.6456938819,8.6577787399292,31.5112438201904,23.9540252685547,2.24751687049866,8.23992919921875,48.4887542724609,15.4140558242798,216.45637512207
"Reynoutria_japonica",8.2290270249,51.2290272129,8.61440467834473,31.542537689209,23.4335632324219,2.41389012336731,8.13352584838867,62.3740234375,17.007625579834,290.136474609375
"Reynoutria_japonica",8.2706936914,47.3540272284,10.7117643356323,32.3682479858398,26.4123497009277,19.1609439849854,3.47812557220459,65.1361923217773,23.2718086242676,336.432861328125
"Reynoutria_japonica",8.2706936914,58.3540271844,7.59195852279663,21.705753326416,21.4234352111816,8.40869140625,2.57990121841431,71.3875732421875,30.7233448028564,338.773834228516
"Reynoutria_japonica",8.2706936914,58.8123605159,4.82872724533081,25.0286464691162,23.9610919952393,5.37247371673584,-0.225316017866135,63.4385871887207,28.6294345855713,337.633483886719
"Reynoutria_japonica",8.2706936914,62.8956938329,5.11746263504028,23.7530612945557,20.3558959960938,2.02165961265564,7.46583843231201,76.3934097290039,25.8863487243652,330.053558349609
"Reynoutria_japonica",8.3540270244,40.6456939219,17.726957321167,18.1397876739502,17.3288269042969,16.0913047790527,24.2515659332275,2.67689418792725,62.9841613769531,40.9775085449219
"Reynoutria_japonica",8.3540270244,46.4790272319,0.765781164169312,32.6099548339844,26.378324508667,7.40567684173584,-7.42299127578735,104.922355651855,12.2385377883911,429.760925292969
"Reynoutria_japonica",8.3540270244,48.7290272229,10.1719923019409,31.554759979248,25.4882621765137,18.5614376068115,6.00486278533936,67.5416488647461,12.6262578964233,289.390686035156
"Reynoutria_japonica",8.3956936909,40.7706939214,17.6040229797363,18.1184539794922,17.3441886901855,15.950403213501,24.1480369567871,2.7589647769928,62.6403617858887,23.4816951751709
"Reynoutria_japonica",8.4373603574,47.2290272289,10.9452304840088,32.200252532959,26.6159248352051,19.4572849273682,2.48216152191162,67.2158126831055,31.0484390258789,414.549560546875
"Reynoutria_japonica",8.4373603574,55.9790271939,9.21491718292236,22.8323173522949,19.0806503295898,10.5092267990112,4.43462753295898,43.3751525878906,28.9886798858643,247.491668701172
"Reynoutria_japonica",8.4373603574,58.6873605164,6.43560409545898,23.6159019470215,23.1394634246826,7.06586647033691,1.35331130027771,66.0984497070312,28.7251396179199,336.419311523438
"Reynoutria_japonica",8.4373603574,59.2706938474,4.86288452148438,25.7059440612793,25.6140804290771,5.19190120697021,-0.270432859659195,44.5286598205566,27.498607635498,253.856842041016
"Reynoutria_japonica",8.4373603574,62.3956938349,0.731322765350342,24.4918842315674,24.0985698699951,-3.23365187644958,3.97725176811218,30.6456470489502,23.3790493011475,169.017883300781
"Reynoutria_japonica",8.4790270239,46.7290272309,0.0581046342849731,32.9102783203125,26.0263252258301,8.3142204284668,-7.99964714050293,98.3425903320312,21.881706237793,529.981750488281
"Reynoutria_japonica",8.5206936904,61.3123605059,-0.449468702077866,23.7673816680908,26.0181560516357,8.05831241607666,-5.31634998321533,28.8022594451904,32.2819862365723,226.077087402344
"Reynoutria_japonica",8.6040270234,42.1873605824,16.5097579956055,20.7484283447266,18.1587867736816,11.8459072113037,23.2695121765137,10.3285646438599,54.1175804138184,56.821647644043
"Reynoutria_japonica",8.6040270234,46.6040272314,0.43277645111084,32.6966819763184,26.210334777832,7.01892042160034,-7.70756387710571,97.6073379516602,19.4496555328369,512.350219726562
"Reynoutria_japonica",8.6456936899,46.8956938969,7.937180519104,32.1442642211914,26.6770915985107,16.4845199584961,-0.495960831642151,103.292991638184,25.09547996521,554.222900390625
"Reynoutria_japonica",8.6456936899,47.3123605619,9.4716157913208,32.4402770996094,26.4773845672607,17.91628074646,1.07377576828003,89.7802352905273,29.3222637176514,528.3271484375
"Reynoutria_japonica",8.6873603564,40.6040272554,15.871561050415,22.8842449188232,19.0333442687988,11.3394584655762,22.642728805542,3.79350590705872,59.8665580749512,33.8659744262695
"Reynoutria_japonica",8.6873603564,55.7290271949,9.17917346954346,24.1180362701416,19.6453075408936,6.93320798873901,4.40133810043335,44.415340423584,28.0203495025635,220.643951416016
"Reynoutria_japonica",8.7290270229,62.6040271674,1.39794790744781,24.6191215515137,23.3082809448242,-2.35417413711548,4.42814111709595,41.2383041381836,20.5646667480469,218.376098632812
"Reynoutria_japonica",8.7706936894,44.5623605729,11.2687587738037,27.8274459838867,25.2349452972412,11.9688692092896,19.8010559082031,42.8191986083984,40.4616661071777,159.705596923828
"Reynoutria_japonica",8.7706936894,46.6456938979,2.10354781150818,32.4610176086426,26.3932991027832,10.5189237594604,-6.12768936157227,66.8339767456055,22.8520660400391,397.616271972656
"Reynoutria_japonica",8.7706936894,47.3123605619,10.3545551300049,32.3095359802246,26.6304378509521,18.8507919311523,3.04279851913452,75.4755783081055,29.7498359680176,450.832366943359
"Reynoutria_japonica",8.7706936894,62.8540271664,2.71709513664246,24.3871898651123,21.6831722259521,-0.655927896499634,5.34831857681274,67.8304977416992,23.5165996551514,313.840179443359
"Reynoutria_japonica",8.8123603559,44.9790272379,14.7832956314087,30.5308418273926,29.3015804290771,15.101749420166,24.2269325256348,43.595386505127,30.2395534515381,149.199996948242
"Reynoutria_japonica",8.8123603559,63.6040271634,7.41031551361084,20.4016990661621,16.2224941253662,5.24825429916382,8.76164531707764,61.5472946166992,25.2536182403564,303.178344726562
"Reynoutria_japonica",8.8540270224,47.1873605624,10.4015169143677,32.2592353820801,26.7514247894287,18.95924949646,1.88889098167419,72.235954284668,37.1448516845703,510.2314453125
"Reynoutria_japonica",8.8540270224,55.9373605274,9.07365322113037,25.5088424682617,20.3240566253662,6.69274520874023,4.3043794631958,45.0774574279785,26.10622215271,225.715957641602
"Reynoutria_japonica",8.8540270224,56.8123605239,9.14606857299805,20.3298797607422,18.6476421356201,10.3978385925293,4.3151421546936,41.7643280029297,24.8335800170898,194.206878662109
"Reynoutria_japonica",8.8956936889,40.3956939229,13.3444957733154,26.1980400085449,20.3600749969482,8.72801208496094,20.2359256744385,7.13364696502686,58.5206031799316,55.5951042175293
"Reynoutria_japonica",8.8956936889,45.8123605679,12.390700340271,31.2228813171387,29.1465320587158,16.3226528167725,3.16674518585205,63.5583992004395,27.7524547576904,392.160919189453
"Reynoutria_japonica",8.8956936889,46.8123605639,-1.63158667087555,33.1446533203125,25.8995208740234,6.55632162094116,-9.6238489151001,95.4512023925781,22.2522354125977,519.285827636719
"Reynoutria_japonica",8.8956936889,56.0206938604,8.8816499710083,25.7041511535645,20.4337596893311,6.47788381576538,4.11188411712646,47.1041870117188,25.5598011016846,229.65119934082
"Reynoutria_japonica",8.9373603554,42.4373605814,7.40664529800415,21.3583297729492,18.174898147583,2.81939125061035,14.1054210662842,13.7552938461304,53.1798057556152,69.2107315063477
"Reynoutria_japonica",8.9373603554,42.4790272479,7.61298274993896,20.9140853881836,18.0308990478516,3.02994823455811,14.3048028945923,13.7186822891235,54.2501487731934,71.7820281982422
"Reynoutria_japonica",8.9373603554,45.8540272344,12.079363822937,31.2372131347656,29.0353298187256,15.9890871047974,2.89191055297852,61.4117660522461,29.8929710388184,388.395660400391
"Reynoutria_japonica",8.9373603554,47.7706938934,10.4379205703735,32.1658401489258,26.4756698608398,18.9097938537598,6.0786919593811,50.9954833984375,26.7333965301514,293.65234375
"Reynoutria_japonica",8.9373603554,48.6040272234,9.40667247772217,31.5162582397461,25.8155574798584,17.8531074523926,5.17913722991943,53.2546806335449,26.619140625,293.360168457031
"Reynoutria_japonica",8.9790270219,39.8123605919,16.1570663452148,25.6018314361572,20.4324054718018,11.4748468399048,23.117919921875,9.72178840637207,59.7580871582031,50.1957664489746
"Reynoutria_japonica",8.9790270219,42.4373605814,8.0338191986084,21.3901958465576,18.2628154754639,6.10490846633911,14.7641696929932,13.4867763519287,53.3466339111328,66.7511520385742
"Reynoutria_japonica",8.9790270219,45.3956939029,14.2793598175049,31.3294105529785,30.2409019470215,14.4799652099609,4.73756408691406,52.6913871765137,24.9191703796387,230.735534667969
"Reynoutria_japonica",8.9790270219,46.0206939004,11.3908700942993,31.1961154937744,28.5961685180664,18.8122863769531,2.33937883377075,54.3759078979492,35.7735748291016,461.450164794922
"Reynoutria_japonica",9.0206936884,63.3123604979,6.15136957168579,23.152660369873,18.8663063049316,3.39679861068726,8.14110088348389,68.4258804321289,27.1215057373047,271.406494140625
"Reynoutria_japonica",9.0623603549,46.0623605669,7.22471141815186,31.7394065856934,28.0521793365479,14.3962116241455,-1.58197331428528,63.1574592590332,37.5306968688965,548.920837402344
"Reynoutria_japonica",9.1040270214,44.9790272379,14.208438873291,30.6177959442139,29.4074459075928,14.5565567016602,23.6675395965576,46.9412689208984,32.5987358093262,156.078109741211
"Reynoutria_japonica",9.1040270214,53.9790272019,9.76181602478027,28.901237487793,21.76491355896,16.7892169952393,5.23062610626221,41.4500694274902,26.5986232757568,256.995483398438
"Reynoutria_japonica",9.1040270214,54.7290271989,9.49443626403809,27.1763095855713,21.0030403137207,16.4867935180664,4.82431364059448,40.8030128479004,26.9558620452881,245.364227294922
"Reynoutria_japonica",9.1040270214,59.1873605144,6.73809099197388,24.5923862457275,25.2494010925293,7.13521718978882,1.49941325187683,46.0907287597656,31.8468399047852,309.672760009766
"Reynoutria_japonica",9.1456936879,44.6456939059,9.81083488464355,28.9535484313965,26.2366771697998,10.5047121047974,18.5128517150879,41.5965156555176,33.7264137268066,151.045166015625
"Reynoutria_japonica",9.2290270209,42.4373605814,14.9036226272583,20.444091796875,18.5663528442383,12.8043327331543,21.8493137359619,15.154447555542,45.7292366027832,69.9898376464844
"Reynoutria_japonica",9.2290270209,45.6873605684,13.2040328979492,31.353609085083,29.715690612793,20.8653125762939,3.82158279418945,58.3062591552734,26.507682800293,319.452880859375
"Reynoutria_japonica",9.2290270209,46.3123605659,5.99873208999634,31.7881927490234,27.4906826019287,14.8205633163452,-2.63449716567993,59.1574592590332,37.0540962219238,523.718139648438
"Reynoutria_japonica",9.2706936874,41.1040272534,17.1957015991211,21.0164642333984,18.8326110839844,15.2985649108887,24.1124019622803,5.80442333221436,56.623462677002,33.8587303161621
"Reynoutria_japonica",9.2706936874,46.0206939004,13.0426301956177,31.0729808807373,28.8940258026123,20.5730152130127,3.86724090576172,51.8969421386719,32.0004386901855,365.56640625
"Reynoutria_japonica",9.2706936874,61.8123605039,2.8795108795166,24.0310726165771,26.4630298614502,12.526611328125,-2.11963129043579,14.1021175384521,40.567211151123,149.379760742188
"Reynoutria_japonica",9.2706936874,62.1040271694,0.552931010723114,24.5169715881348,25.9292430877686,9.91966724395752,-4.37463045120239,15.8416938781738,37.1309661865234,158.169311523438
"Reynoutria_japonica",9.3540270204,42.6456939139,15.697826385498,17.9057025909424,17.905252456665,13.5947933197021,22.6495742797852,12.4656944274902,43.8337898254395,66.8070602416992
"Reynoutria_japonica",9.3540270204,47.3123605619,6.91972970962524,32.8371925354004,26.6826171875,15.3678464889526,3.09350895881653,93.8832015991211,33.1403579711914,618.596313476562
"Reynoutria_japonica",9.3540270204,56.6456938579,8.93157958984375,24.2567806243896,20.3615627288818,10.0019311904907,4.09669828414917,41.7936935424805,23.4109706878662,219.669372558594
"Reynoutria_japonica",9.3956936869,42.2706939154,13.9456052780151,20.5777645111084,18.6663246154785,11.8622446060181,20.9136409759521,15.0563764572144,49.2479820251465,67.7664947509766
"Reynoutria_japonica",9.3956936869,42.8123605799,12.3340215682983,16.6970195770264,17.4142398834229,10.3046255111694,19.1947898864746,10.4608001708984,48.0324440002441,63.8327560424805
"Reynoutria_japonica",9.3956936869,45.4373605694,14.2743196487427,31.4400405883789,30.3446578979492,14.4707174301147,4.69442367553711,54.9579277038574,23.4275379180908,236.732513427734
"Reynoutria_japonica",9.3956936869,46.0623605669,7.31835889816284,31.7852783203125,28.1819381713867,14.5130319595337,-1.52541184425354,61.3241424560547,37.1226539611816,508.187866210938
"Reynoutria_japonica",9.4373603534,46.1040272334,6.33806228637695,31.8546810150146,28.0044326782227,13.4634571075439,-2.43326115608215,76.1993408203125,32.6176948547363,567.274475097656
"Reynoutria_japonica",9.4373603534,62.8540271664,1.10286629199982,25.1510066986084,23.1969985961914,-2.5408296585083,4.01274681091309,42.4609870910645,22.5467224121094,236.350402832031
"Reynoutria_japonica",9.4790270199,45.0623605709,14.6467761993408,31.0690803527832,30.2736473083496,14.9559698104858,24.304817199707,53.6468696594238,23.4651298522949,179.078872680664
"Reynoutria_japonica",9.4790270199,46.5206938984,0.773005068302155,32.5108184814453,26.7310390472412,9.28066825866699,-7.53198432922363,46.1849403381348,44.2271537780762,478.031890869141
"Reynoutria_japonica",9.5206936864,56.6456938579,8.83890914916992,24.5351867675781,20.6470394134521,6.34449577331543,3.98647832870483,40.4123306274414,22.7443962097168,206.179290771484
"Reynoutria_japonica",9.5206936864,58.9373605154,7.88293027877808,21.9082984924316,23.5830783843994,8.51953601837158,2.57290816307068,59.7366600036621,29.3671436309814,293.533538818359
"Reynoutria_japonica",9.5623603529,46.6456938979,5.91404008865356,32.0127372741699,27.1611099243164,14.6239604949951,-2.63357782363892,37.650634765625,37.6609344482422,297.683654785156
"Reynoutria_japonica",9.6040270194,61.2706938394,1.24243175983429,24.5167369842529,26.4551811218262,10.8321180343628,-3.80882525444031,28.919246673584,37.8400382995605,248.985870361328
"Reynoutria_japonica",9.7290270189,48.1456938919,9.21334266662598,31.9288902282715,26.5609035491943,17.7501373291016,0.674988210201263,40.1953887939453,37.7017860412598,306.646789550781
"Reynoutria_japonica",9.7706936854,56.4790271919,8.82416439056396,24.8427314758301,21.1003665924072,6.25444078445435,3.91574740409851,39.5250816345215,22.7206439971924,205.569885253906
"Reynoutria_japonica",9.8123603519,44.1873605744,14.2627115249634,27.5964298248291,26.0183982849121,10.5189380645752,23.0180435180664,29.7520942687988,43.2843437194824,119.08235168457
"Reynoutria_japonica",9.8123603519,44.3956939069,9.78043746948242,29.4985694885254,27.2186164855957,5.92475271224976,18.6687393188477,43.0174102783203,43.024227142334,166.346923828125
"Reynoutria_japonica",9.8123603519,46.9790272299,3.01905727386475,32.9379005432129,26.8203201293945,11.5009517669678,-1.4686461687088,87.8233413696289,27.5060729980469,501.587951660156
"Reynoutria_japonica",9.8123603519,47.3956938949,6.78473281860352,32.965446472168,26.9765548706055,15.2951040267944,-1.68855690956116,102.315101623535,36.5250587463379,713.438232421875
"Reynoutria_japonica",9.8123603519,47.4373605614,7.92573308944702,32.8059425354004,27.0784568786621,16.4756965637207,-0.602767050266266,99.6273880004883,36.5768623352051,697.343811035156
"Reynoutria_japonica",9.8123603519,56.5623605249,8.8829517364502,24.4722385406494,20.9872283935547,6.32584953308105,3.9654712677002,38.0427284240723,22.4042377471924,196.561508178711
"Reynoutria_japonica",9.8123603519,59.9373605114,6.38484573364258,25.7954025268555,27.6833324432373,11.304892539978,1.01829326152802,35.5789184570312,31.7134666442871,252.27783203125
"Reynoutria_japonica",9.8956936849,45.5623605689,13.7882976531982,31.2906475067139,29.9725761413574,21.4887390136719,4.31250476837158,52.3347778320312,24.8706951141357,299.915588378906
"Reynoutria_japonica",9.8956936849,46.6873605644,-1.15993010997772,32.8608055114746,26.584753036499,7.25512170791626,-9.37420654296875,46.4883766174316,41.7481155395508,392.007507324219
"Reynoutria_japonica",9.9373603514,44.4373605734,10.6641311645508,29.9732303619385,27.9824295043945,6.67337417602539,19.7143325805664,48.0030136108398,32.8398742675781,175.059112548828
"Reynoutria_japonica",9.9373603514,44.4790272399,9.65212631225586,30.2728157043457,28.100772857666,5.66367387771606,18.7017059326172,46.3671531677246,38.5641593933105,172.213745117188
"Reynoutria_japonica",9.9373603514,45.3956939029,14.3529739379883,31.2597999572754,30.2890529632568,14.5902853012085,4.75615215301514,54.3274345397949,20.0563583374023,256.376953125
"Reynoutria_japonica",9.9790270179,47.6040272274,8.52583312988281,32.7274208068848,27.0898628234863,17.0979614257812,4.57436418533325,100.704566955566,29.4586544036865,590.795959472656
"Reynoutria_japonica",-0.0044107281722745,42.6096666391054,6.4887523651123,37.7063636779785,25.8873500823975,3.23562049865723,14.2599697113037,56.7439994812012,21.8336086273193,203.002822875977
"Reynoutria_japonica",-0.00619845599693747,47.3354440584373,12.2474184036255,36.362922668457,22.6206684112549,6.64950561523438,18.6272621154785,47.9790115356445,14.0724010467529,156.014022827148
"Reynoutria_japonica",-0.0249271849877086,42.8528638807907,7.2454137802124,37.6203956604004,25.4329128265381,1.17298519611359,14.3905019760132,72.4797134399414,12.9497537612915,234.522827148438
"Reynoutria_japonica",-0.0288633208777167,42.8212489381551,4.86647272109985,37.8272705078125,25.3780326843262,-1.12381649017334,11.980616569519,75.0194854736328,13.2711811065674,237.542114257812
"Reynoutria_japonica",-0.0433668042273663,42.7064727163915,1.60937774181366,38.1714019775391,25.4037094116211,-1.44578039646149,8.71090412139893,78.9646148681641,17.184778213501,268.163665771484
"Reynoutria_japonica",-0.0949335999174235,42.9837813543099,10.6721620559692,37.5269088745117,25.300537109375,4.52368927001953,17.7857761383057,67.2981643676758,15.5493040084839,214.445465087891
"Reynoutria_japonica",-0.105908320547748,42.8900676151846,7.19888973236084,37.7488174438477,25.303596496582,1.15809869766235,14.2956848144531,73.9947280883789,16.2169303894043,239.31201171875
"Reynoutria_japonica",-0.125411627833783,43.4720134982752,13.931077003479,37.564998626709,24.4081687927246,7.88500833511353,20.7625751495361,59.8821640014648,17.41135597229,199.933654785156
"Reynoutria_japonica",-0.128169032698173,52.9208864054981,10.6175546646118,33.3460731506348,17.8401031494141,16.3752727508545,6.99638271331787,39.0813179016113,16.4557437896729,175.19416809082
"Reynoutria_japonica",-0.133512519444681,42.7292287862474,3.55965924263,38.0700721740723,25.4227485656738,0.453962415456772,10.6776676177979,63.0137405395508,19.1727657318115,212.634262084961
"Reynoutria_japonica",-0.143066680250939,52.2727029020386,10.6302909851074,34.9879035949707,18.7918014526367,16.5626316070557,6.96262407302856,34.7325172424316,16.5893306732178,158.578628540039
"Reynoutria_japonica",-0.146132070123532,53.5419010470227,10.3968362808228,29.0259189605713,15.6475286483765,8.58275318145752,6.79838752746582,39.4219284057617,14.3618745803833,166.384750366211
"Reynoutria_japonica",-0.154116005242694,53.3157049450201,10.0299062728882,31.1898612976074,16.6306743621826,8.05848121643066,6.42876243591309,45.5054130554199,14.8619966506958,187.415252685547
"Reynoutria_japonica",-0.155861922080467,47.9467599842335,11.9434299468994,36.7113418579102,22.2845458984375,6.45805025100708,18.7738361358643,48.5424919128418,17.612886428833,156.519149780273
"Reynoutria_japonica",-0.159302143758918,42.8018192901291,2.01378870010376,38.1793937683105,25.1740341186523,0.625148117542267,9.03907299041748,87.2921447753906,13.976001739502,286.709655761719
"Reynoutria_japonica",-0.16648430805655,42.854623473316,4.45127534866333,37.9789657592773,25.2298927307129,3.12301969528198,11.5059719085693,79.2457427978516,14.1244325637817,256.27490234375
"Reynoutria_japonica",-0.18505330840909,53.4203035119355,9.96330738067627,30.5492763519287,16.2768001556396,8.03944969177246,6.36872291564941,41.3301658630371,13.7066650390625,168.068420410156
"Reynoutria_japonica",-0.18580023703792,42.8205304315237,2.16257572174072,38.2197799682617,25.1609134674072,-3.69525980949402,9.18097114562988,80.5933151245117,15.2814817428589,265.326293945312
"Reynoutria_japonica",-0.188814900876499,49.2188626861397,11.8457765579224,28.2525596618652,16.1835956573486,10.1143283843994,8.15539932250977,43.0830116271973,18.7452487945557,160.539855957031
"Reynoutria_japonica",-0.210785532360928,42.9797469390912,7.9198956489563,37.8580627441406,25.0910778045654,1.90572714805603,14.9512786865234,78.7247085571289,18.3268203735352,257.941101074219
"Reynoutria_japonica",-0.223442104893513,47.3635377154662,12.4239730834961,36.593376159668,22.4857330322266,6.87835264205933,19.3181629180908,40.8530807495117,13.9415655136108,131.699111938477
"Reynoutria_japonica",-0.224904662272934,42.7043888723494,3.68291306495667,38.149829864502,25.4827690124512,-2.30210661888123,10.811939239502,74.6770858764648,20.470329284668,264.780059814453
"Reynoutria_japonica",-0.228155750385422,43.4205302012274,13.676173210144,37.5967445373535,24.4065399169922,7.64397478103638,20.5011882781982,65.2291793823242,18.0751094818115,220.879150390625
"Reynoutria_japonica",-0.24171510628082,53.9471358574383,10.2436628341675,26.028829574585,14.5541925430298,8.62691879272461,6.66930675506592,41.7060699462891,16.9646911621094,193.531951904297
"Reynoutria_japonica",-0.252643516873352,43.0439588020517,10.7738409042358,37.737003326416,25.0172805786133,9.62754821777344,17.8008327484131,81.5991516113281,15.0535793304443,264.490814208984
"Reynoutria_japonica",-0.257506146447112,51.9344524551923,10.4338693618774,35.0848121643066,18.8814487457275,5.98677015304565,6.74320793151855,36.4410362243652,15.0564250946045,156.562728881836
"Reynoutria_japonica",-0.262532677452322,53.2308211996646,10.447566986084,32.5132713317871,17.2712745666504,16.092700958252,6.85500860214233,42.351432800293,15.1658506393433,182.855911254883
"Reynoutria_japonica",-0.264989490542062,42.6968808406762,4.69021368026733,38.1025505065918,25.5186634063721,-1.33837807178497,11.8407688140869,79.494026184082,19.8692378997803,280.163208007812
"Reynoutria_japonica",-0.273783523507209,48.0754510528507,11.2096576690674,36.7824974060059,21.968225479126,5.83265399932861,17.9265098571777,56.2009429931641,18.5532703399658,181.932983398438
"Reynoutria_japonica",-0.274054374341173,53.4724307296113,9.75882148742676,30.8544387817383,16.413402557373,15.2419414520264,6.17279672622681,44.8778343200684,13.8858156204224,188.004516601562
"Reynoutria_japonica",-0.283838396464898,42.8008676234484,1.05645608901978,38.4082145690918,25.052677154541,-4.74886894226074,8.03690338134766,81.4553375244141,20.1172657012939,273.561309814453
"Reynoutria_japonica",-0.289887916082254,48.5442262388951,10.760479927063,35.8127975463867,20.3929977416992,5.76289749145508,12.7623271942139,53.7731781005859,19.6785984039307,184.946731567383
"Reynoutria_japonica",-0.293244982682374,42.9882677704717,7.31542205810547,37.9353713989258,25.0272846221924,1.33563446998596,14.3180723190308,80.6351089477539,18.764461517334,265.08837890625
"Reynoutria_japonica",-0.300872176906349,44.4307686666356,14.0248117446899,37.1468544006348,23.1192665100098,8.19415950775146,20.4995975494385,54.7513427734375,17.1141414642334,188.533554077148
"Reynoutria_japonica",-0.303498025380367,51.100527679576,10.8500757217407,33.6796951293945,17.6293258666992,6.75985717773438,12.1962308883667,52.0655059814453,20.9821701049805,182.167053222656
"Reynoutria_japonica",-0.305812930170848,43.067253763201,9.39010334014893,37.8772506713867,24.9118480682373,8.21373653411865,16.3745021820068,92.5772247314453,15.5437488555908,302.414123535156
"Reynoutria_japonica",-0.310932781594813,49.0879405396785,11.6029510498047,30.0010433197021,16.7661094665527,9.74820041656494,7.92141819000244,48.5324249267578,16.8572311401367,180.236236572266
"Reynoutria_japonica",-0.320276730931832,48.2847123908714,10.7240686416626,36.6962776184082,21.4230499267578,5.49602508544922,17.2840404510498,54.5497436523438,17.714786529541,180.893173217773
"Reynoutria_japonica",-0.335135461680363,45.2629838305436,13.3317708969116,36.656120300293,22.7091941833496,7.59757471084595,19.716625213623,45.3229179382324,21.1367073059082,171.802917480469
"Reynoutria_japonica",-0.352077134872378,53.6282762752826,10.2520751953125,30.2695274353027,16.1033878326416,15.6794290542603,6.68175840377808,38.1991539001465,14.6591892242432,176.264099121094
"Reynoutria_japonica",-0.355386416500394,48.815451177128,11.0335540771484,33.9466781616211,18.7787475585938,8.77774906158447,12.7535591125488,50.8281402587891,16.7374324798584,188.751159667969
"Reynoutria_japonica",-0.374452171096879,42.9208385677146,4.12679100036621,38.2361221313477,24.9101181030273,-1.73405015468597,11.0810232162476,93.4232482910156,19.9322738647461,313.218170166016
"Reynoutria_japonica",-0.403739006242491,42.8912704947273,5.73754262924194,38.1440887451172,25.0599632263184,-0.20278899371624,12.7431221008301,84.3146362304688,21.3397350311279,286.018341064453
"Reynoutria_japonica",-0.405950424325223,42.6753559783356,3.54026985168457,38.3041687011719,25.3870124816895,0.428192973136902,10.6424379348755,77.96630859375,19.9587993621826,268.963104248047
"Reynoutria_japonica",-0.409226445683247,49.2851739510449,11.6991586685181,26.7798194885254,15.4505796432495,10.1366634368896,8.02777862548828,45.9209403991699,18.8775005340576,169.123107910156
"Reynoutria_japonica",-0.415326466693605,53.6059495480913,10.1047124862671,30.9531726837158,16.3821449279785,8.13733768463135,6.53845310211182,42.1485176086426,15.0438547134399,196.593231201172
"Reynoutria_japonica",-0.432463556081046,42.6452895584444,7.17419672012329,37.9834289550781,25.6888465881348,3.91678905487061,14.8532943725586,55.3968963623047,28.457706451416,202.976760864258
"Reynoutria_japonica",-0.442999249087505,42.7035770644412,3.85341644287109,38.3036766052246,25.3822402954102,0.730191469192505,11.3837461471558,69.6826324462891,24.1281604766846,246.939300537109
"Reynoutria_japonica",-0.448970122432703,42.8287611792295,3.79603219032288,38.333251953125,25.1039352416992,-2.09986186027527,10.8062982559204,85.7500228881836,19.2726593017578,289.273315429688
"Reynoutria_japonica",-0.451884072618972,49.1873317711573,11.683783531189,28.2099323272705,15.943265914917,10.0140628814697,12.911904335022,45.5299758911133,19.766881942749,164.541366577148
"Reynoutria_japonica",-0.454206780903915,43.1428896951991,13.1095285415649,37.755973815918,24.7627773284912,7.02773332595825,20.0622730255127,79.3827743530273,18.7972278594971,267.226928710938
"Reynoutria_japonica",-0.464024950209277,43.0450070392489,9.05144691467285,38.0137596130371,24.7446765899658,3.08562994003296,15.9774742126465,87.1675262451172,17.7493228912354,287.612243652344
"Reynoutria_japonica",-0.467925912316801,46.596101180691,11.6494998931885,36.7882652282715,22.2626647949219,6.20814275741577,17.8849143981934,54.2161865234375,23.1060886383057,174.587478637695
"Reynoutria_japonica",-0.49527927455822,49.1548965839784,11.5991477966309,28.890323638916,16.152811050415,9.88718700408936,16.9441757202148,46.4710578918457,19.2242794036865,166.020706176758
"Reynoutria_japonica",-0.498095834097741,42.6030858243039,9.07375431060791,37.8099632263184,25.9138240814209,2.82260870933533,16.8409309387207,59.6027297973633,25.0406246185303,221.151824951172
"Reynoutria_japonica",-0.508679424396805,42.9514688327342,4.57497596740723,38.3213958740234,24.8130149841309,-1.2671434879303,11.4903583526611,97.4890365600586,22.6857585906982,331.817596435547
"Reynoutria_japonica",-0.512315556534833,43.1975022464737,13.5911102294922,37.7977333068848,24.5741653442383,7.52869033813477,20.4869918823242,71.1037139892578,22.3849773406982,242.424468994141
"Reynoutria_japonica",-0.522300661143509,53.4432598728102,10.3365507125854,32.8472061157227,17.2510318756104,15.9570055007935,5.53178215026855,35.9792938232422,15.3670091629028,173.414123535156
"Reynoutria_japonica",-0.52562699732607,42.7389829370235,6.36802530288696,38.1713104248047,25.3851108551025,3.19061660766602,13.4792852401733,69.8344497680664,23.9732360839844,243.551147460938
"Reynoutria_japonica",-0.535669025646417,42.6180454271537,9.76529788970947,37.764835357666,25.9368267059326,6.41186809539795,17.0704479217529,58.1973648071289,24.784595489502,215.135055541992
"Reynoutria_japonica",-0.537642937168419,43.0394841004606,7.42844247817993,38.1409339904785,24.7446403503418,1.51651608943939,14.3413906097412,84.4622116088867,26.0850772857666,289.832366943359
"Reynoutria_japonica",-0.548100282791692,50.9467069076213,11.2438974380493,32.9556694030762,17.0653457641602,7.2676362991333,12.523265838623,40.8880920410156,23.6415042877197,147.067474365234
"Reynoutria_japonica",-0.548927416630232,42.8858214211542,8.81599807739258,38.0346870422363,25.0898170471191,2.77904152870178,15.8440380096436,76.7449417114258,22.1502380371094,261.138916015625
"Reynoutria_japonica",-0.551496462519795,44.767791620035,14.2219829559326,36.3587417602539,22.1590690612793,8.60631847381592,20.5269412994385,44.8720016479492,20.0505752563477,154.701171875
"Reynoutria_japonica",-0.562810486598547,43.1640582683321,13.6695928573608,37.8086967468262,24.6419849395752,7.61735820770264,20.5864562988281,74.3191528320312,19.5554676055908,252.942108154297
"Reynoutria_japonica",-0.573053363956118,43.0114396786422,9.49921894073486,38.0455436706543,24.7948322296143,3.51573014259338,16.439338684082,81.0923309326172,25.6184940338135,278.124420166016
"Reynoutria_japonica",-0.580795955734279,44.9327987834137,14.1807765960693,36.2926177978516,22.1051006317139,8.57307910919189,20.4704151153564,44.3695068359375,21.586498260498,153.824188232422
"Reynoutria_japonica",-0.583380441554866,54.3764701793999,9.2498197555542,25.195743560791,14.015604019165,7.70348262786865,5.73489570617676,39.6779289245605,15.6455669403076,171.890731811523
"Reynoutria_japonica",-0.59380063444191,42.6787342403992,8.22792720794678,38.0495529174805,25.5430583953857,2.09262132644653,15.8477764129639,56.4980697631836,31.3994750976562,208.567993164062
"Reynoutria_japonica",-0.595000070233874,48.5410194641481,11.2694578170776,35.8301086425781,20.0104370117188,6.39685964584351,17.4502067565918,54.5500221252441,22.0064868927002,182.452896118164
"Reynoutria_japonica",-0.605789914094697,45.6002122384452,13.3859481811523,36.2140197753906,21.8424377441406,7.90088653564453,19.595588684082,46.8220252990723,23.6166934967041,156.727630615234
"Reynoutria_japonica",-0.630467457857227,49.2800260158584,11.6979913711548,26.2242984771729,15.0263528823853,10.2392234802246,12.7401161193848,47.0787773132324,20.5828227996826,171.206298828125
"Reynoutria_japonica",-0.645264522640183,54.2505957745221,9.04208374023438,27.7542362213135,14.708179473877,7.3532280921936,5.53183698654175,50.3302574157715,18.1519603729248,228.523956298828
"Reynoutria_japonica",-0.651473556010034,44.9839820680954,14.0622777938843,35.9671325683594,21.6864929199219,8.54849433898926,20.2906723022461,44.17919921875,22.4333763122559,152.740051269531
"Reynoutria_japonica",-0.653719037271163,49.1220726877646,11.289249420166,29.326587677002,16.1448650360107,9.59182929992676,12.5273418426514,54.3343048095703,19.680757522583,193.221740722656
"Reynoutria_japonica",-0.656076013864961,42.9732243380236,9.61709499359131,38.108268737793,24.8175163269043,3.61938047409058,16.568359375,77.1062545776367,20.2119331359863,256.608764648438
"Reynoutria_japonica",-0.659676048184879,48.479744602324,11.4076356887817,35.9725532531738,20.149730682373,6.50548362731934,17.6149959564209,52.2761421203613,21.7336597442627,175.157836914062
"Reynoutria_japonica",-0.660953261899349,42.7280895302743,7.52383947372437,38.1650085449219,25.3616676330566,1.45454275608063,15.0677051544189,60.1430587768555,31.4925880432129,217.566024780273
"Reynoutria_japonica",-0.664653954185608,52.4584607310256,10.1607732772827,35.4377021789551,18.9349746704102,16.0956649780273,6.54004096984863,40.813835144043,14.7070989608765,170.444244384766
"Reynoutria_japonica",-0.678672389007293,48.6339327839161,10.9700031280518,35.0526313781738,19.189826965332,6.30009269714355,16.9467582702637,60.0956230163574,24.2552337646484,199.251388549805
"Reynoutria_japonica",-0.682736935095308,43.0148683424054,9.95453262329102,38.1121826171875,24.6903820037842,3.98275780677795,16.8659248352051,84.1756210327148,20.376636505127,283.371002197266
"Reynoutria_japonica",-0.688833651662096,46.6481154303432,12.0023593902588,36.6467514038086,21.9210624694824,9.19464015960693,18.6676349639893,49.0424461364746,25.8213481903076,161.946441650391
"Reynoutria_japonica",-0.708735781401915,53.7799591078853,10.2953195571899,32.4306144714355,16.8724040985107,15.8111782073975,6.77770376205444,35.9043769836426,16.9943599700928,189.551147460938
"Reynoutria_japonica",-0.713371014069391,42.986458856562,5.85394191741943,38.4610023498535,24.5641708374023,-0.0908408164978027,12.7017583847046,101.041130065918,20.6408042907715,342.728088378906
"Reynoutria_japonica",-0.727044245705402,42.7975425156659,6.71320486068726,38.3560485839844,25.0406303405762,0.750145852565765,14.1305742263794,67.798210144043,28.3884944915771,234.67350769043
"Reynoutria_japonica",-0.750087881737537,54.4633652067513,9.20060634613037,26.2010097503662,14.1538352966309,7.5995044708252,5.71271705627441,40.0796241760254,17.4050254821777,189.250457763672
"Reynoutria_japonica",-0.785357463950804,50.8261733021268,11.3889236450195,31.8435878753662,16.432300567627,7.53730821609497,12.5781145095825,46.6243743896484,25.5261669158936,181.975631713867
"Reynoutria_japonica",-0.786594724504907,45.8770018777183,13.3812856674194,35.5411911010742,21.1663799285889,8.08377265930176,19.9156608581543,45.8871536254883,24.6631240844727,148.365844726562
"Reynoutria_japonica",-0.786995843363396,42.7377783869559,10.0818386077881,38.0857543945312,25.4062690734863,3.92326736450195,17.6581726074219,56.4607048034668,28.4917602539062,199.995300292969
"Reynoutria_japonica",-0.790769786203992,48.9996476932807,10.6865835189819,31.1963806152344,16.7963771820068,6.55315160751343,12.0225095748901,68.2105407714844,23.0414009094238,229.135437011719
"Reynoutria_japonica",-0.823642289218609,48.9761204360712,10.9793653488159,31.1381130218506,16.7346820831299,6.86351823806763,12.3061971664429,64.8143997192383,23.7565155029297,215.486114501953
"Reynoutria_japonica",-0.840494049000666,46.5064053117093,12.6443614959717,36.1993255615234,21.455659866333,7.38918256759644,19.2090454101562,46.0768928527832,26.6739501953125,152.618911743164
"Reynoutria_japonica",-0.840817305933415,48.668831687539,10.516170501709,34.5644950866699,18.6331386566162,6.0030574798584,12.1513509750366,68.0978851318359,21.7495880126953,229.358032226562
"Reynoutria_japonica",-0.846494663286553,42.9568095032878,7.93847036361694,38.4285621643066,24.6387767791748,2.03475141525269,15.2252788543701,79.3597183227539,26.5645084381104,267.145690917969
"Reynoutria_japonica",-0.86440839392624,42.9746512071459,9.0513219833374,38.3854179382324,24.5495719909668,3.13182759284973,15.9232454299927,90.1293182373047,20.692756652832,302.052978515625
"Reynoutria_japonica",-0.871979121578718,44.6421223728153,14.1703624725342,34.5786590576172,20.5619506835938,8.91679954528809,20.5724430084229,47.5742111206055,24.2262172698975,167.348327636719
"Reynoutria_japonica",-0.877693631668082,42.8522327902996,8.57710075378418,38.4469528198242,24.8491744995117,2.60324716567993,15.9330739974976,77.9549179077148,27.5415439605713,267.707946777344
"Reynoutria_japonica",-0.886277947428141,46.8718935781665,11.598726272583,36.6144981384277,21.5549926757812,6.39442682266235,18.1591835021973,51.7286605834961,23.6227054595947,172.917556762695
"Reynoutria_japonica",-0.896564465281863,43.1373262094053,14.0202312469482,38.0368766784668,24.2122249603271,8.03960990905762,21.2167873382568,65.0360488891602,22.7994480133057,221.659484863281
"Reynoutria_japonica",-0.898233089654569,43.500891968883,14.8324003219604,37.5243682861328,22.9980335235596,9.10543060302734,21.6993179321289,54.454963684082,25.6853446960449,197.429351806641
"Reynoutria_japonica",-0.907776421901215,42.9549035527,7.37102270126343,38.530948638916,24.5591259002686,1.50312161445618,14.6232223510742,78.5495529174805,29.18141746521,266.889984130859
"Reynoutria_japonica",-0.911741411820264,51.7513155130071,10.4961004257202,35.6215476989746,19.0257587432861,6.04358768463135,6.83760786056519,43.3753395080566,15.5568542480469,173.588897705078
"Reynoutria_japonica",-0.911790270272476,48.9943388301639,11.071662902832,30.978536605835,16.5944938659668,6.99669170379639,16.4577865600586,64.6809387207031,24.2623329162598,211.268035888672
"Reynoutria_japonica",-0.956258644765905,46.3197759076418,13.176887512207,35.4150428771973,20.9330158233643,10.5093097686768,19.6467208862305,43.8402824401855,25.60520362854,145.503631591797
"Reynoutria_japonica",-0.9634454673142,45.3520626021746,13.9798793792725,32.9932060241699,19.4841403961182,8.96453857421875,20.2035617828369,40.5409889221191,25.7539920806885,141.624572753906
"Reynoutria_japonica",-0.974403123634701,42.9170216166688,8.78869533538818,38.536205291748,24.5258522033691,2.88929891586304,16.038215637207,64.8379287719727,31.4906406402588,219.12272644043
"Reynoutria_japonica",-0.979313734504309,49.3644916338752,11.8925409317017,23.9844970703125,14.0526580810547,10.6564722061157,12.7400016784668,49.268424987793,25.073657989502,177.121215820312
"Reynoutria_japonica",-1.01702104941977,49.3454446282558,11.8879461288452,23.8866844177246,14.0106258392334,10.6633081436157,12.7249879837036,50.3223533630371,25.3809909820557,180.267944335938
"Reynoutria_japonica",-1.02753850207107,54.3771885537208,8.22191047668457,29.8977432250977,15.3922357559204,13.431173324585,4.751305103302,37.7760009765625,19.24973487854,206.227752685547
"Reynoutria_japonica",-1.02824882886236,45.2002145208289,14.0232534408569,32.3596000671387,19.1538162231445,9.06624984741211,18.5376605987549,40.9966125488281,26.1578483581543,144.862686157227
"Reynoutria_japonica",-1.04848615469863,49.0373576014101,11.6621313095093,29.8719863891602,16.044942855835,7.72741985321045,16.9044380187988,57.177318572998,23.3194561004639,194.152557373047
"Reynoutria_japonica",-1.05214545601419,43.0494898849885,9.30043888092041,38.5040283203125,24.0607147216797,3.50109791755676,16.3963928222656,84.9471054077148,25.1224212646484,290.534393310547
"Reynoutria_japonica",-1.06105117088047,47.1791145059215,12.1664514541626,36.7222595214844,21.3796424865723,7.03886556625366,18.6602191925049,43.6700248718262,22.0473556518555,146.171859741211
"Reynoutria_japonica",-1.09393525848385,45.1345822114372,14.1507015228271,31.0552062988281,18.5342292785645,9.32609748840332,20.1888809204102,38.8955307006836,26.4287071228027,137.883666992188
"Reynoutria_japonica",-1.1088334754973,43.04952140863,10.0185070037842,38.4725608825684,24.0298805236816,4.20322799682617,17.1107177734375,89.1830596923828,22.6405601501465,301.882446289062
"Reynoutria_japonica",-1.12130030787926,43.5049102825596,15.027904510498,37.1671981811523,22.3902683258057,9.42577075958252,21.7482662200928,57.1654586791992,25.430513381958,213.366577148438
"Reynoutria_japonica",-1.12281467357952,49.2115372112923,11.9730567932129,25.995080947876,14.6363391876221,8.3698616027832,12.9241352081299,51.7290344238281,24.2403297424316,179.932525634766
"Reynoutria_japonica",-1.122994014942,43.1591310230232,12.0372457504272,38.3163414001465,23.7858924865723,6.21365165710449,19.0858306884766,78.2440490722656,25.9573802947998,270.445465087891
"Reynoutria_japonica",-1.13134082414132,51.1039815840239,10.6286659240723,34.9495544433594,18.0026245117188,6.48657894134521,12.0729284286499,54.195671081543,21.985237121582,185.439910888672
"Reynoutria_japonica",-1.15562068437142,43.0756367976382,10.5481986999512,38.478458404541,23.975133895874,6.54493808746338,17.2665386199951,88.9246139526367,21.1013622283936,299.188995361328
"Reynoutria_japonica",-1.18791793631443,48.6341251928297,11.609938621521,34.3195991516113,18.2300148010254,9.50364685058594,13.1963214874268,59.8080940246582,22.8897018432617,208.845642089844
"Reynoutria_japonica",-1.20433500927232,48.8754348871207,11.2663469314575,31.4703769683838,16.651237487793,7.21821355819702,12.5691986083984,65.6831970214844,22.4130477905273,221.329879760742
"Reynoutria_japonica",-1.20545636825281,48.1303080334755,11.7718830108643,36.6967353820801,20.4831428527832,9.24303245544434,17.9963150024414,48.9361877441406,20.1388683319092,165.705596923828
"Reynoutria_japonica",-1.21579699083207,43.9455779185462,14.7343769073486,33.6854095458984,19.8344192504883,9.64933776855469,20.939567565918,55.1506805419922,26.520299911499,200.326583862305
"Reynoutria_japonica",-1.22497543292083,53.4507708242145,9.72772312164307,35.0330772399902,18.0094680786133,15.4209251403809,6.21993589401245,45.3355293273926,13.2065095901489,204.477645874023
"Reynoutria_japonica",-1.23063714521249,48.2937558962269,11.8043117523193,36.1866874694824,19.8101272583008,9.40521907806396,13.6521492004395,48.4994812011719,20.9805583953857,170.01496887207
"Reynoutria_japonica",-1.2306789464441,43.7806921080265,14.886794090271,35.0834350585938,20.6651306152344,9.63756084442139,21.2507839202881,56.788330078125,24.9236068725586,211.407440185547
"Reynoutria_japonica",-1.23503068877073,50.6674328209479,11.1876745223999,30.545654296875,15.572696685791,7.50181341171265,14.7222490310669,41.8975982666016,26.9618282318115,159.682250976562
"Reynoutria_japonica",-1.23843466318659,60.1798899435311,8.65319061279297,16.6313629150391,9.23525619506836,6.61271047592163,10.4884033203125,57.153881072998,31.8659381866455,226.060134887695
"Reynoutria_japonica",-1.24620429804652,54.6240518477628,10.0849685668945,29.7305812835693,15.2912282943726,15.2665224075317,6.65404891967773,35.3924713134766,20.020191192627,189.611770629883
"Reynoutria_japonica",-1.25473772952137,53.8858814793462,10.1373014450073,33.968334197998,17.3730163574219,15.5537271499634,6.65698671340942,37.2487525939941,15.9007062911987,181.612808227539
"Reynoutria_japonica",-1.25932934025469,51.9942294218848,10.2627592086792,35.8898277282715,18.9490165710449,7.90869140625,6.65445518493652,40.398307800293,16.8891716003418,175.136840820312
"Reynoutria_japonica",-1.28101810577707,48.1044972980098,11.8873481750488,36.7502975463867,20.4347953796387,9.37489891052246,18.088960647583,47.7429656982422,19.5411243438721,161.709930419922
"Reynoutria_japonica",-1.29666158991657,43.6609680022683,15.0491790771484,35.5522880554199,20.9602451324463,9.73810958862305,21.4626636505127,58.1036224365234,26.1107139587402,216.433044433594
"Reynoutria_japonica",-1.30654184520369,52.3292566215958,10.2318620681763,35.7825317382812,18.8512382507324,16.114990234375,6.65682363510132,38.292423248291,17.7811107635498,188.595291137695
"Reynoutria_japonica",-1.31276941781768,60.3238605199976,8.06105518341064,16.7689895629883,9.19489860534668,6.01359081268311,9.89731597900391,63.9341163635254,33.6083755493164,253.948425292969
"Reynoutria_japonica",-1.33701124815519,48.7490795887958,11.8338289260864,32.9758682250977,17.3086490631104,9.90889930725098,13.2719373703003,53.6680488586426,25.2506885528564,187.629089355469
"Reynoutria_japonica",-1.34362710379704,52.7117481883684,9.68183517456055,35.6575965881348,18.6196517944336,15.5046730041504,6.13205814361572,41.7551040649414,16.2017726898193,209.133361816406
"Reynoutria_japonica",-1.35294371116331,48.5427023640121,11.8630542755127,34.4924621582031,18.2966499328613,9.74948596954346,8.23241138458252,54.7822113037109,20.7291259765625,196.933654785156
"Reynoutria_japonica",-1.36347245926967,43.5406570836155,15.1380567550659,36.321117401123,21.4618339538574,9.72293663024902,21.6488304138184,58.6622123718262,26.9926605224609,214.539474487305
"Reynoutria_japonica",-1.3725187383834,43.0704753903126,10.2934055328369,38.461612701416,23.5498447418213,4.57609081268311,17.2519912719727,81.960563659668,24.6189670562744,276.218170166016
"Reynoutria_japonica",-1.38567606994667,54.2563682808993,9.91382789611816,32.8670310974121,16.654504776001,15.2226333618164,6.47234058380127,39.6882820129395,19.7361831665039,215.292053222656
"Reynoutria_japonica",-1.3978679441427,48.1012230363318,11.9603404998779,36.6121406555176,20.1815528869629,9.51558876037598,18.0875778198242,47.960750579834,19.7882900238037,162.226821899414
"Reynoutria_japonica",-1.39894854705441,53.7297156369206,10.1683959960938,34.5426902770996,17.6793670654297,15.612717628479,6.6899561882019,42.4727516174316,14.6422328948975,191.181640625
"Reynoutria_japonica",-1.40123728591948,43.6290460765856,15.1212797164917,35.0547485351562,20.5801410675049,9.88944816589355,21.4542255401611,60.1736450195312,25.6436309814453,221.642822265625
"Reynoutria_japonica",-1.40824533656598,43.1091814838635,12.0665168762207,38.2460899353027,23.3134593963623,6.35076856613159,18.9773941040039,65.6872482299805,26.9333610534668,223.111541748047
"Reynoutria_japonica",-1.41052230427381,43.3259859450195,13.9409990310669,37.4234085083008,22.360424041748,8.36733531951904,20.6468753814697,79.1978378295898,20.4860935211182,274.186157226562
"Reynoutria_japonica",-1.41466123983752,50.7057881983524,11.1269121170044,30.6434650421143,15.5425701141357,7.44981813430786,14.656304359436,44.535530090332,26.4347801208496,165.6416015625
"Reynoutria_japonica",-1.44303785150751,47.4328724235532,12.5068130493164,36.7406959533691,20.6974868774414,7.59399223327637,18.7843284606934,43.7098350524902,23.9206409454346,143.629455566406
"Reynoutria_japonica",-1.4439855822943,43.4751762444011,15.1271743774414,36.2151184082031,21.3440475463867,9.73595333099365,21.6076316833496,67.3853149414062,25.30491065979,241.535903930664
"Reynoutria_japonica",-1.4457858841846,43.4415934912829,14.9680757522583,36.5201454162598,21.5712757110596,9.53383636474609,21.4998722076416,72.8179779052734,25.7029724121094,258.941650390625
"Reynoutria_japonica",-1.44672333731047,53.7563367147862,9.97764778137207,34.526309967041,17.6053829193115,7.77203607559204,6.5071120262146,46.796989440918,14.8325843811035,205.727447509766
"Reynoutria_japonica",-1.52153138787428,43.4408012669827,15.0464143753052,36.0681190490723,21.2173919677734,9.68646621704102,21.4953956604004,72.3087997436523,26.4272365570068,254.095062255859
"Reynoutria_japonica",-1.53311185654605,53.4843993443957,9.19377613067627,35.094856262207,17.9226360321045,6.9501805305481,5.70712184906006,55.0575065612793,12.7975740432739,219.630676269531
"Reynoutria_japonica",-1.5391753597221,43.1737141393422,12.2377290725708,37.6943359375,22.5264091491699,6.68318605422974,18.9656715393066,73.5309143066406,29.68137550354,248.313125610352
"Reynoutria_japonica",-1.56191857198607,48.2530970478042,11.8509225845337,35.7997894287109,19.1323299407959,9.60042190551758,8.20235633850098,47.9158592224121,20.5823364257812,166.136657714844
"Reynoutria_japonica",-1.5639231113604,52.5172496699131,9.79076766967773,35.7713813781738,18.6575050354004,15.6006212234497,6.24128293991089,41.9776000976562,17.164571762085,213.277465820312
"Reynoutria_japonica",-1.56455680795725,47.2072283968421,12.6733236312866,35.7439575195312,20.129467010498,7.87884998321533,18.8452930450439,43.6937408447266,24.9559574127197,142.198394775391
"Reynoutria_japonica",-1.57103246368188,43.1392829817224,13.3282852172852,37.7396926879883,22.6176376342773,7.72237968444824,20.0800476074219,62.5549163818359,30.7330265045166,211.790313720703
"Reynoutria_japonica",-1.57695927651474,54.1524403355897,9.76112747192383,33.7903823852539,17.0250835418701,5.65223979949951,6.32339954376221,40.2711524963379,14.5377388000488,187.534683227539
"Reynoutria_japonica",-1.59057857143168,43.3133623000651,13.8101654052734,36.5403213500977,21.5518112182617,8.4156379699707,20.3295822143555,82.6060256958008,24.1483325958252,279.402709960938
"Reynoutria_japonica",-1.60337111540229,48.0430672410661,12.0880165100098,36.549201965332,19.8147392272949,7.4211311340332,18.1070213317871,49.4034805297852,19.5153102874756,164.025695800781
"Reynoutria_japonica",-1.60380241377965,52.2707982955461,10.39466381073,35.928638458252,18.7302207946777,16.2230644226074,6.83762216567993,37.82861328125,16.5422706604004,175.05712890625
"Reynoutria_japonica",-1.6055190380102,43.1316861254081,13.532543182373,37.6337966918945,22.4609413146973,7.94955444335938,20.2534561157227,64.6586380004883,29.6296501159668,217.935424804688
"Reynoutria_japonica",-1.61796622054394,43.2308019196789,12.9709587097168,37.1598510742188,21.9979476928711,7.5017991065979,19.5861835479736,84.0985412597656,27.5934886932373,285.919250488281
"Reynoutria_japonica",-1.62764156632112,53.6599953062312,9.43171882629395,34.8743476867676,17.7022037506104,5.19268846511841,5.95701026916504,60.1438140869141,13.6435737609863,237.872375488281
"Reynoutria_japonica",-1.65535783976668,43.2626517481595,13.8210248947144,36.6499633789062,21.6242542266846,8.4133472442627,20.3533134460449,79.2598571777344,28.7657413482666,268.161224365234
"Reynoutria_japonica",-1.67021726110311,55.1078293420889,9.67435169219971,29.33083152771,14.9276237487793,14.7554559707642,6.30431079864502,43.9426803588867,19.914644241333,221.814300537109
"Reynoutria_japonica",-1.69251148553324,48.1407425721976,12.1022701263428,36.107006072998,19.2995662689209,9.84110450744629,18.0008945465088,45.6553421020508,20.5674438476562,150.607437133789
"Reynoutria_japonica",-1.70079371602235,55.5132119403907,9.7537784576416,25.8024158477783,13.6336374282837,14.6941804885864,6.4115571975708,38.4734115600586,18.9139404296875,182.840942382812
"Reynoutria_japonica",-1.7181669864807,53.4492219785093,7.96997213363647,35.2803840637207,17.8202648162842,5.76430749893188,9.48938941955566,77.4014129638672,18.0298023223877,290.839233398438
"Reynoutria_japonica",-1.72030892534811,53.3193727323332,8.66103076934814,35.3650665283203,17.9405746459961,6.42394208908081,7.45577573776245,69.6649398803711,16.4105606079102,257.981262207031
"Reynoutria_japonica",-1.72494447546655,47.4206144437166,12.5125379562378,36.2419281005859,20.0079345703125,7.81163597106934,18.5958881378174,41.9229164123535,24.0802249908447,138.191146850586
"Reynoutria_japonica",-1.72546530436166,53.6016647043583,9.21612739562988,34.9585189819336,17.7033519744873,4.98467302322388,7.99846124649048,66.0467758178711,15.0955009460449,253.959808349609
"Reynoutria_japonica",-1.75347306796627,53.1653523944983,8.49484348297119,35.5368423461914,18.0783424377441,6.24102401733398,7.28973960876465,74.1266784667969,17.0045108795166,291.551055908203
"Reynoutria_japonica",-1.76011413718064,54.6834175502816,9.22545528411865,32.4552307128906,16.2094860076904,5.3067889213562,5.83886432647705,44.7853164672852,18.5562801361084,227.585144042969
"Reynoutria_japonica",-1.78858193206444,51.0145155967294,10.8861961364746,34.7572860717773,17.4592380523682,6.86880302429199,16.3630599975586,47.0290832519531,24.5964393615723,157.469833374023
"Reynoutria_japonica",-1.79519495015817,54.3410631725442,8.69470596313477,33.670295715332,16.7712841033936,4.66283464431763,7.41434335708618,53.1954803466797,19.5127773284912,248.655334472656
"Reynoutria_japonica",-1.80652220176648,48.0373967968694,12.0941181182861,36.4075164794922,19.4191055297852,7.55467414855957,17.98828125,45.3304481506348,19.2706546783447,145.921508789062
"Reynoutria_japonica",-1.8074492834729,52.9239351733609,9.82189750671387,35.6032295227051,18.2909355163574,7.51811122894287,6.31420516967773,51.7495536804199,16.6741504669189,237.292419433594
"Reynoutria_japonica",-1.8241444608091,54.9909960455951,9.63888835906982,31.0581893920898,15.5995483398438,14.7663011550903,6.27083158493042,44.8235282897949,19.5773544311523,221.113784790039
"Reynoutria_japonica",-1.8384834918286,43.078787304273,10.1179132461548,37.5312309265137,22.0043315887451,4.72729587554932,16.7114410400391,85.5121841430664,29.0809593200684,284.693634033203
"Reynoutria_japonica",-1.86353859357317,43.0972415496241,11.1062269210815,37.1797561645508,21.7585029602051,5.73924684524536,17.6484050750732,87.2619247436523,25.3786678314209,286.970336914062
"Reynoutria_japonica",-1.86651779449557,42.95078692662,11.4331951141357,38.2364120483398,22.8223533630371,5.84418201446533,18.2062015533447,59.4750099182129,29.6037940979004,197.83821105957
"Reynoutria_japonica",-1.87218634912209,53.8200030074059,8.9034366607666,34.5498275756836,17.3918113708496,4.7502760887146,5.44346857070923,59.9569892883301,15.3194246292114,227.827667236328
"Reynoutria_japonica",-1.89254292785481,43.1293974915068,11.4596490859985,36.6569976806641,21.3635787963867,6.17128801345825,17.9138240814209,93.3375091552734,24.5989608764648,307.792175292969
"Reynoutria_japonica",-1.90073769078315,53.4128853160171,7.63621711730957,35.3214378356934,17.7422962188721,5.44958877563477,9.14448165893555,96.0087509155273,18.9004745483398,368.290435791016
"Reynoutria_japonica",-1.91188136279451,43.2641286712168,14.233943939209,35.3156204223633,20.5941753387451,9.04402446746826,20.527307510376,95.7956695556641,23.2995128631592,319.300903320312
"Reynoutria_japonica",-1.91377675892685,55.1175669168916,9.13691997528076,30.8848323822021,15.4219951629639,14.228663444519,5.78202676773071,45.4363288879395,18.4680309295654,218.995483398438
"Reynoutria_japonica",-1.91687413926557,46.8718608262274,13.1588983535767,31.6704845428467,17.6977958679199,11.1124029159546,18.8948249816895,39.0970344543457,29.319673538208,131.914169311523
"Reynoutria_japonica",-1.92241868017976,53.0748191557141,8.66066932678223,35.5978050231934,18.0723667144775,6.41483592987061,5.16003751754761,68.4338836669922,16.8892993927002,287.284515380859
"Reynoutria_japonica",-1.92359273439273,53.0174222560774,9.16332149505615,35.5945739746094,18.1246509552002,6.90226221084595,5.66263055801392,60.3207550048828,16.9693202972412,261.155303955078
"Reynoutria_japonica",-1.93200561579857,53.295295912587,8.70825958251953,35.3495979309082,17.8358783721924,6.49179887771606,7.49896001815796,75.1362838745117,16.5019950866699,280.531005859375
"Reynoutria_japonica",-1.93542862372272,48.2598053112758,11.5245914459229,34.5488395690918,17.9962539672852,7.27603340148926,17.1245880126953,53.325553894043,20.5644340515137,172.259490966797
"Reynoutria_japonica",-1.95359355534814,43.2233060743867,13.9750890731812,35.600658416748,20.7056198120117,8.77023983001709,20.2870121002197,93.2090377807617,21.8417091369629,309.791534423828
"Reynoutria_japonica",-1.96175569290842,43.0445515562424,12.2685413360596,37.1273803710938,21.6967620849609,6.89675283432007,18.7853984832764,72.2163772583008,30.5493183135986,244.456573486328
"Reynoutria_japonica",-1.96453776044664,43.2837909400053,14.9682941436768,34.9603309631348,20.2782783508301,9.8336877822876,21.188928604126,83.4243774414062,22.2024688720703,277.877838134766
"Reynoutria_japonica",-1.96615008625433,43.0059727385585,12.6602001190186,37.4622192382812,21.9902305603027,7.221519947052,19.2410125732422,65.9344940185547,26.0749473571777,221.824279785156
"Reynoutria_japonica",-1.96789019711336,55.1720970248638,8.83527088165283,30.9239768981934,15.3946084976196,7.00144004821777,5.49437475204468,48.1208457946777,18.9164409637451,221.459106445312
"Reynoutria_japonica",-1.9822590530768,53.569017484182,8.39238739013672,34.9531707763672,17.5580062866211,6.23591232299805,9.8839635848999,86.7045669555664,19.48996925354,341.317199707031
"Reynoutria_japonica",-10.0561878959328,51.9015014733848,11.0657033920288,22.0320663452148,9.52420806884766,8.75955295562744,11.3734683990479,113.431526184082,26.0665225982666,445.791137695312
"Reynoutria_japonica",-10.1477110256908,51.8786650194421,10.7953796386719,21.5827178955078,9.40460205078125,8.52498626708984,11.0669965744019,119.567718505859,26.4009647369385,470.602355957031
"Reynoutria_japonica",-10.2211697225899,52.1852630830974,9.77753257751465,21.9966945648193,9.47149181365967,7.47616481781006,10.0698890686035,109.926681518555,27.7076587677002,434.584655761719
"Reynoutria_japonica",-10.2228074485386,52.1258277317236,10.9880018234253,21.9699058532715,9.39743041992188,8.70936489105225,11.2804298400879,104.656097412109,28.5860862731934,422.723754882812
"Reynoutria_japonica",-2.00417233107809,53.3585188458937,9.01161861419678,35.2193641662598,17.7319984436035,6.81228399276733,7.80883598327637,77.658073425293,16.7506103515625,301.351531982422
"Reynoutria_japonica",-2.01194270340518,55.2086004455807,8.27830028533936,30.9686183929443,15.3824663162231,4.54983234405518,4.9404468536377,57.950023651123,19.5379161834717,261.04150390625
"Reynoutria_japonica",-2.02878806918583,54.2429165319322,7.56330347061157,33.962345123291,16.8111629486084,3.54177737236023,6.27600336074829,69.0245666503906,20.9033393859863,272.242431640625
"Reynoutria_japonica",-2.04249571857518,42.8238674706459,9.14384460449219,38.8764343261719,23.1287631988525,3.57534742355347,15.9443731307983,60.8094100952148,31.2273998260498,213.004699707031
"Reynoutria_japonica",-2.05420809821227,53.3835822971281,9.5693244934082,35.1149635314941,17.6885833740234,7.37602376937866,8.37746810913086,77.0536499023438,18.3388385772705,309.168273925781
"Reynoutria_japonica",-2.06270412494117,50.9798335278875,10.2396326065063,34.5639610290527,17.1197071075439,6.32520151138306,15.6144018173218,54.3292236328125,24.8457698822021,182.528381347656
"Reynoutria_japonica",-2.06954941307757,54.7481353750093,7.8870530128479,33.0231437683105,16.3118572235107,3.96858835220337,6.57605504989624,54.9249877929688,19.5621738433838,248.250549316406
"Reynoutria_japonica",-2.08441498616097,51.8382738914567,9.92902374267578,36.3788986206055,18.5286483764648,5.61503505706787,6.37651443481445,52.0901641845703,13.9006595611572,209.940521240234
"Reynoutria_japonica",-2.09695351015972,53.7567500782176,8.02744293212891,34.4970932006836,17.1803951263428,5.93381357192993,4.57805633544922,80.8608932495117,18.6695423126221,321.224853515625
"Reynoutria_japonica",-2.10305203767377,53.999073474072,9.44105339050293,34.0597877502441,17.0230484008789,5.36593723297119,10.881495475769,69.2250366210938,21.280086517334,267.926116943359
"Reynoutria_japonica",-2.10892671497955,42.9235965872599,11.4993286132812,38.0102500915527,22.3040752410889,6.03894567489624,18.1272888183594,55.5264930725098,33.0249977111816,191.7451171875
"Reynoutria_japonica",-2.1222914673432,43.1923020736691,13.685188293457,35.5251121520996,20.5205917358398,8.53793144226074,19.93821144104,77.1907806396484,21.5214061737061,256.805084228516
"Reynoutria_japonica",-2.12230266903976,42.8014242289289,9.95319175720215,38.8828926086426,23.0589656829834,4.37232160568237,16.7453918457031,56.2949638366699,32.3622360229492,198.857971191406
"Reynoutria_japonica",-2.1580267373699,57.5587895601915,8.95667171478271,21.8538131713867,11.5212421417236,7.77467918395996,5.88684558868408,48.9451293945312,20.8354988098145,205.822494506836
"Reynoutria_japonica",-2.15935199782147,54.6785405678218,7.07589292526245,33.2009925842285,16.320837020874,3.16198110580444,5.75739288330078,71.6938323974609,23.6858654022217,309.870574951172
"Reynoutria_japonica",-2.21743109795295,42.7913467620135,10.7929372787476,39.1494102478027,23.2099666595459,5.17152309417725,17.3326206207275,40.0483779907227,32.7201919555664,147.136093139648
"Reynoutria_japonica",-2.23059377835478,50.8287547109286,10.708758354187,32.8463745117188,16.1031913757324,6.99100542068481,15.8730983734131,48.0530815124512,26.1835384368896,160.416091918945
"Reynoutria_japonica",-2.2493419891873,54.0981674527136,7.71949625015259,33.7063484191895,16.6697692871094,3.72715616226196,9.09101486206055,95.9772262573242,25.2771186828613,384.107208251953
"Reynoutria_japonica",-2.2626183216373,53.228967882807,9.95439147949219,35.2432136535645,17.7271537780762,7.75677347183228,6.49416017532349,53.4148712158203,17.5933704376221,249.05647277832
"Reynoutria_japonica",-2.27509565537264,53.3167007252378,10.0012636184692,35.1051483154297,17.6051292419434,7.82218980789185,6.54415369033813,53.9444694519043,18.3012561798096,254.673034667969
"Reynoutria_japonica",-2.28532465173673,43.2022715419134,13.5933408737183,35.5023918151855,20.2688655853271,8.52656745910645,19.7583332061768,65.1336441040039,27.3308162689209,222.731857299805
"Reynoutria_japonica",-2.28938435300562,55.7912446157892,9.48213291168213,29.6400146484375,14.8488845825195,7.656418800354,6.21586799621582,42.1894569396973,17.7156753540039,189.108047485352
"Reynoutria_japonica",-2.30052624238698,54.5594468596248,7.30648851394653,33.0931396484375,16.3011569976807,3.39617872238159,6.00712013244629,85.9145431518555,27.4515132904053,361.548706054688
"Reynoutria_japonica",-2.30147350627833,57.4656051170736,8.87991333007812,23.7154979705811,12.0477657318115,7.57171154022217,5.80714988708496,52.0162811279297,20.4825820922852,223.700317382812
"Reynoutria_japonica",-2.30547474345997,53.5032291187145,9.96141910552979,34.5336418151855,17.285026550293,7.83354043960571,6.51630115509033,61.2056465148926,20.6332359313965,282.986175537109
"Reynoutria_japonica",-2.30740970986047,43.2311982353123,12.6101026535034,35.0815811157227,19.9194736480713,7.64563608169556,18.6957893371582,83.1404266357422,24.7859687805176,285.408294677734
"Reynoutria_japonica",-2.30825520518139,57.1513780109948,9.03456687927246,26.6483287811279,13.2580223083496,7.486252784729,7.60288333892822,52.7081413269043,20.2304573059082,231.152847290039
"Reynoutria_japonica",-2.3262711058457,54.0589581525931,9.13611030578613,33.3767051696777,16.5996723175049,5.14483165740967,10.5319690704346,71.5798568725586,23.883617401123,281.796508789062
"Reynoutria_japonica",-2.36509344142622,54.6434837339018,6.47012996673584,33.0260581970215,16.2054405212402,2.5805459022522,5.15697908401489,81.2536468505859,25.7826766967773,329.307861328125
"Reynoutria_japonica",-2.36636342991361,54.593204806285,6.58744049072266,33.0083885192871,16.2249412536621,2.69482207298279,5.27691602706909,89.6784896850586,27.1302795410156,375.842071533203
"Reynoutria_japonica",-2.37299287741523,43.2321808785237,13.1146488189697,35.2114219665527,19.9247989654541,8.14346504211426,19.1876754760742,77.3002319335938,27.0951957702637,267.620239257812
"Reynoutria_japonica",-2.37878154353257,50.7031317208678,10.9931154251099,31.216911315918,15.2358493804932,7.4286904335022,15.9865379333496,44.6805648803711,27.4253158569336,161.341735839844
"Reynoutria_japonica",-2.38665290983896,54.6121519260309,7.28728151321411,32.8566665649414,16.191614151001,3.39487385749817,5.98730039596558,90.0327529907227,28.0872001647949,387.407623291016
"Reynoutria_japonica",-2.40080597204686,57.3697586242771,8.9594783782959,25.4347229003906,12.6990118026733,7.51672983169556,5.86886739730835,49.4855537414551,20.5279960632324,217.658065795898
"Reynoutria_japonica",-2.43407232181364,54.650228015929,6.73555469512939,32.8040390014648,16.0956134796143,2.8585159778595,5.42527055740356,93.1734619140625,27.7492389678955,400.154266357422
"Reynoutria_japonica",-2.43844213648895,48.2300984472159,11.2681732177734,33.5085411071777,16.845552444458,7.35311841964722,16.5641174316406,43.7738342285156,27.552339553833,150.777969360352
"Reynoutria_japonica",-2.43953495889136,53.7547851587287,9.3364725112915,33.4920234680176,16.6935157775879,7.31214427947998,5.90256643295288,71.8254089355469,21.6992435455322,327.794921875
"Reynoutria_japonica",-2.4487337882955,43.2222004791798,13.4097166061401,35.5479545593262,19.9936771392822,8.43896961212158,19.4734191894531,63.7938842773438,26.8966674804688,222.267120361328
"Reynoutria_japonica",-2.44967357495005,55.9231555299843,8.77953624725342,29.9446067810059,15.0079259872437,12.1995229721069,5.53935527801514,39.5312004089355,15.5908031463623,174.356140136719
"Reynoutria_japonica",-2.46311164330929,43.2656779909194,14.165114402771,35.2633171081543,19.7190399169922,9.24497127532959,20.1555290222168,63.7555770874023,24.8392105102539,221.01741027832
"Reynoutria_japonica",-2.46693749703595,43.1389801575798,12.8577833175659,36.6830368041992,20.6776466369629,7.76706981658936,19.0522861480713,59.723575592041,29.8636932373047,210.371948242188
"Reynoutria_japonica",-2.47075661099298,54.8104504365335,7.80520153045654,32.7799415588379,16.0790119171143,3.92220067977905,6.52009725570679,60.8089408874512,22.8236389160156,262.546630859375
"Reynoutria_japonica",-2.47994643254004,51.2863255054057,10.2332782745361,36.2511711120605,17.933666229248,6.16277313232422,11.6876220703125,52.8367080688477,17.7874431610107,185.782501220703
"Reynoutria_japonica",-2.50104159431514,52.4887469119616,9.53264427185059,36.3325538635254,18.2506370544434,5.25517511367798,6.04206418991089,44.0221176147461,13.8495788574219,168.731384277344
"Reynoutria_japonica",-2.52218027545918,54.4894784416715,8.40647506713867,32.2686309814453,15.9884052276611,4.53324556350708,7.11020565032959,83.2188262939453,26.6694412231445,317.353332519531
"Reynoutria_japonica",-2.52424340004796,57.4955295550001,8.67932224273682,24.6591720581055,12.3917551040649,7.28655862808228,5.60428524017334,49.682731628418,18.3992977142334,218.61882019043
"Reynoutria_japonica",-2.55919122858006,57.0610089327975,8.93723106384277,28.6636791229248,14.1088380813599,7.21050357818604,5.80799055099487,50.7339286804199,18.6275501251221,213.058456420898
"Reynoutria_japonica",-2.57327857315639,55.9147763301949,7.97264671325684,31.0303497314453,15.4072284698486,11.3897895812988,4.73487854003906,44.3291282653809,17.2190742492676,197.424652099609
"Reynoutria_japonica",-2.57400787777,57.5210617781538,8.90083408355713,24.340970993042,12.2718496322632,7.52746343612671,5.83791351318359,48.910587310791,18.6665115356445,216.360656738281
"Reynoutria_japonica",-2.57531805286548,54.1239335036067,9.50097751617432,32.0139198303223,16.0339012145996,5.60043144226074,10.8412294387817,78.9832458496094,22.4761276245117,299.927337646484
"Reynoutria_japonica",-2.58073906552478,51.1993029366821,10.2198066711426,36.0561027526855,17.6826915740967,6.21462440490723,11.6275653839111,65.6076202392578,18.8330764770508,244.591720581055
"Reynoutria_japonica",-2.58446113460329,53.8518034139642,9.56746864318848,32.4551582336426,16.2010345458984,7.61501502990723,6.14152479171753,72.7219772338867,24.1315422058105,316.035858154297
"Reynoutria_japonica",-2.59035559263978,48.2354238414726,11.4000673294067,33.1795806884766,16.4689311981201,7.58125019073486,16.5356979370117,44.2584457397461,30.9867725372314,168.414215087891
"Reynoutria_japonica",-2.59720007786779,48.4831443701213,11.9566431045532,29.3237743377686,14.9551258087158,8.39798069000244,16.8721179962158,43.5249862670898,28.1369094848633,158.475479125977
"Reynoutria_japonica",-2.61079549445732,51.5683115185487,10.8446607589722,36.6030921936035,18.2236137390137,6.66405630111694,9.62061786651611,58.2261657714844,18.9446506500244,214.928756713867
"Reynoutria_japonica",-2.61725975216164,54.8393240653155,7.21041774749756,32.6178741455078,15.9481687545776,3.35515761375427,5.91161108016968,82.4669189453125,24.6976509094238,371.010559082031
"Reynoutria_japonica",-2.6382120347226,54.0358825259262,8.17454719543457,31.7491283416748,15.8325366973877,6.28639698028564,6.86869812011719,89.3918151855469,23.9294528961182,357.537506103516
"Reynoutria_japonica",-2.64208565485937,57.0613558526134,8.80354690551758,29.0946846008301,14.2950868606567,7.03554344177246,5.67753553390503,51.0530815124512,18.2902393341064,215.368194580078
"Reynoutria_japonica",-2.65685906500736,56.6893071345242,9.39845561981201,30.0850830078125,14.9795293807983,12.7720174789429,6.23415851593018,43.9285659790039,17.3684844970703,198.175720214844
"Reynoutria_japonica",-2.68085832907927,54.0266440849791,8.54620170593262,31.4456386566162,15.73131275177,6.67530822753906,7.23533821105957,88.1891784667969,24.0901050567627,356.929504394531
"Reynoutria_japonica",-2.68582453817072,51.3832610936127,10.1818933486938,36.5781631469727,18.0041885375977,6.0916314125061,11.6611995697021,62.7981185913086,18.1702194213867,226.500045776367
"Reynoutria_japonica",-2.6969526960031,48.3278702226357,11.1283941268921,31.9449806213379,15.8144178390503,7.441077709198,16.1731128692627,45.7080459594727,30.9913654327393,177.298156738281
"Reynoutria_japonica",-2.70731915730154,47.9786123716293,11.8882694244385,34.7536735534668,17.2844142913818,7.93998146057129,17.095947265625,42.0859298706055,29.9713745117188,165.255432128906
"Reynoutria_japonica",-2.71005632429503,48.2950248398479,11.2752141952515,31.8700618743896,15.7410926818848,7.60834836959839,16.302417755127,41.057975769043,31.3886737823486,161.239990234375
"Reynoutria_japonica",-2.71880643643705,56.5947219086747,8.9436149597168,30.650505065918,15.2722911834717,14.013463973999,5.77209711074829,46.4944000244141,16.560037612915,213.535522460938
"Reynoutria_japonica",-2.72288224966286,54.1858297100401,9.90263557434082,30.8241119384766,15.5307674407959,8.03926753997803,11.2023658752441,80.6660690307617,23.9754524230957,308.693176269531
"Reynoutria_japonica",-2.73681022993118,56.9392788351933,6.92298030853271,30.1577472686768,14.8031158447266,5.06902742385864,3.76925492286682,61.5336494445801,19.9778461456299,259.019104003906
"Reynoutria_japonica",-2.7412648797496,57.5789904208204,8.39332675933838,24.3908596038818,12.2935991287231,11.6539936065674,5.33064317703247,55.7082366943359,19.8145923614502,252.652526855469
"Reynoutria_japonica",-2.74199455750013,43.3486946730534,13.858416557312,36.0658073425293,19.6096096038818,9.0267858505249,19.7399158477783,51.8975067138672,31.6099147796631,185.332702636719
"Reynoutria_japonica",-2.74611394578085,43.0800585203767,12.2283582687378,38.6681022644043,21.6404247283936,6.99608182907104,18.3808937072754,52.5769424438477,24.8697376251221,188.585693359375
"Reynoutria_japonica",-2.75174519822665,51.2584869907566,10.593409538269,36.3616256713867,17.7364711761475,6.57280158996582,12.0306196212769,61.6587295532227,19.4665088653564,229.883483886719
"Reynoutria_japonica",-2.75309126600979,53.9745451974511,9.97509098052979,30.9217128753662,15.5926113128662,8.11328983306885,8.681715965271,74.1869201660156,24.5776691436768,311.397003173828
"Reynoutria_japonica",-2.75470704570553,54.7119316167162,9.14457035064697,31.6147327423096,15.62624168396,5.31704330444336,7.87424802780151,75.9126586914062,26.2717056274414,313.397644042969
"Reynoutria_japonica",-2.76841351904954,54.3740142323415,9.5078763961792,30.5775299072266,15.4048833847046,5.71789026260376,10.7861633300781,80.5871047973633,25.6762657165527,299.011383056641
"Reynoutria_japonica",-2.79973650114341,54.2431961093282,10.1539859771729,30.1957550048828,15.2761974334717,8.34052848815918,11.4246320724487,73.779296875,24.0684642791748,277.318023681641
"Reynoutria_japonica",-2.80850135287327,48.1008546647784,11.6902503967285,33.8938026428223,16.6351623535156,10.0136594772339,16.795093536377,41.3864479064941,32.1219787597656,173.211013793945
"Reynoutria_japonica",-2.81681818768418,43.1707013003967,14.1376781463623,38.1676559448242,21.0036163330078,9.02241134643555,20.2893848419189,49.0232467651367,27.1887626647949,176.015533447266
"Reynoutria_japonica",-2.82566007106267,54.4017436157709,8.82263469696045,30.3861808776855,15.2778444290161,5.06036710739136,10.07603931427,92.1786346435547,26.8554649353027,346.737976074219
"Reynoutria_japonica",-2.82730649717274,54.0060297782302,10.127721786499,30.4772682189941,15.4108047485352,11.0633096694946,8.82281875610352,72.0897903442383,24.1074657440186,296.978546142578
"Reynoutria_japonica",-2.84027625410759,54.529090253777,7.03222608566284,30.5377864837646,15.1833600997925,3.29974579811096,5.67312002182007,98.7574615478516,26.8322296142578,371.502410888672
"Reynoutria_japonica",-2.84947213364311,50.7860028501694,10.9026899337769,32.6650428771973,15.6532249450684,7.29890489578247,12.0023059844971,49.423152923584,25.9624881744385,166.74267578125
"Reynoutria_japonica",-2.86477971253626,57.404697467723,7.87888526916504,26.7480945587158,13.2929973602295,6.294029712677,4.78145551681519,47.6842346191406,17.5291023254395,215.954071044922
"Reynoutria_japonica",-2.86725366418379,55.3028031500412,7.74302244186401,33.1345176696777,16.1033229827881,3.84662914276123,6.51765823364258,68.5749664306641,18.5621032714844,287.607421875
"Reynoutria_japonica",-2.87378696252525,54.9632761277545,9.8300085067749,32.088695526123,15.7859487533569,7.88396072387695,8.5933256149292,64.6868667602539,23.1145839691162,301.158966064453
"Reynoutria_japonica",-2.8852333361475,48.6634413065004,11.7909936904907,25.6317367553711,13.5042533874512,8.56427097320557,16.3802261352539,42.9320487976074,29.3668079376221,153.921600341797
"Reynoutria_japonica",-2.8854720753881,43.0421181790965,12.4032077789307,39.4324111938477,21.9265518188477,7.13685989379883,18.7548713684082,46.0274810791016,33.6903343200684,170.053070068359
"Reynoutria_japonica",-2.89091804961021,53.8834490332249,10.2800531387329,30.4363307952881,15.3482160568237,11.2311639785767,6.85766744613647,58.7387275695801,23.1454429626465,254.369781494141
"Reynoutria_japonica",-2.89477637926044,48.1621837289903,11.5996198654175,33.4749717712402,16.2796516418457,7.87740850448608,16.6500015258789,45.6282348632812,33.3276290893555,189.487060546875
"Reynoutria_japonica",-2.90117764550937,55.5148902809256,8.61046886444092,33.3188667297363,16.2398681640625,4.65843629837036,5.35994672775269,54.1487998962402,17.1316146850586,230.137786865234
"Reynoutria_japonica",-2.93341295115982,48.4771694895729,11.2954034805298,28.8275604248047,14.4226551055908,7.90777540206909,16.130989074707,44.0297393798828,30.0466136932373,160.504470825195
"Reynoutria_japonica",-2.94264819583303,43.1357468237525,14.0192575454712,39.1228675842285,21.5378074645996,8.82019424438477,20.2546691894531,38.3779754638672,33.0623474121094,140.737319946289
"Reynoutria_japonica",-2.95936651402949,53.8181966750235,10.2886552810669,30.3758068084717,15.3102493286133,11.2424488067627,6.86683130264282,55.1873893737793,23.4343299865723,243.119064331055
"Reynoutria_japonica",-2.97399164924551,55.4277756871082,8.05773067474365,33.3436050415039,16.2065887451172,4.12353897094727,9.43942260742188,64.7508697509766,18.8858375549316,269.943145751953
"Reynoutria_japonica",-2.9786731548268,54.4667835901489,7.3819785118103,29.4890613555908,14.8180522918701,5.65517807006836,5.99842500686646,101.689506530762,27.5660438537598,385.68310546875
"Reynoutria_japonica",-2.99295595272253,54.250933492977,9.62435150146484,28.8937835693359,14.7537126541138,7.89363479614258,8.26945209503174,84.3412704467773,25.3795700073242,327.440002441406
"Reynoutria_japonica",-3.00281053729697,43.074824311171,13.912353515625,39.8430023193359,22.166955947876,8.58445644378662,20.2842140197754,35.846118927002,30.1183300018311,132.078872680664
"Reynoutria_japonica",-3.00607069870778,50.7873205671803,10.9747953414917,32.7005882263184,15.5957641601562,7.39791822433472,12.0662040710449,49.6929893493652,25.7343730926514,168.861175537109
"Reynoutria_japonica",-3.00976266251537,48.1656994955107,11.907732963562,33.2722396850586,16.0122737884521,8.24497985839844,16.9032649993896,39.0495986938477,32.6785011291504,151.355484008789
"Reynoutria_japonica",-3.02093742927452,51.9906759702005,8.96406745910645,36.4822044372559,17.9198207855225,4.8403468132019,14.4647397994995,46.415153503418,24.8602237701416,166.340805053711
"Reynoutria_japonica",-3.02167340821651,54.6832336929096,7.76267337799072,30.1014099121094,14.9706258773804,5.99310111999512,6.41969394683838,69.1723327636719,24.2978935241699,282.182006835938
"Reynoutria_japonica",-3.03157965166729,54.5639904366371,6.46285820007324,29.5716800689697,14.7675018310547,4.74087238311768,5.0720419883728,101.261932373047,26.5052852630615,396.644317626953
"Reynoutria_japonica",-3.03735341019031,51.7815622755667,9.54102611541748,36.4827766418457,17.8689880371094,5.44744777679443,15.0247278213501,49.626823425293,24.7015628814697,183.257965087891
"Reynoutria_japonica",-3.04584242657787,54.5315186237154,7.96354579925537,29.0299816131592,14.6357460021973,6.25824308395386,6.58632326126099,79.2776489257812,26.121488571167,306.418548583984
"Reynoutria_japonica",-3.06377820603572,57.373520951171,7.15975332260132,27.90549659729,13.7868041992188,10.473445892334,4.04765653610229,47.172046661377,17.1881904602051,212.401214599609
"Reynoutria_japonica",-3.06385284752113,50.7659352301995,10.8756685256958,32.7644462585449,15.5465412139893,7.30651760101318,11.9608421325684,46.3962364196777,26.3283367156982,158.064849853516
"Reynoutria_japonica",-3.07382874794898,54.3768054812994,8.99711322784424,28.4863204956055,14.5349464416504,7.30774927139282,7.61566877365112,71.6913909912109,25.3916912078857,274.123565673828
"Reynoutria_japonica",-3.07527214093762,43.109493522892,13.6735143661499,39.8253936767578,21.9901351928711,8.40052890777588,19.9883193969727,37.398494720459,33.4197959899902,139.590209960938
"Reynoutria_japonica",-3.08529812274229,55.2742076988601,8.24345684051514,32.7944564819336,15.9388608932495,4.36343050003052,9.59948062896729,81.0056457519531,23.0852584838867,348.648651123047
"Reynoutria_japonica",-3.08650458743758,55.7920878759625,8.63619804382324,33.5345458984375,16.414249420166,12.0109567642212,5.42306041717529,47.4116706848145,16.9462032318115,206.246780395508
"Reynoutria_japonica",-3.1050332986168,43.0996504882896,13.6907758712769,39.9094619750977,22.0521030426025,8.41246128082275,20.0132675170898,40.0174102783203,30.4201202392578,148.257415771484
"Reynoutria_japonica",-3.11107676905242,51.1348722659083,10.8060512542725,35.790340423584,17.0813446044922,6.94742107391357,12.1326665878296,47.8257904052734,22.3353939056396,177.545883178711
"Reynoutria_japonica",-3.11960413278354,58.60596626803,8.9588451385498,17.4680976867676,9.75078582763672,6.63297080993652,9.13715934753418,49.6523284912109,27.1741008758545,220.605834960938
"Reynoutria_japonica",-3.13074050531986,58.9964505457992,8.72342777252197,16.9764003753662,9.39349746704102,7.98613357543945,8.82874202728271,54.2527046203613,29.4001846313477,239.989547729492
"Reynoutria_japonica",-3.13161822455464,58.5419825108907,8.97060680389404,17.6862239837646,9.80848979949951,6.6218056678772,9.16531467437744,50.1505889892578,27.4272308349609,228.656188964844
"Reynoutria_japonica",-3.13676623941975,54.3715457123675,7.93033981323242,27.7590465545654,14.2227573394775,6.30350112915039,6.50818347930908,93.4829177856445,26.578727722168,424.279815673828
"Reynoutria_japonica",-3.13787275624716,52.330330761943,8.77599430084229,36.4591674804688,17.8082637786865,4.66871690750122,14.2351427078247,57.7524719238281,22.8981876373291,199.505889892578
"Reynoutria_japonica",-3.14322447625961,48.4192754530565,11.1232500076294,29.2524147033691,14.3385515213013,7.78748846054077,15.8407402038574,44.4663543701172,30.7631092071533,158.317077636719
"Reynoutria_japonica",-3.15011628931954,51.7831955088785,8.36091041564941,36.3443603515625,17.6426734924316,4.33153104782104,9.80805492401123,69.7022094726562,26.1588401794434,263.064636230469
"Reynoutria_japonica",-3.15213278641957,51.6189535767693,9.85761260986328,36.3211288452148,17.6090354919434,5.84395170211792,11.3053398132324,64.3699722290039,25.68017578125,246.822875976562
"Reynoutria_japonica",-3.15528861228354,55.7006426713443,7.3579568862915,33.7666130065918,16.3804225921631,5.24989175796509,4.12870121002197,63.2899780273438,20.4699897766113,294.865234375
"Reynoutria_japonica",-3.15820614724036,43.0476742415466,12.6025943756104,40.1813583374023,22.3119163513184,7.29164361953735,18.9894390106201,43.3816452026367,28.0540008544922,159.387008666992
"Reynoutria_japonica",-3.15994842362161,52.4000745513712,8.78434944152832,36.4962997436523,17.8017883300781,4.67093324661255,14.243480682373,59.5212249755859,23.2976818084717,204.405181884766
"Reynoutria_japonica",-3.16347123972443,57.4274498848829,7.83409309387207,27.153694152832,13.4698247909546,11.1185007095337,4.74218988418579,46.9569892883301,17.1042461395264,213.998779296875
"Reynoutria_japonica",-3.17256851544387,57.3920874015472,7.39371347427368,27.759729385376,13.7484035491943,10.6956901550293,4.28686571121216,48.9049415588379,17.3388805389404,222.443481445312
"Reynoutria_japonica",-3.17779804244653,58.4417440096411,8.99525356292725,18.0732326507568,9.99820327758789,8.11768817901611,7.41845512390137,46.479621887207,23.381160736084,200.74267578125
"Reynoutria_japonica",-3.17896550633435,55.9541824222932,9.39085960388184,33.5826721191406,16.5034446716309,12.7516021728516,6.19705247879028,45.7008934020996,17.3946418762207,210.872665405273
"Reynoutria_japonica",-3.17995590670241,55.8862296188988,8.97847747802734,33.6530380249023,16.4882831573486,12.3399181365967,5.77574110031128,45.8755760192871,16.8663291931152,200.772048950195
"Reynoutria_japonica",-3.18111475443208,52.2675672847074,7.72917127609253,36.4921607971191,17.7024478912354,3.66248631477356,9.20599365234375,72.8185424804688,24.3993797302246,258.353149414062
"Reynoutria_japonica",-3.1969705129978,54.4681797761109,7.11560297012329,27.9230880737305,14.1907958984375,5.49380254745483,5.68569707870483,84.3671569824219,25.5819759368896,374.029266357422
"Reynoutria_japonica",-3.1993730904795,56.7549629635889,7.05340385437012,32.4570159912109,16.0299854278564,3.08162188529968,3.87931299209595,56.6687049865723,20.1575565338135,242.828704833984
"Reynoutria_japonica",-3.20003771381766,52.0531730314216,9.81110858917236,36.2527542114258,17.7266082763672,5.7207202911377,11.3289823532104,54.5861663818359,27.2129516601562,199.341827392578
"Reynoutria_japonica",-3.20515891904872,51.750493911341,8.6128511428833,36.2111396789551,17.5924606323242,4.5987811088562,10.0550918579102,66.7729873657227,26.8816261291504,252.22004699707
"Reynoutria_japonica",-3.21028827354248,52.8670968078347,8.75191402435303,35.9701118469238,17.3730354309082,6.68284702301025,10.2350492477417,71.3152923583984,25.3117256164551,247.006210327148
"Reynoutria_japonica",-3.2120863815933,48.5621817317051,11.3217964172363,26.8192844390869,13.4985322952271,8.14582633972168,15.873703956604,45.0563774108887,31.2667274475098,157.771484375
"Reynoutria_japonica",-3.22485050130634,58.3567304974276,8.43246650695801,18.4854431152344,10.1672372817993,7.50431346893311,8.72959804534912,50.9457893371582,23.5346851348877,225.9794921875
"Reynoutria_japonica",-3.22608637092937,52.9809609710649,8.87948322296143,35.5870475769043,17.1567249298096,6.83944320678711,7.65683126449585,60.8817901611328,21.4184112548828,219.008087158203
"Reynoutria_japonica",-3.2265748547834,52.2779669347872,8.27859592437744,36.4073944091797,17.6412715911865,4.21762657165527,9.75633335113525,77.0178833007812,25.1010322570801,279.266723632812
"Reynoutria_japonica",-3.22976614356355,48.7497661604805,11.9247512817383,23.7086791992188,12.6272840499878,8.91183662414551,16.3041229248047,45.0268249511719,31.9047164916992,157.563568115234
"Reynoutria_japonica",-3.23234715693409,48.6013686425307,11.5649557113647,26.0513114929199,13.2495250701904,8.43036270141602,16.0692291259766,45.3233871459961,31.1944065093994,158.155014038086
"Reynoutria_japonica",-3.2413986168799,57.3642022062215,6.75744915008545,28.3728828430176,14.0236892700195,10.0721197128296,3.64270758628845,58.5223541259766,18.0697612762451,264.287231445312
"Reynoutria_japonica",-3.24241679779689,54.8324147595746,9.95046806335449,29.6445827484131,14.7313222885132,8.19616603851318,8.64365768432617,62.0342597961426,24.1257057189941,274.058258056641
"Reynoutria_japonica",-3.25842005670344,52.3334825325648,8.61687088012695,36.3642311096191,17.5532512664795,4.5624361038208,10.0978050231934,75.0872497558594,27.6899509429932,267.578552246094
"Reynoutria_japonica",-3.25959486694555,56.6511085383316,8.35754776000977,32.9433784484863,16.3436336517334,4.30065107345581,5.17920923233032,50.3691291809082,19.8367042541504,223.278686523438
"Reynoutria_japonica",-3.26821656888956,42.9543866807489,11.1110181808472,40.7025871276855,22.9661273956299,5.69149827957153,17.4387168884277,36.1975517272949,35.8220825195312,133.968002319336
"Reynoutria_japonica",-3.26898636780694,52.9257418522262,7.92782592773438,35.7340888977051,17.1421737670898,5.90455865859985,13.2527704238892,67.7248001098633,22.5548686981201,231.888000488281
"Reynoutria_japonica",-3.27151691690846,54.2816030692998,9.3408260345459,26.458158493042,13.8140811920166,7.78165483474731,7.90923118591309,68.0111083984375,25.3900775909424,309.732879638672
"Reynoutria_japonica",-3.27579854511785,52.6380499173472,9.32616710662842,36.2424278259277,17.5084037780762,5.26661682128906,13.3179264068604,74.6047058105469,25.0493488311768,257.2333984375
"Reynoutria_japonica",-3.28603902350549,57.4267529858168,7.63509798049927,27.5201206207275,13.6375999450684,12.3252029418945,4.54190587997437,51.3977394104004,17.3478622436523,234.856475830078
"Reynoutria_japonica",-3.29684623937181,57.7032236188777,9.26873207092285,24.513277053833,12.3712005615234,12.4817657470703,6.23768615722656,43.1940689086914,18.8890075683594,206.117736816406
"Reynoutria_japonica",-3.30205003022053,54.6485555261657,9.39906597137451,27.9973888397217,14.143238067627,7.76304960250854,8.02768325805664,71.2166595458984,26.2368030548096,305.910308837891
"Reynoutria_japonica",-3.30580711388176,52.2120763182449,8.90930080413818,36.1846351623535,17.5014972686768,4.87537431716919,10.377781867981,71.2974090576172,26.838939666748,257.689697265625
"Reynoutria_japonica",-3.31454255187717,57.1144628595138,5.99016046524048,31.1204948425293,15.292254447937,4.02961254119873,2.83668231964111,53.7105865478516,18.7635364532471,217.873031616211
"Reynoutria_japonica",-3.31829530449398,58.5148727140637,8.95426273345947,18.0531749725342,9.87221717834473,6.57104778289795,9.18668746948242,49.4980697631836,26.0801162719727,221.492324829102
"Reynoutria_japonica",-3.31841367047878,54.282604035613,8.46046733856201,26.143102645874,13.6703624725342,6.93301486968994,7.00166940689087,81.5663986206055,25.7843933105469,380.403289794922
"Reynoutria_japonica",-3.3268020289,51.8979941495393,9.24496555328369,35.9336700439453,17.3864288330078,5.24857234954834,14.6145839691162,56.7785415649414,27.2492218017578,209.648101806641
"Reynoutria_japonica",-3.32750898580648,48.2650795652047,11.17737865448,31.4193172454834,14.9132442474365,7.76563453674316,15.9749402999878,50.0378341674805,32.9904518127441,182.239334106445
"Reynoutria_japonica",-3.35914869019391,52.3728188164995,8.67652606964111,36.1495628356934,17.4021282196045,4.66300868988037,14.0385618209839,72.8715286254883,29.3735599517822,257.154266357422
"Reynoutria_japonica",-3.37720488003155,57.3650733726009,7.12243843078613,28.8951282501221,14.2445831298828,10.4322309494019,4.00993871688843,50.2078132629395,17.4249668121338,225.278594970703
"Reynoutria_japonica",-3.38532331165443,54.3733282426087,10.152138710022,25.6735401153564,13.4798784255981,8.64737510681152,8.71212768554688,69.5645141601562,27.081615447998,336.216461181641
"Reynoutria_japonica",-3.38778679907255,57.1199836368118,4.73457098007202,31.3809299468994,15.3843107223511,2.76357650756836,1.57495999336243,54.3234825134277,18.1011257171631,221.377319335938
"Reynoutria_japonica",-3.393310075515,56.6001873057767,8.68996906280518,33.3097610473633,16.5391063690186,4.58360767364502,5.51154804229736,48.3047523498535,21.3443660736084,224.334777832031
"Reynoutria_japonica",-3.40360446230443,55.7542276767791,7.79680681228638,34.0804176330566,16.5098915100098,5.64819288253784,4.58118915557861,53.5118103027344,20.7846851348877,238.181930541992
"Reynoutria_japonica",-3.40696152890455,50.6922164884951,10.9103679656982,31.750415802002,14.8404054641724,7.50415182113647,11.8867063522339,56.504093170166,26.885196685791,217.613922119141
"Reynoutria_japonica",-3.41776837163395,57.435705847152,7.33875703811646,28.0514602661133,13.8586645126343,10.6260890960693,4.24495840072632,47.6960945129395,18.4675140380859,221.887725830078
"Reynoutria_japonica",-3.41883979868211,51.0730702534782,9.40255832672119,34.9428901672363,16.2839450836182,5.74761581420898,10.5560331344604,73.3455963134766,27.4026927947998,274.953887939453
"Reynoutria_japonica",-3.44746053555525,58.4531453141778,8.74782752990723,18.6226043701172,10.0414600372314,7.83255672454834,7.19737577438354,49.1968955993652,24.4719982147217,218.616943359375
"Reynoutria_japonica",-3.4489485770789,53.1933058933065,9.7739143371582,34.1024055480957,16.3221836090088,7.85947608947754,6.3729362487793,47.7441864013672,23.1935596466064,190.1611328125
"Reynoutria_japonica",-3.45457580617597,56.5606530433527,9.28179836273193,33.4487991333008,16.6216850280762,5.15288496017456,6.10555601119995,43.7677192687988,20.1086387634277,202.283020019531
"Reynoutria_japonica",-3.45879974488925,58.5107452848371,9.00641536712646,18.3480453491211,9.89468193054199,8.1337776184082,9.2625846862793,46.6429176330566,25.7027015686035,206.053558349609
"Reynoutria_japonica",-3.46717178622309,48.3844399684275,11.3886013031006,29.3526706695557,13.9811954498291,8.15099906921387,16.0049419403076,48.2387771606445,36.43017578125,174.965744018555
"Reynoutria_japonica",-3.4692269949969,58.2936835289452,8.24180889129639,19.3901348114014,10.300422668457,7.2451639175415,6.71784782409668,49.5018348693848,22.4728145599365,211.487060546875
"Reynoutria_japonica",-3.47340247671217,58.4169077332009,8.82261371612549,18.7067604064941,10.0571298599243,7.90076684951782,7.28234481811523,46.6470603942871,24.0468101501465,203.260238647461
"Reynoutria_japonica",-3.47750989751191,57.2458273215343,6.49448537826538,30.4415950775146,14.984188079834,4.57056951522827,3.36030912399292,54.2021636962891,16.8042545318604,235.703338623047
"Reynoutria_japonica",-3.47912307310726,50.8511487766371,10.465799331665,33.5183639526367,15.4873323440552,6.95256328582764,11.5226573944092,60.9526596069336,27.6448078155518,225.442077636719
"Reynoutria_japonica",-3.4855973564628,51.537582001829,10.5611505508423,35.3573417663574,16.8648929595947,6.70506048202515,11.9047088623047,69.4190139770508,25.6319007873535,261.594818115234
"Reynoutria_japonica",-3.50570068981478,56.7143362094407,7.82455635070801,33.369457244873,16.5329208374023,3.7226824760437,4.64468717575073,42.7280921936035,20.9858303070068,190.766586303711
"Reynoutria_japonica",-3.51213322762468,54.5036507756454,9.74086761474609,25.8020133972168,13.3713788986206,8.26091003417969,8.30140209197998,69.7268676757812,27.7810955047607,344.259094238281
"Reynoutria_japonica",-3.52010354351536,58.3493839703976,8.25406742095947,19.2525978088379,10.2316513061523,7.2705864906311,6.73119354248047,52.4244689941406,22.5568943023682,225.181167602539
"Reynoutria_japonica",-3.52138075722983,57.3674073222083,7.92710781097412,29.2904472351074,14.4175891876221,11.226203918457,4.82089424133301,47.3921890258789,18.6050643920898,218.553771972656
"Reynoutria_japonica",-3.52422727259577,52.8292300240474,7.76139545440674,35.5726585388184,16.7851181030273,3.87458825111389,9.1179780960083,91.7768478393555,29.2824363708496,324.548431396484
"Reynoutria_japonica",-3.52583951440022,54.589917598265,9.68884944915771,26.4998931884766,13.5388603210449,8.16749477386475,8.27458667755127,70.2608032226562,26.8677806854248,348.780426025391
"Reynoutria_japonica",-3.52647770124126,52.5216206179355,9.14317321777344,35.6979217529297,16.9615058898926,5.21572542190552,13.0084037780762,82.3370361328125,31.2878379821777,291.817230224609
"Reynoutria_japonica",-3.54257916250967,51.8712668984858,8.17191505432129,34.9117736816406,16.7024002075195,4.33009719848633,9.4864559173584,80.9656448364258,30.3441028594971,297.309936523438
"Reynoutria_japonica",-3.57347525246712,52.299000509259,8.41569137573242,35.3629722595215,16.8317737579346,4.52546644210815,12.2449989318848,82.5496444702148,30.7539463043213,299.50341796875
"Reynoutria_japonica",-3.58257159439567,57.0539882990885,5.05601072311401,32.0813369750977,15.746561050415,1.13987135887146,1.8895810842514,53.480094909668,23.371711730957,229.023056030273
"Reynoutria_japonica",-3.60134396388259,56.877179972111,5.45625448226929,33.1244354248047,16.2629375457764,1.42852234840393,4.35032796859741,54.3552932739258,23.2395858764648,252.468048095703
"Reynoutria_japonica",-3.61929284974277,57.1150020071754,4.3653244972229,31.9552688598633,15.619161605835,2.35059595108032,1.20230424404144,52.6709671020508,19.6268558502197,215.932800292969
"Reynoutria_japonica",-3.63283810975896,57.0543433064572,4.06174230575562,32.3453674316406,15.8210535049438,2.01557016372681,0.893604695796967,55.9392013549805,22.4322853088379,237.472747802734
"Reynoutria_japonica",-3.64268987534727,58.4497331454315,8.48488235473633,19.2264366149902,10.1230030059814,7.53146648406982,6.96220541000366,49.089412689209,23.2053718566895,200.417022705078
"Reynoutria_japonica",-3.64367390908263,52.305834728015,8.17821598052979,34.9151954650879,16.5347099304199,4.34760141372681,11.9471788406372,82.3605651855469,30.031681060791,302.272369384766
"Reynoutria_japonica",-3.65158310015115,52.6736848145867,8.80195999145508,35.1658172607422,16.5457973480225,4.96427917480469,10.1402139663696,102.983245849609,29.6693096160889,377.853942871094
"Reynoutria_japonica",-3.65424909810928,50.604985502468,10.8324708938599,30.5334243774414,14.199538230896,7.56021165847778,11.7051696777344,49.8478126525879,29.8698558807373,198.155288696289
"Reynoutria_japonica",-3.66412533004767,48.4422103247628,11.2165908813477,28.2202606201172,13.5060806274414,8.08173942565918,15.7341051101685,53.0090370178223,36.414119720459,193.165084838867
"Reynoutria_japonica",-3.68028052290469,52.1570763667534,8.49237442016602,34.3923225402832,16.3420143127441,4.69580554962158,9.78473091125488,78.9800491333008,30.4555950164795,294.664367675781
"Reynoutria_japonica",-3.71214166877519,56.4651812551388,7.00224590301514,34.1491546630859,16.785457611084,2.84924554824829,3.81534719467163,59.536750793457,22.3579788208008,267.140045166016
"Reynoutria_japonica",-3.73357576086179,56.6817985605217,8.40687656402588,33.797924041748,16.7438697814941,4.24506378173828,5.23305082321167,45.1919059753418,23.5546054840088,206.317169189453
"Reynoutria_japonica",-3.73823026048527,52.7061204152555,9.20158195495605,34.6784133911133,16.2754917144775,7.35674953460693,10.5024280548096,88.1961441040039,30.2870407104492,321.468139648438
"Reynoutria_japonica",-3.76913559174753,51.09828874794,8.99480247497559,33.9940071105957,15.5903720855713,5.48339319229126,10.0496482849121,79.2801895141602,29.3584842681885,304.1455078125
"Reynoutria_japonica",-3.7706063452689,50.7548924930185,10.5308513641357,32.0361022949219,14.699520111084,7.18317317962646,11.4651794433594,55.8014106750488,28.8201847076416,226.437927246094
"Reynoutria_japonica",-3.77148047973313,50.4493517195051,10.7667617797852,28.17160987854,13.2990875244141,7.65174770355225,11.5154895782471,52.7844696044922,30.1990985870361,212.955017089844
"Reynoutria_japonica",-3.77749908236446,57.5503019612993,8.85749912261963,28.0926284790039,13.683801651001,13.5435571670532,5.80023050308228,40.7906837463379,18.6987113952637,205.681884765625
"Reynoutria_japonica",-3.78569912869011,56.9011387278195,5.42796039581299,33.4988441467285,16.3939571380615,1.35991847515106,2.24779772758484,48.431999206543,23.5132637023926,214.306823730469
"Reynoutria_japonica",-3.7863669724686,56.3454815108332,9.41007804870605,34.2031517028809,16.8381538391113,5.2213659286499,6.23303556442261,49.0863075256348,21.5788917541504,222.94221496582
"Reynoutria_japonica",-3.79043668082671,51.0121075730019,10.261381149292,33.7216300964355,15.4317464828491,6.77736663818359,11.3101081848145,71.6307754516602,29.0763854980469,275.292053222656
"Reynoutria_japonica",-3.79241507283762,52.7094475717992,8.71089935302734,34.1370124816895,15.9346723556519,6.92125988006592,9.9514741897583,99.2415084838867,26.7069053649902,365.558685302734
"Reynoutria_japonica",-3.80110505938962,56.0949877068197,9.68982982635498,34.4013328552246,16.7806587219238,5.5476861000061,6.50764083862305,51.048942565918,20.510009765625,227.373168945312
"Reynoutria_japonica",-3.80774161979781,56.1364854545561,9.09683418273926,34.3916282653809,16.7817783355713,4.95304298400879,5.91152667999268,56.9102096557617,22.2416133880615,262.718505859375
"Reynoutria_japonica",-3.80816548781763,56.6317368093777,8.30064868927002,34.0237045288086,16.8179950714111,4.12460231781006,7.30465412139893,46.4310607910156,24.0607738494873,212.068511962891
"Reynoutria_japonica",-3.81721008686659,48.3550427982054,11.1506786346436,29.0096645355225,13.5828523635864,8.01688098907471,15.6682271957397,52.2380218505859,35.7643852233887,194.782409667969
"Reynoutria_japonica",-3.81912340590313,48.4416728036623,11.008677482605,27.7438049316406,13.204761505127,7.94383525848389,15.4589424133301,53.9337425231934,32.9496994018555,196.539199829102
"Reynoutria_japonica",-3.8234540605712,51.6490717633424,10.6014423370361,33.2057952880859,15.7874822616577,6.92236232757568,11.8161144256592,76.1724243164062,28.624828338623,281.593994140625
"Reynoutria_japonica",-3.82541202814275,48.1729457536418,11.972692489624,30.9539051055908,14.1887245178223,8.7237663269043,16.5849342346191,53.9732704162598,33.0764579772949,201.276519775391
"Reynoutria_japonica",-3.84580188570745,51.9092804124848,9.75392532348633,32.5922088623047,15.5969047546387,6.08719205856323,10.9622364044189,77.0236206054688,28.4475231170654,280.294952392578
"Reynoutria_japonica",-3.84993746994833,52.4635545591733,8.36386489868164,33.4781036376953,15.726842880249,6.62484693527222,9.56559371948242,103.405738830566,27.502872467041,392.677276611328
"Reynoutria_japonica",-3.86001979719728,48.5317188821458,11.733006477356,26.1882038116455,12.7620029449463,8.74384021759033,16.0931797027588,52.5029640197754,32.5973777770996,190.699951171875
"Reynoutria_japonica",-3.8603828764079,43.2915596827787,14.6191415786743,38.1045150756836,20.0547866821289,9.82770347595215,20.4698734283447,48.9297866821289,32.7705230712891,172.311065673828
"Reynoutria_japonica",-3.87082385806452,56.9071842900958,5.09540605545044,33.694149017334,16.4572696685791,1.01964700222015,6.58899164199829,51.2394371032715,24.7467670440674,229.449127197266
"Reynoutria_japonica",-3.87686873799321,53.0457241719945,8.89519882202148,33.0740051269531,15.4633235931396,7.17404079437256,10.0709266662598,71.6993865966797,27.6695232391357,257.218444824219
"Reynoutria_japonica",-3.88347595891491,52.2399005328935,9.12709712982178,32.5484924316406,15.4433221817017,5.49151229858398,10.304666519165,91.6077194213867,26.8716506958008,345.508972167969
"Reynoutria_japonica",-3.88550358346353,56.7233116167588,7.6901683807373,34.0172576904297,16.7834167480469,3.5246102809906,9.2894983291626,49.5480461120605,24.8988170623779,226.582122802734
"Reynoutria_japonica",-3.89245602613291,50.5167194867427,9.0695104598999,28.822566986084,13.4984941482544,5.9391074180603,9.81443119049072,66.3097381591797,29.1688289642334,269.679260253906
"Reynoutria_japonica",-3.9038020406778,56.8405952293139,5.70797491073608,33.8468818664551,16.5800838470459,1.60083770751953,7.23926305770874,55.9885177612305,27.361385345459,263.259094238281
"Reynoutria_japonica",-3.90537439476313,57.4324737847165,7.33788013458252,30.0631771087646,14.5335998535156,5.4794807434082,4.24701023101807,41.6443290710449,17.6856422424316,199.255630493164
"Reynoutria_japonica",-3.91535452367017,56.255875062363,8.71901416778564,34.4257125854492,16.8224754333496,4.5529522895813,5.53561878204346,56.7203788757324,22.8347988128662,239.367248535156
"Reynoutria_japonica",-3.918024862428,50.63360173205,8.50137424468994,30.0949516296387,13.9023427963257,5.31101322174072,9.28662872314453,63.8430137634277,29.7588520050049,261.094604492188
"Reynoutria_japonica",-3.93066153310265,56.8713660721574,6.28321027755737,33.9124412536621,16.6000366210938,2.16705107688904,7.83323907852173,50.8616485595703,28.5478858947754,234.470397949219
"Reynoutria_japonica",-3.95119470845967,50.9182874064884,10.5598659515381,32.5197830200195,14.846248626709,7.1947546005249,11.5155839920044,56.5306358337402,29.3744525909424,232.922637939453
"Reynoutria_japonica",-3.95592033999455,50.4191701152532,9.84841346740723,27.5289134979248,13.0844039916992,6.78383684158325,10.5506811141968,75.1270599365234,29.5316295623779,301.587768554688
"Reynoutria_japonica",-3.96538125463001,53.1634790191608,6.74097013473511,32.2915878295898,15.0730829238892,5.09960317611694,7.82260227203369,87.9245147705078,28.7537994384766,368.701843261719
"Reynoutria_japonica",-3.97655821522863,43.3541989118161,15.0219354629517,36.9047470092773,19.2705898284912,10.4027366638184,20.7107391357422,47.8550567626953,34.5586204528809,169.051666259766
"Reynoutria_japonica",-4.00253660877861,51.971250759652,9.75634384155273,30.6431446075439,14.7677459716797,6.23362350463867,10.8489456176758,73.7380676269531,30.1055965423584,297.729858398438
"Reynoutria_japonica",-4.00557053076649,51.9080755124702,10.4041156768799,30.6756172180176,14.7681703567505,6.87717628479004,11.5137882232666,75.2366104125977,30.9299201965332,283.262512207031
"Reynoutria_japonica",-4.00739458985699,43.2566576278723,13.6056299209595,37.4394569396973,19.7987308502197,8.87477684020996,19.4402103424072,48.9406127929688,36.6478080749512,173.880279541016
"Reynoutria_japonica",-4.01147031907956,56.5006931137587,5.89342927932739,34.5106964111328,16.854248046875,1.73180866241455,7.49018526077271,65.1502151489258,24.788553237915,284.069458007812
"Reynoutria_japonica",-4.02415452271659,52.7676040212678,8.63811588287354,32.4039573669434,15.1108322143555,6.98570013046265,9.758469581604,98.543815612793,27.6262302398682,366.934600830078
"Reynoutria_japonica",-4.05342041964813,52.6124634800602,10.4345264434814,31.4615287780762,14.8222122192383,8.81839561462402,9.05896186828613,78.5392913818359,26.2994251251221,304.866912841797
"Reynoutria_japonica",-4.05509291792509,43.2275784392591,13.781720161438,37.6040153503418,19.9860420227051,8.99214553833008,19.6735420227051,44.8774604797363,33.0029945373535,156.829833984375
"Reynoutria_japonica",-4.05697349046635,48.1299368723622,11.8908605575562,30.080192565918,13.763557434082,8.73836231231689,16.4125270843506,55.5149154663086,32.4966011047363,207.64338684082
"Reynoutria_japonica",-4.06476396978184,43.1428145133465,12.9637603759766,38.2229461669922,20.7003192901611,8.0280065536499,19.0406742095947,41.4568481445312,30.4848709106445,144.331481933594
"Reynoutria_japonica",-4.06791550172537,52.3007573248348,9.70155429840088,30.6537971496582,14.6234083175659,8.1312427520752,8.2827844619751,76.7748718261719,25.6277942657471,326.047637939453
"Reynoutria_japonica",-4.0814928645282,50.4575832480684,10.7559862136841,26.8533115386963,12.8676624298096,7.73064947128296,11.4499769210815,70.8197631835938,28.6321105957031,286.512084960938
"Reynoutria_japonica",-4.08348914231932,51.8678928157803,10.418080329895,29.5941638946533,14.3555011749268,6.9688138961792,11.4654979705811,75.9560470581055,28.9014453887939,302.803283691406
"Reynoutria_japonica",-4.08621238144009,57.9262263864997,8.67844581604004,26.4821453094482,12.3820524215698,7.22008943557739,5.72246122360229,48.7098350524902,17.9968814849854,184.534683227539
"Reynoutria_japonica",-4.08855689628876,48.2930197267931,11.7596139907837,28.3259677886963,13.1541652679443,8.72220420837402,16.1713047027588,60.6352958679199,33.8905563354492,226.578918457031
"Reynoutria_japonica",-4.08873945809156,43.1606530802946,11.2194986343384,38.0535659790039,20.560432434082,6.34783220291138,17.2715606689453,47.8206100463867,30.7946033477783,166.519805908203
"Reynoutria_japonica",-4.1065445309467,54.84247569753,9.75530433654785,29.22434425354,13.8438673019409,8.20067596435547,10.8058128356934,70.5474853515625,28.0639877319336,338.873413085938
"Reynoutria_japonica",-4.15547237176041,50.3904639572119,11.2257814407349,25.7425956726074,12.5786819458008,8.25761222839355,11.88254737854,69.4745407104492,28.254264831543,281.212524414062
"Reynoutria_japonica",-4.16013924031908,48.2594205474377,12.0822868347168,28.5885047912598,13.2016744613647,9.03487396240234,16.4948997497559,54.0528945922852,32.7374305725098,201.352478027344
"Reynoutria_japonica",-4.16412560703038,48.6350426163964,12.1631984710693,23.1365966796875,11.7604808807373,9.38853454589844,16.3138637542725,48.3771286010742,32.7951545715332,179.106719970703
"Reynoutria_japonica",-4.16904386314326,53.1734899797872,10.196608543396,30.7038402557373,14.4331102371216,8.65041351318359,11.2407512664795,75.2043304443359,28.2417011260986,320.354064941406
"Reynoutria_japonica",-4.20046920183022,58.0442525224215,8.14366912841797,25.6794414520264,11.910343170166,6.77643966674805,8.8872594833374,59.4523277282715,21.7244071960449,212.206771850586
"Reynoutria_japonica",-4.20235254647834,51.7235008018284,10.1808319091797,28.8172798156738,14.0212707519531,8.72856616973877,11.1595087051392,82.2816925048828,29.2680034637451,331.528656005859
"Reynoutria_japonica",-4.21444774893279,43.2954567737365,14.455677986145,35.6764984130859,18.7227668762207,9.94038581848145,20.0833225250244,41.0507278442383,34.7432174682617,154.594253540039
"Reynoutria_japonica",-4.22225308015663,55.8484090452665,9.64578914642334,34.4442024230957,16.3436431884766,5.65954971313477,11.1935997009277,69.8235321044922,24.35498046875,291.407440185547
"Reynoutria_japonica",-4.22340498298621,56.5698480998491,5.27515363693237,34.6101036071777,16.7920188903809,1.129758477211,6.87347602844238,76.0949630737305,28.2171287536621,306.194366455078
"Reynoutria_japonica",-4.22670960636356,57.7941925542501,8.34945869445801,28.5754985809326,13.2452898025513,6.7370400428772,5.35776472091675,44.682445526123,15.5441427230835,171.751708984375
"Reynoutria_japonica",-4.2495740690397,56.2928385754949,6.39468955993652,34.646915435791,16.7396144866943,2.2781240940094,7.99368000030518,90.057975769043,27.2860698699951,355.746337890625
"Reynoutria_japonica",-4.25809838033696,52.1757724651498,9.88748168945312,27.2691440582275,13.4732246398926,8.49060726165771,8.38345146179199,67.6855545043945,27.4081192016602,271.286315917969
"Reynoutria_japonica",-4.28371258407223,43.3449663638486,14.5857973098755,34.9652709960938,18.2145690917969,10.1827592849731,20.1008911132812,49.3028717041016,34.4745750427246,184.627471923828
"Reynoutria_japonica",-4.3089261075272,48.5098879917242,12.0747108459473,24.3715667724609,11.9575347900391,9.27362060546875,16.2474803924561,47.9567070007324,32.8672103881836,180.663345336914
"Reynoutria_japonica",-4.31186074391782,48.5447644403269,12.1325159072876,23.7067260742188,11.8104839324951,9.36459922790527,16.2785415649414,46.390495300293,33.1008186340332,175.407440185547
"Reynoutria_japonica",-4.32692549478038,43.32724120976,14.1934576034546,35.2739067077637,18.4788131713867,9.72521591186523,19.7858390808105,47.9834365844727,32.025764465332,172.081024169922
"Reynoutria_japonica",-4.3451017121056,57.7648330561405,6.64809608459473,29.6757831573486,13.6301832199097,4.98155307769775,5.42767381668091,66.3097381591797,19.1244029998779,249.148986816406
"Reynoutria_japonica",-4.34515386619467,43.3576422773312,15.0542125701904,34.5474624633789,17.9920749664307,10.684889793396,20.5336074829102,45.643669128418,32.4872550964355,166.447616577148
"Reynoutria_japonica",-4.35205346418707,55.878099434782,9.64662075042725,34.3254890441895,16.2115859985352,5.67783069610596,11.1923198699951,79.7138824462891,26.1815147399902,328.209991455078
"Reynoutria_japonica",-4.38327888762771,51.9305635754256,9.81902885437012,25.2248630523682,12.9054689407349,8.5244722366333,10.652045249939,70.0118560791016,31.5895767211914,284.59765625
"Reynoutria_japonica",-4.38816972752188,54.7767082780393,10.1230039596558,28.9140014648438,13.4957647323608,8.65668106079102,11.1101675033569,65.0980682373047,24.2412223815918,263.037078857422
"Reynoutria_japonica",-4.43422139603219,56.4065328684016,7.09385871887207,34.4128112792969,16.5993518829346,2.99366903305054,8.70742416381836,90.9442825317383,29.075511932373,330.142974853516
"Reynoutria_japonica",-4.44061342097632,56.5332931958119,6.37239551544189,34.4817047119141,16.6162528991699,2.26187443733215,7.98196744918823,93.1174621582031,31.126335144043,345.13037109375
"Reynoutria_japonica",-4.47183460618249,53.2618198445521,10.5160398483276,28.0099868774414,13.4397563934326,9.13036727905273,11.4277048110962,57.4938354492188,28.3061447143555,246.539398193359
"Reynoutria_japonica",-4.473779178218,57.4358211773343,8.95804882049561,32.4136085510254,15.1121416091919,6.98310136795044,7.89596080780029,50.9502105712891,21.7817993164062,185.646118164062
"Reynoutria_japonica",-4.494581403217,55.9232051734788,8.79941082000732,34.0235900878906,16.0459117889404,4.86846590042114,10.3175745010376,95.7048492431641,27.2421741485596,392.586730957031
"Reynoutria_japonica",-4.5015590594589,53.3537354863897,10.3746070861816,27.2472362518311,13.1947479248047,9.0349760055542,11.2413864135742,57.8268241882324,27.587438583374,242.143432617188
"Reynoutria_japonica",-4.52713688504908,50.6044361536413,10.1141185760498,25.3930740356445,12.4105415344238,7.17959976196289,10.7296991348267,53.0105400085449,28.9712085723877,222.781829833984
"Reynoutria_japonica",-4.53367993847005,55.8542852190575,9.69741535186768,33.7089195251465,15.8269834518433,7.66250848770142,11.1863765716553,70.2591094970703,25.1982326507568,279.752655029297
"Reynoutria_japonica",-4.56010565835107,55.847759592065,9.45722675323486,33.531005859375,15.7135620117188,7.44685029983521,10.9266538619995,73.2068710327148,25.1515445709229,284.174133300781
"Reynoutria_japonica",-4.56127598810428,57.8244104495481,6.44249773025513,30.1119003295898,13.5455617904663,4.78304290771484,7.46252107620239,75.0768966674805,23.1078681945801,261.891571044922
"Reynoutria_japonica",-4.5653255982807,56.5079759162452,5.77865171432495,34.2214469909668,16.4096202850342,1.71309649944305,7.36094284057617,104.995010375977,30.7422790527344,375.035675048828
"Reynoutria_japonica",-4.58273617091976,57.8602586324673,7.73411464691162,29.7346858978271,13.3416566848755,6.10504007339478,8.72774600982666,68.4448013305664,22.2664451599121,233.415908813477
"Reynoutria_japonica",-4.58394466144806,50.4570941443258,10.8853368759155,22.5742702484131,11.7742576599121,8.07382774353027,11.4263181686401,65.1304473876953,29.605525970459,265.147094726562
"Reynoutria_japonica",-4.60813604607854,48.376873846206,12.2701005935669,24.0695896148682,11.7510480880737,9.53139114379883,16.3712100982666,39.9647979736328,33.1414489746094,159.360946655273
"Reynoutria_japonica",-4.62656376327847,55.1739479491383,8.02406406402588,30.9181365966797,14.1031150817871,6.4008207321167,9.12067604064941,72.6733169555664,26.2397117614746,310.453735351562
"Reynoutria_japonica",-4.63265950893037,56.5697359666508,5.8951735496521,33.9879417419434,16.2659950256348,1.85456311702728,7.45946025848389,111.381645202637,30.9289665222168,394.551696777344
"Reynoutria_japonica",-4.63305806081245,57.4630653264769,7.36003446578979,32.3484306335449,14.8945226669312,5.43896770477295,8.64323139190674,67.3860702514648,26.3536586761475,220.764038085938
"Reynoutria_japonica",-4.63666778477063,57.6413175037847,7.2030668258667,31.4873352050781,14.2752094268799,5.4001350402832,8.36594486236572,82.0126113891602,26.678581237793,277.518798828125
"Reynoutria_japonica",-4.63778356146483,54.8402433339351,9.77333164215088,28.8403606414795,13.3712282180786,8.31294727325439,10.7518882751465,70.1924667358398,24.8999252319336,300.466156005859
"Reynoutria_japonica",-4.6500303618568,56.936493403924,5.29733753204346,33.7586669921875,16.0609226226807,1.29855525493622,6.80780410766602,90.1689376831055,32.545654296875,313.918579101562
"Reynoutria_japonica",-4.65217944194805,55.2121780245775,8.59632301330566,31.1226043701172,14.191707611084,6.94473266601562,9.72215557098389,63.9609413146973,26.2113037109375,279.464294433594
"Reynoutria_japonica",-4.66452844948863,55.3912236292361,9.61775970458984,31.753044128418,14.5551061630249,7.87159538269043,10.8399257659912,53.9008941650391,25.4252376556396,219.977783203125
"Reynoutria_japonica",-4.66586546253543,56.4462621761013,6.8089919090271,33.9082908630371,16.2383728027344,2.78329396247864,8.37504768371582,120.624938964844,32.0791358947754,444.561889648438
"Reynoutria_japonica",-4.66844394605354,57.2477434619774,7.37946653366089,33.0990447998047,15.5544939041138,3.50940847396851,8.80991554260254,70.0197677612305,31.5510330200195,245.991821289062
"Reynoutria_japonica",-4.68836471760272,50.4230680362522,11.0218000411987,21.8207206726074,11.6000089645386,8.24059295654297,11.5377931594849,55.3005180358887,29.4226264953613,226.790405273438
"Reynoutria_japonica",-4.70734127769441,57.8373013671205,6.96677160263062,29.9075355529785,13.3453359603882,5.34043312072754,10.1030683517456,75.6559982299805,24.5213813781738,258.903442382812
"Reynoutria_japonica",-4.70781153975527,48.534179699784,12.3024826049805,22.0734710693359,11.1953325271606,9.67726612091064,16.2952785491943,42.6679534912109,32.129825592041,170.766403198242
"Reynoutria_japonica",-4.71706014284053,56.7778662833665,6.75859308242798,33.5941123962402,16.051887512207,2.75435447692871,8.30807876586914,92.9423065185547,31.1660976409912,321.562164306641
"Reynoutria_japonica",-4.7861256878803,57.4843746476233,6.62268924713135,32.2897758483887,14.752121925354,4.72917318344116,11.4360752105713,76.674072265625,27.4842128753662,244.17610168457
"Reynoutria_japonica",-4.79687341305855,56.1068066629702,8.4425745010376,32.6544609069824,15.4250259399414,4.60058975219727,9.90018653869629,111.886962890625,29.566255569458,445.331024169922
"Reynoutria_japonica",-4.79830551059211,57.5282505411736,6.75079917907715,32.0029945373535,14.5894765853882,4.89195442199707,10.1954755783081,89.0117645263672,28.6485862731934,285.6259765625
"Reynoutria_japonica",-4.81478050649383,51.9402661928256,9.42819786071777,20.1777629852295,11.6391525268555,8.37543869018555,10.0385837554932,73.4767074584961,31.5105800628662,296.937316894531
"Reynoutria_japonica",-4.82425568501498,51.6863427596428,10.9437456130981,21.1921577453613,11.7750968933105,9.87922191619873,11.5640954971313,59.8337898254395,29.4053382873535,239.68244934082
"Reynoutria_japonica",-4.83702668418687,56.6886539598708,6.98486804962158,33.1458740234375,15.7558965682983,3.03451442718506,8.50128936767578,108.373085021973,30.7224063873291,376.109649658203
"Reynoutria_japonica",-4.8575116545556,57.8277102692083,5.82045555114746,30.1269092559814,13.4338064193726,4.1763482093811,8.97451591491699,88.660514831543,27.5619029998779,317.725646972656
"Reynoutria_japonica",-4.87053236121692,50.5174427115926,11.3176288604736,21.1580028533936,11.4104270935059,8.57646751403809,11.80504322052,51.2385864257812,28.7175617218018,211.312469482422
"Reynoutria_japonica",-4.88053357778253,57.8979151338641,7.50872373580933,29.3862590789795,12.9903907775879,5.93899297714233,8.46346187591553,90.5589599609375,26.5803184509277,322.943725585938
"Reynoutria_japonica",-4.89936070545891,56.3116049438805,6.92288684844971,32.6109237670898,15.4584188461304,3.06096148490906,8.38262271881104,127.158592224121,30.2782669067383,467.914733886719
"Reynoutria_japonica",-4.92209461097682,56.5685381644102,6.37884855270386,32.7195854187012,15.5037546157837,2.4882071018219,7.84841537475586,121.01628112793,30.8698768615723,424.00244140625
"Reynoutria_japonica",-4.95393486551251,57.8282247620541,5.2570104598999,29.9585132598877,13.3304376602173,3.63076090812683,6.25336790084839,114.258728027344,28.3663730621338,415.120483398438
"Reynoutria_japonica",-4.96593516029338,56.599893093681,7.12610578536987,32.5465927124023,15.3796234130859,3.25548553466797,8.58973217010498,117.107383728027,30.6586284637451,437.342681884766
"Reynoutria_japonica",-4.97090265775067,56.4425195316284,8.04858493804932,32.2841758728027,15.3477554321289,4.19472789764404,9.51902008056641,118.007057189941,31.2236213684082,426.883392333984
"Reynoutria_japonica",-4.98076869603138,51.8033105442482,10.9512052536011,19.2690143585205,11.3723564147949,9.95892715454102,11.5081472396851,52.9261169433594,29.9179496765137,210.324432373047
"Reynoutria_japonica",-4.9879303704484,57.6067358379129,8.0114574432373,31.1954860687256,14.0381927490234,6.2372579574585,11.3298959732056,86.2744445800781,29.8405933380127,280.319610595703
"Reynoutria_japonica",-5.03069610426998,50.425234255701,11.3212728500366,19.0102672576904,10.925573348999,8.6854772567749,11.7276439666748,61.0015068054199,29.5652561187744,246.470581054688
"Reynoutria_japonica",-5.05901113397764,43.3506522414685,14.2552700042725,37.2590370178223,19.3356971740723,9.63199329376221,19.9854907989502,39.284610748291,40.9926910400391,138.882171630859
"Reynoutria_japonica",-5.06165684718561,51.8356741326048,10.6350946426392,18.6930313110352,11.2349939346313,9.67141628265381,11.1633110046387,62.5728950500488,30.4360866546631,250.820709228516
"Reynoutria_japonica",-5.0919213123099,57.3329959540945,5.91658878326416,31.5396327972412,14.4688100814819,4.06087684631348,7.16628837585449,109.999061584473,30.2163734436035,359.840484619141
"Reynoutria_japonica",-5.11137110289306,43.2620281184667,12.4549198150635,38.2138442993164,20.1711711883545,7.66693019866943,18.3925285339355,45.0635299682617,40.4601898193359,158.228805541992
"Reynoutria_japonica",-5.16121603783452,56.3816513132693,8.02805995941162,31.2931365966797,14.7525272369385,4.30469036102295,9.4024829864502,122.850166320801,30.2502861022949,460.684783935547
"Reynoutria_japonica",-5.20711749933839,57.6383669852422,7.54548692703247,30.0280818939209,13.4131669998169,5.87474489212036,8.60560131072998,105.255531311035,30.6629276275635,407.174957275391
"Reynoutria_japonica",-5.20959644524953,50.0511008247967,11.5620908737183,16.4932289123535,10.2553882598877,9.09696292877197,11.8272113800049,56.5388221740723,30.2362060546875,212.507476806641
"Reynoutria_japonica",-5.21474462812112,57.2703766842951,5.36523008346558,30.9678421020508,14.138352394104,3.56452703475952,6.57157802581787,132.848937988281,30.3408069610596,444.296936035156
"Reynoutria_japonica",-5.22515100545594,56.9939823243089,7.89167785644531,31.220947265625,14.4715099334717,4.22551393508911,9.2156343460083,109.995674133301,30.4145259857178,383.081878662109
"Reynoutria_japonica",-5.24111236937236,56.2560356856156,8.76753616333008,30.5493869781494,14.3128185272217,5.13277339935303,10.0862398147583,108.133644104004,28.8028888702393,435.123382568359
"Reynoutria_japonica",-5.26349380935354,43.2628079888099,10.7000980377197,39.0673370361328,20.6245651245117,5.85654735565186,16.71702003479,49.7663993835449,36.5476264953613,174.486968994141
"Reynoutria_japonica",-5.31034989085832,43.2305763749454,9.49026012420654,39.4980812072754,21.0080642700195,4.58380889892578,15.596245765686,45.5467300415039,43.0487976074219,162.826629638672
"Reynoutria_japonica",-5.33146550539005,55.6418821192097,7.87865257263184,26.5786762237549,12.8023252487183,6.36424016952515,8.90649700164795,98.8892211914062,27.8482494354248,441.434722900391
"Reynoutria_japonica",-5.37452738762136,57.5861245266148,7.40161943435669,29.101634979248,13.0105142593384,5.79435443878174,8.4170036315918,95.8592910766602,28.9711322784424,363.436218261719
"Reynoutria_japonica",-5.38701917181085,43.1376270218171,10.2147283554077,40.1245765686035,21.6765842437744,5.13955307006836,16.4808826446533,37.0550575256348,39.1974296569824,133.913970947266
"Reynoutria_japonica",-5.41532523078541,57.7091893842439,7.00798988342285,28.1494102478027,12.4826631546021,5.49651002883911,7.93055391311646,103.103713989258,29.1299800872803,432.199829101562
"Reynoutria_japonica",-5.43148337351106,43.1965914445652,10.5248098373413,40.0363349914551,21.4504280090332,5.50663042068481,16.7257709503174,40.7554817199707,40.0690689086914,144.012985229492
"Reynoutria_japonica",-5.4512725329839,43.256619037374,11.8834276199341,39.6086006164551,20.9103622436523,6.9774808883667,17.9372825622559,42.6461181640625,37.6821327209473,149.382583618164
"Reynoutria_japonica",-5.46149495758484,43.1324167331471,8.93946552276611,40.2968254089355,21.7312278747559,3.88484859466553,15.2076263427734,41.4400939941406,41.6404304504395,148.078018188477
"Reynoutria_japonica",-5.48636555569684,56.9287941128558,6.83693885803223,29.767017364502,13.6329231262207,5.09629964828491,8.01996421813965,135.923110961914,28.7173557281494,481.144378662109
"Reynoutria_japonica",-5.50140109795541,55.9822095826249,8.5191011428833,27.4133529663086,12.8972606658936,6.95577573776245,9.59523105621338,101.71134185791,28.5249061584473,462.621459960938
"Reynoutria_japonica",-5.50556943844685,55.6932390944774,9.004714012146,25.5814762115479,12.3893270492554,7.54244709014893,9.99492359161377,87.5209426879883,27.467212677002,386.94287109375
"Reynoutria_japonica",-5.52779187750168,57.5851538830677,6.77222919464111,27.6647529602051,12.4047527313232,5.26327085494995,7.69867467880249,102.586349487305,28.9226169586182,424.918487548828
"Reynoutria_japonica",-5.56467418697684,56.0015609788906,9.30413246154785,27.4298992156982,12.8509826660156,6.00424289703369,10.3865375518799,93.3480453491211,28.3400287628174,396.213256835938
"Reynoutria_japonica",-5.56526597977685,43.2328248949341,12.8734970092773,40.0505523681641,21.2781734466553,7.86843919754028,19.0033416748047,34.0359535217285,38.3360939025879,119.174774169922
"Reynoutria_japonica",-5.56848067118226,57.6458179762105,7.10045337677002,27.1693267822266,12.1149368286133,5.6369161605835,7.9853458404541,95.3106842041016,27.3507595062256,394.990417480469
"Reynoutria_japonica",-5.60489753509842,43.499012180458,14.0622911453247,38.4917106628418,19.3588714599609,9.51150321960449,19.691577911377,47.8490371704102,34.6449928283691,164.349456787109
"Reynoutria_japonica",-5.61264029488306,43.2882771494422,13.0427665710449,39.9511528015137,21.000093460083,8.10535717010498,19.091869354248,37.3802337646484,37.8213500976562,128.812606811523
"Reynoutria_japonica",-5.61533439084108,57.650803378236,7.61261940002441,26.7774028778076,11.9579668045044,6.17563581466675,8.47947788238525,92.1159515380859,27.6995410919189,393.236999511719
"Reynoutria_japonica",-5.61579487926044,55.5446611960014,8.62606143951416,24.7706165313721,12.0821466445923,7.22566890716553,9.55417060852051,84.0954360961914,28.3402519226074,396.757080078125
"Reynoutria_japonica",-5.64692681427585,57.5872354328562,7.56571531295776,26.5972194671631,11.8985223770142,6.13364839553833,8.42892551422119,105.761978149414,29.5173568725586,469.8681640625
"Reynoutria_japonica",-5.68303917538914,56.7566816387247,8.73478603363037,28.5856437683105,12.9910402297974,7.10959053039551,9.84469509124756,119.335815429688,28.5437412261963,468.236511230469
"Reynoutria_japonica",-5.7663684379371,43.2907377533632,13.361611366272,40.1662864685059,20.9724502563477,8.43918704986572,19.3848514556885,39.7286605834961,37.3570594787598,134.719619750977
"Reynoutria_japonica",-5.77793783579481,54.5214350614484,10.109715461731,26.4414520263672,12.4892597198486,6.97342729568481,6.97678136825562,57.6723747253418,18.3889713287354,218.06787109375
"Reynoutria_japonica",-5.78029559673502,43.2236886219302,13.2572507858276,40.3068695068359,21.2699012756348,8.26069831848145,19.3596591949463,35.951904296875,38.2966575622559,122.483009338379
"Reynoutria_japonica",-5.79206574987144,56.3785616641401,8.19614124298096,27.6668682098389,12.5697402954102,6.66648292541504,9.2210636138916,103.858352661133,28.3181114196777,448.494323730469
"Reynoutria_japonica",-5.84056046279853,43.192055778393,12.0953178405762,40.5659027099609,21.47194480896,7.07971143722534,18.2451210021973,36.4090347290039,33.3277931213379,128.231903076172
"Reynoutria_japonica",-5.91800772024841,54.5206153183249,9.83778190612793,28.3016414642334,12.9368562698364,6.61600351333618,6.73143672943115,67.185791015625,18.3778057098389,272.139190673828
"Reynoutria_japonica",-5.92138816115651,43.3816114888528,14.5471487045288,39.5726852416992,19.9418258666992,9.87386035919189,20.2807426452637,39.3998107910156,37.2620620727539,133.258071899414
"Reynoutria_japonica",-5.94258610929618,54.1861010810836,7.99588537216187,26.4063854217529,12.464376449585,4.8891077041626,8.79681873321533,85.243293762207,17.9485168457031,294.552276611328
"Reynoutria_japonica",-5.95810147237137,43.2298896396205,8.60238361358643,40.4978370666504,21.1478023529053,3.7393913269043,14.6562824249268,49.8045196533203,34.8170623779297,173.289413452148
"Reynoutria_japonica",-5.96963098250997,54.8662348843277,8.50134658813477,28.7683277130127,12.9717464447021,5.25131940841675,7.18546199798584,71.1173629760742,21.1699371337891,285.919158935547
"Reynoutria_japonica",-5.98908050252142,54.5878727695707,9.75521659851074,28.9901561737061,13.1156053543091,8.25119495391846,6.66558885574341,59.5535049438477,17.9447765350342,226.507568359375
"Reynoutria_japonica",-5.99628226978802,43.41009450085,14.7564105987549,39.620475769043,19.9158954620361,10.0907516479492,20.475191116333,36.8079986572266,37.339527130127,123.858627319336
"Reynoutria_japonica",-6.014332018745,54.156709405568,8.63296222686768,27.242395401001,12.6661176681519,7.26471996307373,9.46990299224854,79.7010803222656,19.5132904052734,287.010345458984
"Reynoutria_japonica",-6.08036980329914,54.1925777126923,8.60025501251221,28.065450668335,12.8807907104492,7.1897554397583,7.17146968841553,83.2671051025391,17.8521366119385,296.200286865234
"Reynoutria_japonica",-6.0859893031497,54.8391650103367,8.92892551422119,29.8238391876221,13.2268896102905,7.3711371421814,7.645827293396,70.4228744506836,20.3919944763184,297.385589599609
"Reynoutria_japonica",-6.11079642434887,54.6576587364703,9.52750301361084,30.3209056854248,13.4516696929932,7.9574761390686,6.4589786529541,63.3500213623047,18.3724994659424,273.062133789062
"Reynoutria_japonica",-6.11779684831409,53.0467917125137,10.0823068618774,25.4620456695557,12.4155111312866,7.01652097702026,14.4843139648438,58.0671997070312,24.9739723205566,220.337310791016
"Reynoutria_japonica",-6.118223871333,43.4981308768972,14.9698753356934,39.0671997070312,19.1548709869385,10.5029525756836,20.4788818359375,40.650447845459,33.3962707519531,142.106262207031
"Reynoutria_japonica",-6.11963631901834,55.0751172309012,9.06481647491455,28.2748985290527,12.7384185791016,7.57277965545654,7.77992010116577,67.0540237426758,20.8091049194336,239.314163208008
"Reynoutria_japonica",-6.12018462076669,42.6348882565943,9.99713611602783,41.0841331481934,23.7446212768555,4.42294120788574,16.8499336242676,18.3222579956055,46.4892654418945,77.8078079223633
"Reynoutria_japonica",-6.17563596771837,53.1650570955809,9.21841335296631,27.0231857299805,12.7609300613403,6.08719062805176,13.6843290328979,60.039623260498,23.3265647888184,219.270874023438
"Reynoutria_japonica",-6.1878377552451,43.4692829192649,13.8980760574341,39.121940612793,19.1267871856689,9.47088813781738,19.3954601287842,40.4664459228516,34.4099998474121,148.603393554688
"Reynoutria_japonica",-6.20097343944442,42.8633883549667,7.10249948501587,41.5034675598145,22.8647899627686,1.87464320659637,13.5971565246582,25.5664005279541,44.5999526977539,104.606117248535
"Reynoutria_japonica",-6.23258148937867,42.5435640500969,8.86457633972168,41.2011299133301,23.898796081543,3.29277181625366,15.5050468444824,23.9417419433594,41.7499504089355,103.338539123535
"Reynoutria_japonica",-6.24250342477019,52.9776576414923,9.41602230072021,27.5130920410156,12.8523473739624,6.2804594039917,13.8884248733521,68.7506790161133,25.6694602966309,264.789367675781
"Reynoutria_japonica",-6.24636424714888,42.7363351508242,9.26067543029785,41.3796234130859,23.3685092926025,3.84770655632019,15.9403514862061,20.6447048187256,51.4527778625488,83.9533157348633
"Reynoutria_japonica",-6.25359729573173,57.3024292730406,8.4188289642334,22.0931358337402,10.5394067764282,7.23528003692627,9.09023380279541,108.833786010742,29.8468074798584,517.261108398438
"Reynoutria_japonica",-6.26961752518958,57.3409939208594,8.43066310882568,21.8446941375732,10.4786071777344,7.25593423843384,9.09321117401123,99.8973159790039,29.2088088989258,462.659118652344
"Reynoutria_japonica",-6.27235848208408,43.2946089350862,11.7439622879028,40.3933067321777,20.4120674133301,7.05111837387085,17.5498065948486,45.169506072998,36.0458450317383,160.119430541992
"Reynoutria_japonica",-6.27592113022005,42.7308631356088,9.47969341278076,41.3991508483887,23.3600463867188,4.06976461410522,16.1518001556396,20.4234352111816,51.430606842041,83.1820220947266
"Reynoutria_japonica",-6.28876428790418,42.6102525571458,10.4312601089478,41.2494163513184,23.7972602844238,4.85326099395752,17.2818183898926,21.8710594177246,44.8427581787109,90.8487548828125
"Reynoutria_japonica",-6.29105564062491,53.4776415040741,10.3975286483765,28.8084316253662,13.2266445159912,8.93983364105225,7.2276611328125,52.5714836120605,16.9706707000732,196.891479492188
"Reynoutria_japonica",-6.30048323930442,42.7938441919287,5.83653259277344,41.7624855041504,22.9027938842773,0.641835391521454,12.3167037963867,30.2808475494385,45.7369537353516,121.700233459473
"Reynoutria_japonica",-6.30862941435225,57.5547347452822,8.30722713470459,20.5178909301758,10.1086492538452,7.21180248260498,8.87671184539795,85.3720474243164,26.5155601501465,388.175720214844
"Reynoutria_japonica",-6.30892695369305,53.7241927155765,10.4451837539673,29.8486423492432,13.5116882324219,8.92506217956543,7.29743528366089,55.1279067993164,17.3095321655273,210.526214599609
"Reynoutria_japonica",-6.31437178899379,43.4365275241264,12.0466527938843,39.6070251464844,19.4200572967529,7.58729410171509,17.6076717376709,45.9771308898926,35.5601959228516,161.3427734375
"Reynoutria_japonica",-6.31722167424455,57.5885792092691,8.086745262146,20.3041610717773,10.0564136505127,7.00627946853638,6.73892402648926,81.3947296142578,24.7890129089355,357.791534423828
"Reynoutria_japonica",-6.33904101548715,42.6118352742874,11.4808692932129,41.2754211425781,23.8102016448975,5.88611125946045,18.3313236236572,21.1513404846191,43.6192741394043,86.0325622558594
"Reynoutria_japonica",-6.34008350450303,53.4161216401035,10.2331218719482,30.0604915618896,13.609393119812,6.94329118728638,7.06895542144775,62.5731773376465,19.7405281066895,232.901641845703
"Reynoutria_japonica",-6.35140536039351,57.305158647299,9.17850971221924,21.4526500701904,10.3570442199707,8.02960300445557,9.81693935394287,91.9969863891602,29.3858795166016,435.586151123047
"Reynoutria_japonica",-6.36550703429678,52.949088226639,8.80732917785645,29.4857006072998,13.4005937576294,5.59449863433838,13.3618288040161,65.8291778564453,24.2402324676514,249.929885864258
"Reynoutria_japonica",-6.38475545326129,43.4129437193623,10.8392162322998,39.9803428649902,19.7268981933594,6.33672332763672,16.4637145996094,50.3717651367188,35.0830039978027,177.646301269531
"Reynoutria_japonica",-6.38629828129167,58.261180826572,9.10723972320557,18.2134418487549,9.18971347808838,8.21009063720703,9.44969272613525,71.4412231445312,26.287654876709,280.792297363281
"Reynoutria_japonica",-6.38745178018278,53.6696308154034,10.301495552063,31.1157779693604,13.8698539733887,8.71354866027832,7.16924095153809,57.3981170654297,17.5518989562988,212.472381591797
"Reynoutria_japonica",-6.41179438961385,42.6793628386435,11.0439176559448,41.4929389953613,23.4867572784424,5.57044839859009,17.7546100616455,20.5675296783447,50.0190849304199,82.0205230712891
"Reynoutria_japonica",-6.42436774162685,42.5417026204323,10.1012144088745,41.4428863525391,23.8454685211182,4.55058670043945,16.9299812316895,26.9472942352295,42.3760833740234,110.646492004395
"Reynoutria_japonica",-6.43358470882092,58.2688340820224,9.02529811859131,18.1732368469238,9.15206527709961,8.13419151306152,9.36340522766113,71.3249893188477,25.960844039917,277.377990722656
"Reynoutria_japonica",-6.44495553548413,43.2540194417287,12.5474109649658,40.8186225891113,20.6153316497803,7.81489276885986,18.3686981201172,37.3778800964355,38.3650894165039,133.096466064453
"Reynoutria_japonica",-6.45045128338735,42.8025808805026,8.398024559021,41.7980537414551,22.9225978851318,3.16288471221924,14.8719043731689,29.957836151123,43.1652870178223,115.967811584473
"Reynoutria_japonica",-6.4670061856098,54.7500863422956,10.2561483383179,32.9037551879883,14.0712842941284,8.53829574584961,9.08205223083496,59.8725662231445,19.1424236297607,222.812423706055
"Reynoutria_japonica",-6.4860390628285,58.2620932986097,8.89151191711426,18.1077156066895,9.12957191467285,8.0060567855835,9.22159194946289,72.8470611572266,25.3985652923584,280.396331787109
"Reynoutria_japonica",-6.49277762525485,43.4485922184428,13.57799243927,39.8684310913086,19.3130722045898,9.14093971252441,19.0711841583252,40.1719512939453,35.7175407409668,145.244323730469
"Reynoutria_japonica",-6.49804733886559,52.435007660298,10.6406726837158,29.0604610443115,13.069694519043,9.25447082519531,11.4343938827515,59.1408958435059,24.3296928405762,239.095520019531
"Reynoutria_japonica",-6.5004222198016,42.7675660068632,10.2826623916626,41.8106575012207,23.1000003814697,4.96580219268799,16.8120594024658,25.1101169586182,45.5983009338379,95.7024917602539
"Reynoutria_japonica",-6.50807536506525,52.2122460980582,10.9753322601318,27.5051155090332,12.511058807373,9.67799854278564,11.6897487640381,55.1935081481934,24.9786376953125,227.15754699707
"Reynoutria_japonica",-6.51448591949824,43.5081635987442,14.4958572387695,39.1510429382324,18.5521583557129,10.2334213256836,19.7937889099121,45.2793426513672,32.0262451171875,160.627395629883
"Reynoutria_japonica",-6.52115447037256,52.3108064759828,10.5090742111206,28.3742008209229,12.8218364715576,9.16740417480469,11.2610778808594,55.3009872436523,24.0171279907227,225.303070068359
"Reynoutria_japonica",-6.52434778498571,53.8431129925959,10.231614112854,33.0497055053711,14.504903793335,6.74938535690308,7.12805032730103,58.846305847168,16.7254848480225,218.497222900391
"Reynoutria_japonica",-6.54373267060098,42.6667576047136,11.5223236083984,41.7365760803223,23.4208946228027,6.08805799484253,18.1711349487305,21.5683765411377,47.901309967041,83.6073455810547
"Reynoutria_japonica",-6.55008905486717,54.4595138006324,10.2651748657227,34.3982925415039,14.7053165435791,8.47352123260498,7.2414493560791,57.0937423706055,17.762788772583,216.803771972656
"Reynoutria_japonica",-6.56627145881245,58.1353170589969,9.27856826782227,18.1135711669922,9.14743518829346,8.39272499084473,9.61544322967529,77.0995788574219,26.3595523834229,323.475280761719
"Reynoutria_japonica",-6.57769327232609,53.8455655498782,10.2907238006592,33.5883750915527,14.6874742507935,6.77514982223511,7.19682359695435,57.5011749267578,17.279016494751,211.658157348633
"Reynoutria_japonica",-6.60439494962521,42.8828343487192,8.08089923858643,42.0493392944336,22.5014667510986,3.00088930130005,14.3794002532959,29.6661643981934,45.2596702575684,108.990776062012
"Reynoutria_japonica",-6.62058908760374,53.6946163139111,10.1391763687134,33.9182510375977,14.8232097625732,6.61121082305908,7.04182720184326,59.8354835510254,18.3230247497559,216.737228393555
"Reynoutria_japonica",-6.68315313819972,54.4020600417923,10.2073612213135,35.2566566467285,15.0645170211792,8.34906196594238,7.18516397476196,54.4618339538574,17.1923084259033,204.164611816406
"Reynoutria_japonica",-6.71081723899422,58.0160447966146,9.26715087890625,18.1053504943848,9.13393878936768,8.38878440856934,9.5956563949585,68.2928924560547,24.4315147399902,275.149353027344
"Reynoutria_japonica",-6.72133576512562,54.9830912278048,9.46275615692139,32.177978515625,13.5326595306396,6.12391042709351,8.2836856842041,61.1301651000977,19.9838676452637,218.005081176758
"Reynoutria_japonica",-6.81385870456291,58.1338517586684,9.05707550048828,18.0270519256592,8.97750473022461,8.20487785339355,9.35573959350586,80.1703491210938,24.8588886260986,328.320861816406
"Reynoutria_japonica",-6.96926282809923,54.829591563929,8.13228702545166,34.4397926330566,14.35325050354,4.66030263900757,9.29346466064453,73.7829666137695,21.836519241333,277.381652832031
"Reynoutria_japonica",-6.988345833574,54.8345719400183,8.36687660217285,34.0377311706543,14.1702222824097,4.92487239837646,7.21646308898926,71.5057907104492,18.7747249603271,262.892700195312
"Reynoutria_japonica",-7.01488768847637,54.0378751096476,9.76917362213135,36.9484214782715,15.8484525680542,6.02898979187012,6.74488353729248,57.2543983459473,16.1248817443848,202.909271240234
"Reynoutria_japonica",-7.09849475651366,54.0910121825004,9.77876567840576,37.1246337890625,15.8603954315186,6.03596067428589,6.77460527420044,60.2966575622559,17.587574005127,226.066070556641
"Reynoutria_japonica",-7.20699260484788,52.206801934645,10.6643733978271,31.3074893951416,13.4357929229736,9.15729713439941,11.5251636505127,60.8605194091797,22.2326068878174,230.635482788086
"Reynoutria_japonica",-7.27463161607839,42.7944942405789,10.8575687408447,42.9068603515625,22.0870037078857,5.90849113464355,16.9219913482666,32.7095527648926,43.1088638305664,115.154258728027
"Reynoutria_japonica",-7.31946736370287,54.284780473664,9.05620574951172,37.2027702331543,15.6957836151123,5.33149480819702,6.08871364593506,67.6925201416016,17.500207901001,260.286224365234
"Reynoutria_japonica",-7.34828965876312,55.1468268960852,9.21383953094482,30.5886325836182,12.5849704742432,6.05205821990967,8.05128002166748,65.0288009643555,22.0982284545898,297.080749511719
"Reynoutria_japonica",-7.35437584565927,54.4397950017003,9.0023250579834,36.8246116638184,15.4217023849487,5.3373818397522,6.05491256713867,72.998779296875,18.4291439056396,276.607055664062
"Reynoutria_japonica",-7.38216907555693,42.8211026349869,13.1856174468994,42.8600273132324,21.8289413452148,8.25856304168701,19.1734981536865,23.4336948394775,44.2204093933105,83.0508270263672
"Reynoutria_japonica",-7.38924685742847,53.0790931998406,9.89369010925293,37.7984924316406,16.1878852844238,7.90812063217163,6.8460750579834,49.1761894226074,17.9284763336182,187.785980224609
"Reynoutria_japonica",-7.40308068605236,55.1512107016501,9.53922939300537,30.6339321136475,12.5471134185791,6.38173341751099,8.3849630355835,65.1652679443359,22.6337451934814,301.329406738281
"Reynoutria_japonica",-7.40588516673896,52.267914514454,10.3787574768066,33.0143661499023,14.0135431289673,8.77430152893066,13.5820655822754,57.9898338317871,21.5077953338623,199.103149414062
"Reynoutria_japonica",-7.41682087680653,42.5413085873044,13.4844484329224,42.8827056884766,22.8547878265381,8.25755405426025,19.8003005981445,24.1189651489258,46.3347702026367,88.2005615234375
"Reynoutria_japonica",-7.41979940570302,42.5415625975766,13.6777334213257,42.9050445556641,22.7151145935059,8.4844388961792,19.9497928619385,21.974588394165,49.3757820129395,79.9169921875
"Reynoutria_japonica",-7.42675617061011,54.1500860146003,10.0065622329712,37.3410797119141,15.7947111129761,6.26083469390869,8.98581981658936,62.9983062744141,17.837215423584,238.909744262695
"Reynoutria_japonica",-7.51801628134582,53.0807871574587,8.78645515441895,37.9705276489258,16.2043399810791,6.81110906600952,5.73740243911743,62.3567047119141,19.7256679534912,239.253646850586
"Reynoutria_japonica",-7.53445407763205,42.5419377887741,13.8114585876465,42.9606170654297,22.4927806854248,8.68293190002441,20.0066528320312,17.9426822662354,53.732852935791,69.6084747314453
"Reynoutria_japonica",-7.53470881650908,53.1041446927703,8.45769786834717,38.0098114013672,16.2138919830322,6.48269033432007,5.40484046936035,57.1641387939453,16.1010837554932,222.832946777344
"Reynoutria_japonica",-7.53750585708288,54.7102084915398,9.75333213806152,35.3498840332031,14.4716997146606,6.24760913848877,8.69665241241455,65.8428268432617,21.3418159484863,241.129974365234
"Reynoutria_japonica",-7.55106439150788,42.9208341781769,12.6096172332764,42.4914207458496,20.6705417633057,8.00557518005371,18.262134552002,29.3478584289551,44.2327423095703,107.595764160156
"Reynoutria_japonica",-7.56454021918801,52.5573071586974,9.87553787231445,36.4992828369141,15.3308238983154,8.0514497756958,11.0360736846924,58.7760925292969,20.7534580230713,201.871810913086
"Reynoutria_japonica",-7.58176182626758,53.069565420818,8.861403465271,38.0327987670898,16.2007427215576,6.88427448272705,5.81799364089966,56.5428695678711,19.5937175750732,214.266723632812
"Reynoutria_japonica",-7.5965403703684,52.3349014012182,10.0904693603516,34.4825134277344,14.4774398803711,6.7260217666626,13.3752727508545,61.944751739502,19.4858360290527,212.674819946289
"Reynoutria_japonica",-7.66113680632889,53.411625279152,9.99561977386475,37.8796424865723,16.2158222198486,7.96495532989502,6.98265266418457,55.9136924743652,18.129508972168,214.464477539062
"Reynoutria_japonica",-7.73885141384542,52.1479918195386,10.4847211837769,31.7004985809326,13.3555192947388,8.96448802947998,11.3591423034668,75.8516693115234,22.8925075531006,282.548614501953
"Reynoutria_japonica",-7.74556948639115,42.637472127216,13.0570039749146,42.8279762268066,21.4647808074951,8.23183727264404,18.9261474609375,20.4350128173828,48.8684349060059,82.7750625610352
"Reynoutria_japonica",-7.78764115482286,54.2124797013324,8.46317195892334,36.9836158752441,15.450719833374,4.79198741912842,9.802903175354,76.9303512573242,18.5049285888672,279.704193115234
"Reynoutria_japonica",-7.79541053767309,42.7630656841828,12.2210893630981,42.3803977966309,20.4860324859619,7.66884851455688,17.8269233703613,26.9519062042236,47.9478073120117,103.286117553711
"Reynoutria_japonica",-7.81502619007945,52.6110349691716,9.99710273742676,36.9889755249023,15.4892330169678,6.44549942016602,11.1999025344849,66.6623077392578,19.5574035644531,232.576477050781
"Reynoutria_japonica",-7.82469381636541,54.9841332360129,9.42370510101318,32.5856552124023,13.0815629959106,6.16913890838623,10.4833526611328,85.1253662109375,23.7259883880615,326.292510986328
"Reynoutria_japonica",-7.84368831792329,53.5743364557973,10.1110258102417,37.8219795227051,15.9401044845581,8.09159088134766,7.14249563217163,56.9962348937988,18.0442981719971,220.076705932617
"Reynoutria_japonica",-7.9361129426782,41.7107095379744,10.6398696899414,42.2154922485352,22.9385604858398,5.4140362739563,16.9921073913574,20.8880939483643,55.8739738464355,98.7024993896484
"Reynoutria_japonica",-7.94988807376714,55.0134625114749,9.31974315643311,31.8532848358154,12.7268600463867,6.13598585128784,10.3359498977661,82.950309753418,24.6200084686279,307.456359863281
"Reynoutria_japonica",-7.96662635926278,41.7731661718853,11.4194393157959,42.1370086669922,22.6901473999023,6.23652744293213,17.7035675048828,16.6795291900635,59.1289520263672,78.8949661254883
"Reynoutria_japonica",-7.96977693885342,42.3594806869714,14.4067192077637,42.5489082336426,21.4088287353516,9.5313606262207,20.3068466186523,17.1340236663818,54.5698738098145,78.5286560058594
"Reynoutria_japonica",-7.97793661200252,41.4371576512822,14.7332677841187,41.3968200683594,23.3467121124268,9.29931640625,21.2362632751465,14.5808000564575,56.9575271606445,71.0357666015625
"Reynoutria_japonica",-7.9798304677593,52.0886819607804,10.7114839553833,31.2486743927002,13.1041593551636,7.58212566375732,11.5633583068848,65.4842376708984,21.7238845825195,245.620803833008
"Reynoutria_japonica",-7.99101673510396,42.3939165275467,13.9301242828369,42.5449600219727,21.2719631195068,9.10532379150391,19.785551071167,16.5712947845459,57.1335945129395,76.3304443359375
"Reynoutria_japonica",-8.00422328944967,41.742658482371,12.5736675262451,41.9060897827148,22.5528297424316,7.38735246658325,18.834623336792,16.0592937469482,58.6106567382812,77.6490325927734
"Reynoutria_japonica",-8.00431484580042,52.8315500406025,9.27529335021973,37.9245071411133,15.8139019012451,5.65066814422607,10.5427350997925,76.4255981445312,19.5280838012695,271.822204589844
"Reynoutria_japonica",-8.02779533417893,52.3969507696841,9.41818904876709,35.3712615966797,14.6069736480713,6.03315114974976,14.0488662719727,63.7405166625977,20.3801670074463,217.147491455078
"Reynoutria_japonica",-8.02911962371561,52.6509193784194,9.22814464569092,37.3796081542969,15.4781942367554,5.67988395690918,13.9913082122803,65.3438110351562,21.1308746337891,224.897888183594
"Reynoutria_japonica",-8.03840944000982,41.7706025678166,10.2656946182251,42.1767730712891,22.3723850250244,5.17814636230469,16.4638671875,17.6355762481689,61.0099105834961,83.8741607666016
"Reynoutria_japonica",-8.04188392999712,41.6768303363916,12.9255199432373,41.7150001525879,22.3771095275879,7.77621459960938,19.1446781158447,19.9468231201172,52.8958168029785,93.4272003173828
"Reynoutria_japonica",-8.05308066157119,42.2452147930592,13.7690334320068,42.2715187072754,21.2598114013672,8.92107105255127,19.6507911682129,21.0092239379883,52.6391487121582,93.4974136352539
"Reynoutria_japonica",-8.05343160529435,41.6460288739379,11.0174627304077,41.8341979980469,22.3414878845215,5.91789484024048,17.2221279144287,25.7568950653076,53.4286079406738,119.356140136719
"Reynoutria_japonica",-8.07252476730283,41.8693121399505,10.2296504974365,42.1632232666016,21.9613933563232,5.24364566802979,16.3212070465088,28.9790115356445,48.5106544494629,129.244232177734
"Reynoutria_japonica",-8.07791836374342,41.7750836960109,9.14087390899658,42.1525497436523,22.0614414215088,4.15082502365112,15.2547969818115,22.2047061920166,58.6632118225098,104.258445739746
"Reynoutria_japonica",-8.08398352842226,54.2182857322415,8.34584903717041,36.3296890258789,14.9444704055786,4.7709174156189,9.62061214447021,85.463623046875,21.9850215911865,346.505523681641
"Reynoutria_japonica",-8.0953431719509,41.5337966530462,12.1622009277344,41.5030326843262,22.251256942749,7.04400444030762,18.3593902587891,21.8248462677002,55.8427391052246,105.436798095703
"Reynoutria_japonica",-8.12436580227366,51.8730169096767,11.0177869796753,26.9852523803711,11.7489318847656,8.14309787750244,11.6740188598633,62.9248008728027,21.8814296722412,242.123764038086
"Reynoutria_japonica",-8.14163160074808,41.3519363158917,13.682430267334,41.077220916748,22.2138061523438,8.5259895324707,19.8776149749756,19.6530818939209,56.698070526123,96.2284240722656
"Reynoutria_japonica",-8.14682835293818,42.1543617302031,13.9503402709961,41.8650016784668,20.8811855316162,9.166259765625,19.7578125,25.0298347473145,49.2572555541992,108.278587341309
"Reynoutria_japonica",-8.15683352741128,41.1900726849884,15.3830118179321,40.7639694213867,22.4620132446289,10.1249990463257,21.6519393920898,15.0624942779541,53.8863410949707,75.2046127319336
"Reynoutria_japonica",-8.16408672986178,54.8717322159713,8.83449363708496,32.9966049194336,13.1475944519043,5.578688621521,9.89743328094482,94.2749176025391,22.889404296875,362.763580322266
"Reynoutria_japonica",-8.17325413826046,51.9077913400722,11.144829750061,27.8549194335938,11.8989171981812,8.23665523529053,11.8364639282227,60.4018821716309,22.1801166534424,231.932800292969
"Reynoutria_japonica",-8.17941123242698,42.1762262613758,14.3078870773315,41.6448059082031,20.4567718505859,9.61910247802734,20.0052700042725,20.1734580993652,55.869140625,92.3328018188477
"Reynoutria_japonica",-8.18593094866394,54.9894062625067,8.47657299041748,31.4007186889648,12.4689693450928,5.34520769119263,9.44747638702393,108.348045349121,25.7190589904785,493.059295654297
"Reynoutria_japonica",-8.18992232820085,41.6468774046676,13.6075868606567,41.1503829956055,21.4964237213135,8.63110160827637,19.6198863983154,21.7223529815674,53.7508964538574,103.246871948242
"Reynoutria_japonica",-8.21714106305605,54.8345137049636,9.42705917358398,32.5512580871582,12.9333181381226,7.83210039138794,10.4711437225342,96.5913391113281,23.8440246582031,388.526031494141
"Reynoutria_japonica",-8.22161266486379,41.0377541098397,14.8049411773682,40.453483581543,21.7981567382812,9.70566272735596,20.8953456878662,17.495246887207,53.5557670593262,87.5984039306641
"Reynoutria_japonica",-8.24105148719812,41.4685832718633,13.7819509506226,40.8159408569336,21.2979946136475,8.82744789123535,19.7608680725098,22.3543529510498,54.9218635559082,108.073036193848
"Reynoutria_japonica",-8.26966481227572,42.4866140079659,11.480037689209,40.8695755004883,18.8599815368652,7.25638437271118,16.7464694976807,25.4900703430176,56.6284065246582,133.684326171875
"Reynoutria_japonica",-8.3065975860199,52.8279540475553,9.91929531097412,37.842170715332,15.4897594451904,6.36030578613281,11.1684770584106,64.754638671875,20.9584484100342,229.671340942383
"Reynoutria_japonica",-8.31263384979043,42.4637165111017,11.5028257369995,40.4428749084473,18.4925727844238,7.35732984542847,16.6902523040771,27.4029178619385,53.7347564697266,136.033325195312
"Reynoutria_japonica",-8.31693582819122,51.9583113786159,10.216609954834,29.4069290161133,12.2856006622314,7.24648666381836,10.9516048431396,74.7972717285156,23.0550975799561,284.372894287109
"Reynoutria_japonica",-8.3375713884586,42.8566832562871,14.218113899231,38.0763282775879,16.3312187194824,10.5558261871338,18.882755279541,26.6359519958496,54.4862861633301,134.857406616211
"Reynoutria_japonica",-8.33882526498907,41.5657527665909,13.92005443573,40.040340423584,19.8453826904297,9.2607250213623,19.5670394897461,26.3556709289551,52.8711357116699,123.728378295898
"Reynoutria_japonica",-8.34233719684629,53.6075633880518,9.93035411834717,37.1634941101074,15.1637649536133,8.04427623748779,7.02758121490479,59.8447074890137,19.4128379821777,217.874908447266
"Reynoutria_japonica",-8.34998385435003,40.0859520164472,15.7434368133545,40.085506439209,22.0616760253906,10.6103610992432,21.8361663818359,8.52385902404785,56.1350631713867,53.4945869445801
"Reynoutria_japonica",-8.35069205274309,52.9448347820753,10.271595954895,37.9604225158691,15.496621131897,6.69872951507568,11.5505828857422,64.5842819213867,20.2477493286133,239.095718383789
"Reynoutria_japonica",-8.35748065942226,42.2968990614382,10.9955644607544,40.2088661193848,18.6156520843506,6.80695676803589,16.2386951446533,29.6842346191406,57.1331443786621,157.572708129883
"Reynoutria_japonica",-8.35782714121851,42.8860785183328,13.7153301239014,37.6872940063477,16.0821743011475,10.1172122955322,18.327808380127,30.3402347564697,53.3283653259277,149.093933105469
"Reynoutria_japonica",-8.35927590160769,42.1101055328996,14.5383148193359,40.2625770568848,19.0892238616943,10.1246023178101,19.9432830810547,22.2438583374023,57.9473190307617,97.9288482666016
"Reynoutria_japonica",-8.36130832409619,42.0825499719473,14.6431007385254,40.2484092712402,19.1632480621338,10.2003889083862,20.0727977752686,27.5567054748535,52.2036819458008,115.768371582031
"Reynoutria_japonica",-8.39438617519893,51.7720562860945,10.8990526199341,25.8315486907959,11.3067760467529,8.12992191314697,11.4767436981201,64.6660690307617,23.7016639709473,251.441131591797
"Reynoutria_japonica",-8.39678601769774,41.6232841922063,15.5694217681885,39.6120796203613,19.3516883850098,10.9844436645508,21.106876373291,21.6108226776123,52.4439353942871,101.817977905273
"Reynoutria_japonica",-8.39738559543023,42.2405087960579,14.2746829986572,39.7947692871094,18.3744087219238,10.0466756820679,19.4950065612793,27.6645641326904,52.593147277832,139.755020141602
"Reynoutria_japonica",-8.40418593614265,41.9855166606674,13.1383419036865,39.8501052856445,18.8226737976074,8.77937984466553,18.5062007904053,29.1996231079102,53.7707023620605,123.248001098633
"Reynoutria_japonica",-8.40421750659259,53.5762890239428,9.79781818389893,37.1580047607422,15.1111536026001,7.91975069046021,8.76383209228516,65.2623062133789,20.075325012207,244.148513793945
"Reynoutria_japonica",-8.41557491915778,41.0306249838662,15.140721321106,39.308292388916,19.8570938110352,10.4375467300415,20.776704788208,18.5638580322266,53.0781021118164,93.8579711914062
"Reynoutria_japonica",-8.42353617055685,42.669613981946,13.9894180297852,38.1786346435547,16.4475860595703,10.2709226608276,18.7027435302734,34.6842346191406,48.0934829711914,157.543914794922
"Reynoutria_japonica",-8.42956892475336,42.0190625603903,13.4216775894165,39.3396530151367,18.2947292327881,9.17947483062744,18.6651039123535,34.6935539245605,49.92578125,170.486022949219
"Reynoutria_japonica",-8.43136604332731,41.9960878698858,12.7614831924438,39.3380737304688,18.3505020141602,8.51074981689453,18.0273933410645,32.5267753601074,53.4360504150391,163.207992553711
"Reynoutria_japonica",-8.43238799558332,52.891507176279,10.250337600708,37.8669815063477,15.3136386871338,6.71850347518921,11.4925422668457,62.1689414978027,19.3241729736328,224.353790283203
"Reynoutria_japonica",-8.43958268706733,52.6513822599726,10.3637819290161,37.1923828125,15.0128002166748,6.90698957443237,11.5356845855713,68.5360946655273,19.7449417114258,241.6181640625
"Reynoutria_japonica",-8.45057866336269,41.8334133973381,15.0002222061157,39.3032188415527,18.5455989837646,10.6365346908569,20.3300704956055,21.0344467163086,56.309497833252,93.2144012451172
"Reynoutria_japonica",-8.4570310004653,42.1435436028305,14.6572408676147,39.3528289794922,18.0813941955566,10.4631023406982,19.8336029052734,29.0941181182861,55.4156341552734,149.628524780273
"Reynoutria_japonica",-8.4713242723457,42.8576223296225,13.7125339508057,36.3136291503906,15.2622871398926,10.2838401794434,18.1591930389404,32.0323753356934,54.7659797668457,164.596038818359
"Reynoutria_japonica",-8.47226923983234,42.5485291786434,12.4220428466797,38.1217956542969,16.5464172363281,8.67685222625732,17.1873645782471,33.0821647644043,54.8515090942383,167.281692504883
"Reynoutria_japonica",-8.48318838080281,42.4793533288357,12.8189105987549,38.4006462097168,16.8192481994629,8.99680423736572,17.6552085876465,34.0054588317871,52.8116149902344,166.032745361328
"Reynoutria_japonica",-8.48562514259012,42.0849161194072,15.5191488265991,38.7856903076172,17.6905117034912,11.3822803497314,20.6183490753174,25.5089874267578,54.6020317077637,132.264190673828
"Reynoutria_japonica",-8.52583640210351,40.1761099687183,16.4052600860596,38.9294128417969,20.0562076568604,11.6691370010376,22.0261936187744,8.32809448242188,56.334716796875,68.80517578125
"Reynoutria_japonica",-8.52800422656935,41.8387307567136,12.0399141311646,38.1907043457031,17.5350303649902,7.94668579101562,17.1460933685303,30.1076698303223,55.6598472595215,163.777221679688
"Reynoutria_japonica",-8.53669993509685,43.1105915415835,13.3953914642334,32.8497657775879,13.5020513534546,10.3636484146118,17.4725780487061,28.4796237945557,48.5453186035156,138.375991821289
"Reynoutria_japonica",-8.53703633555591,42.611590669113,13.1684656143188,37.313232421875,15.9794731140137,9.54065704345703,17.803674697876,35.0478096008301,52.4382057189941,172.502014160156
"Reynoutria_japonica",-8.54635104797168,41.7109549618946,14.9522848129272,37.6105728149414,17.1143341064453,10.8576946258545,19.982593536377,27.4209880828857,51.2094993591309,140.468139648438
"Reynoutria_japonica",-8.54776699642433,41.7791998563796,15.4480819702148,37.6231536865234,17.0712089538574,11.3593521118164,20.4701499938965,22.7818355560303,54.1836853027344,125.601600646973
"Reynoutria_japonica",-8.55233320701667,42.7100278922033,14.4379777908325,36.016040802002,15.0666732788086,11.0100793838501,18.8598937988281,33.7734603881836,48.3819389343262,161.483383178711
"Reynoutria_japonica",-8.56184454879717,42.8959436366828,13.6924705505371,34.5675926208496,14.3359432220459,10.4626922607422,17.945276260376,31.8351058959961,53.9658203125,166.3505859375
"Reynoutria_japonica",-8.56808268820578,52.9508168008711,9.81139087677002,37.6441040039062,15.0855159759521,6.33551692962646,11.0200548171997,73.2097854614258,21.2967128753662,280.492034912109
"Reynoutria_japonica",-8.57190062611747,51.8395907850016,10.7520160675049,27.4448566436768,11.5603675842285,7.93075752258301,14.8120927810669,63.6195755004883,23.418773651123,245.024932861328
"Reynoutria_japonica",-8.59450885642027,54.7145479864252,9.28195476531982,30.6631946563721,12.0818176269531,7.81680011749268,10.2148733139038,85.8447036743164,25.6020259857178,395.121765136719
"Reynoutria_japonica",-8.60367965326576,51.8969075368927,10.9355373382568,28.2724456787109,11.6752462387085,8.08445453643799,11.5957870483398,63.7314834594727,24.3442478179932,244.163482666016
"Reynoutria_japonica",-8.61249691109441,52.3063432791738,9.51949310302734,34.3742332458496,13.6023530960083,6.32639980316162,10.455397605896,77.5924682617188,20.9335384368896,282.547485351562
"Reynoutria_japonica",-8.62324752070003,41.2174054411404,15.6837396621704,36.9052963256836,16.9205932617188,11.5637760162354,20.6872367858887,15.7684707641602,56.5263786315918,96.2265396118164
"Reynoutria_japonica",-8.62928205752653,41.9919163088676,15.6065130233765,36.1820106506348,15.8443574905396,11.8208799362183,20.3198585510254,27.2368946075439,49.9926834106445,140.172897338867
"Reynoutria_japonica",-8.6452440192209,51.9342365867391,10.6583261489868,28.9450931549072,11.8456935882568,7.77971124649048,14.7597360610962,67.8014144897461,25.2976665496826,258.645172119141
"Reynoutria_japonica",-8.65358572183609,43.0451895143081,13.1044321060181,31.2841339111328,12.8611297607422,10.2078475952148,17.0585918426514,30.2485637664795,53.1282539367676,156.448089599609
"Reynoutria_japonica",-8.66779152615574,42.8267594238109,14.3572311401367,33.1575012207031,13.5858268737793,11.2532749176025,18.4608421325684,30.4080944061279,51.1366233825684,152.750595092773
"Reynoutria_japonica",-8.67027156410898,41.6481557189717,15.1037797927856,35.4885139465332,15.5865230560303,11.31494140625,19.8013248443604,23.9895534515381,53.8857345581055,133.855819702148
"Reynoutria_japonica",-8.69773440560534,42.2015511249052,14.2533159255981,35.3504981994629,15.0888938903809,10.6970224380493,18.7785377502441,36.8162841796875,47.7732353210449,180.002548217773
"Reynoutria_japonica",-8.71696159722209,42.6796125259373,15.1898164749146,33.2259368896484,13.6168842315674,12.0460300445557,19.3085269927979,26.8314361572266,54.1671752929688,141.139770507812
"Reynoutria_japonica",-8.73008834781229,41.5893463011457,15.3891019821167,34.7779197692871,15.0707015991211,11.6922006607056,19.9775466918945,25.2856464385986,51.116039276123,135.451766967773
"Reynoutria_japonica",-8.74892499712045,42.9503314567049,13.7001953125,31.0967597961426,12.8173265457153,10.7931175231934,17.6419277191162,27.7248001098633,55.2387619018555,151.93505859375
"Reynoutria_japonica",-8.75094328660576,52.212393110333,10.0833034515381,33.0450553894043,12.9635486602783,7.01267623901367,10.9430294036865,71.934684753418,24.248893737793,265.300994873047
"Reynoutria_japonica",-8.76480992716618,42.7895545042113,13.0368127822876,31.6986656188965,13.049337387085,10.0542697906494,17.0543899536133,35.7441864013672,52.1046981811523,186.528182983398
"Reynoutria_japonica",-8.77199217546705,51.8096157473325,10.5596103668213,26.8499546051025,11.2672185897827,7.81746006011963,14.5281553268433,71.0468673706055,25.6077060699463,269.006500244141
"Reynoutria_japonica",-8.79955383566522,42.8594253544765,13.5758190155029,30.2793159484863,12.4435291290283,10.7342510223389,17.448787689209,31.4845180511475,54.219295501709,172.674072265625
"Reynoutria_japonica",-8.83153096711257,42.0517971292521,13.4405221939087,32.8004570007324,13.8202819824219,10.1321401596069,17.7147979736328,35.658634185791,49.2854461669922,183.187850952148
"Reynoutria_japonica",-8.83340991527502,42.4499424353286,15.3388557434082,32.4773178100586,13.3234815597534,12.1917753219604,19.4375267028809,33.1298828125,51.075496673584,163.420043945312
"Reynoutria_japonica",-8.84851015737103,51.8038493846471,10.5137252807617,26.8213272094727,11.1838865280151,7.79030418395996,14.4558639526367,73.1797637939453,25.8696746826172,276.253082275391
"Reynoutria_japonica",-8.86218779524799,51.7241525232048,10.949236869812,25.5810127258301,10.9343433380127,8.28654861450195,11.4644393920898,73.0261688232422,25.4006862640381,272.766296386719
"Reynoutria_japonica",-8.87819841907082,51.9653089814732,9.70520210266113,29.3140869140625,11.7462310791016,6.86465549468994,13.7548122406006,84.228889465332,27.2043113708496,320.837463378906
"Reynoutria_japonica",-8.96343428920295,52.2055938093688,10.1702919006348,31.8134078979492,12.4141731262207,7.21394681930542,14.2961082458496,73.1142578125,26.6108818054199,270.871154785156
"Reynoutria_japonica",-8.96746431497239,52.050096195928,9.96052551269531,30.2456283569336,11.9403562545776,7.08955144882202,10.6624193191528,83.0064010620117,24.3914604187012,308.366027832031
"Reynoutria_japonica",-8.98701419406121,52.0215245059787,9.0738000869751,29.6578216552734,11.7934770584106,6.23187160491943,9.73419952392578,94.3446578979492,25.8717231750488,356.292907714844
"Reynoutria_japonica",-9.03400902886618,54.2226053784331,10.2133903503418,31.007007598877,12.0183057785034,7.24294900894165,11.1018218994141,76.6141204833984,23.3867244720459,305.781555175781
"Reynoutria_japonica",-9.03711645341811,51.6295955043221,10.837760925293,24.3170337677002,10.5791254043579,8.2736234664917,14.6243667602539,74.0329437255859,26.3724308013916,272.5712890625
"Reynoutria_japonica",-9.07016940839929,53.3769532456527,10.4895915985107,34.6260566711426,13.3225317001343,7.32630586624146,11.5059080123901,70.0284271240234,22.8744812011719,283.420989990234
"Reynoutria_japonica",-9.08725516516806,52.3891316143541,10.0058717727661,33.2036972045898,12.7318420410156,6.99454879760742,10.8470478057861,69.4481887817383,24.2494621276855,249.893829345703
"Reynoutria_japonica",-9.09394969539933,53.0480519670672,9.58839130401611,34.8181648254395,13.3336009979248,8.04474353790283,10.5607042312622,79.8810348510742,23.3699226379395,332.61083984375
"Reynoutria_japonica",-9.11402621911726,53.4176147456735,10.4734411239624,34.174747467041,13.1309356689453,7.34462928771973,11.4686679840088,72.6383972167969,23.5234489440918,289.315673828125
"Reynoutria_japonica",-9.15431584457582,54.0581681825444,10.4470224380493,31.4014453887939,12.0625314712524,7.48495388031006,11.3271932601929,73.6022567749023,24.9900188446045,282.467193603516
"Reynoutria_japonica",-9.16633267132982,52.3985497803259,9.69469165802002,32.9066734313965,12.6022500991821,6.70857429504395,10.5118207931519,82.4943084716797,24.9989624023438,307.705780029297
"Reynoutria_japonica",-9.17899257662324,53.0397793970521,9.9508171081543,34.1112442016602,12.9744567871094,6.87061500549316,10.8811798095703,77.8800964355469,24.8930244445801,334.368743896484
"Reynoutria_japonica",-9.17968575510147,51.8336008357936,10.3684549331665,26.5995006561279,10.9319438934326,7.71125650405884,14.2172832489014,85.0859298706055,28.8603248596191,328.185424804688
"Reynoutria_japonica",-9.18837527475802,53.4697897099771,10.5003709793091,33.3282012939453,12.7485733032227,7.43699932098389,11.450514793396,80.595573425293,24.1751651763916,309.35302734375
"Reynoutria_japonica",-9.22302756146506,53.5755222035504,10.4179134368896,32.7773742675781,12.5242919921875,7.39230251312256,11.3407163619995,85.0450820922852,25.30322265625,313.699493408203
"Reynoutria_japonica",-9.22366648577326,51.8126527666721,10.0330429077148,25.8560276031494,10.7857971191406,7.41768932342529,13.8513355255127,86.2315292358398,28.072114944458,330.105773925781
"Reynoutria_japonica",-9.22400359538221,51.711694552679,10.0250864028931,24.8344326019287,10.5645923614502,7.45804834365845,13.8000364303589,84.1818313598633,28.3925685882568,320.611297607422
"Reynoutria_japonica",-9.27143381735451,52.8610367162211,9.66607284545898,33.3137435913086,12.6149826049805,8.22978401184082,8.447678565979,81.4582595825195,22.5764980316162,320.284423828125
"Reynoutria_japonica",-9.29082011246284,51.6297307262828,11.1309394836426,23.8287525177002,10.3060989379883,8.63324356079102,11.5480651855469,80.1851272583008,28.6674728393555,306.030487060547
"Reynoutria_japonica",-9.31003392710555,51.6177555007897,11.2410449981689,23.2931537628174,10.1737403869629,8.77716541290283,14.9016275405884,71.8831024169922,28.2175960540771,271.607604980469
"Reynoutria_japonica",-9.32354920392662,51.6591483767514,11.0721187591553,23.7014045715332,10.263575553894,8.58248424530029,14.7548799514771,75.1530380249023,28.7492599487305,286.117462158203
"Reynoutria_japonica",-9.34265895359419,51.5890943363611,10.895170211792,23.1301174163818,10.1424751281738,8.44051647186279,14.5450763702393,81.5678100585938,28.8838119506836,310.797088623047
"Reynoutria_japonica",-9.34812693951048,52.0833071737555,10.2419147491455,28.5906848907471,11.2854309082031,7.50328302383423,14.1355419158936,83.8427276611328,29.3496685028076,316.257598876953
"Reynoutria_japonica",-9.36698419101976,51.8449422974265,8.90435886383057,25.6686725616455,10.7370929718018,6.29699611663818,12.7099828720093,103.58447265625,28.6157817840576,394.922241210938
"Reynoutria_japonica",-9.42372973199249,52.7914155540979,10.7230014801025,31.4765644073486,11.8641796112061,7.8443808555603,9.48696327209473,76.7014617919922,23.7865810394287,309.474365234375
"Reynoutria_japonica",-9.45358221257469,53.5104570833887,10.1718168258667,30.5745162963867,11.7031059265137,7.29491758346558,10.9740867614746,100.504096984863,26.3801002502441,361.292053222656
"Reynoutria_japonica",-9.45944089024404,53.5729090978942,10.1260461807251,29.9832630157471,11.540415763855,7.28191232681274,10.9008626937866,96.2133636474609,25.9876670837402,336.917938232422
"Reynoutria_japonica",-9.4837208159154,51.8160168823857,9.49606704711914,24.5880680084229,10.4528560638428,6.95320606231689,9.93896007537842,111.00715637207,28.5160236358643,425.776092529297
"Reynoutria_japonica",-9.48573356999368,54.0926245717074,10.1989040374756,28.2197895050049,11.1169128417969,7.44759225845337,10.9231748580933,84.4931793212891,26.7368545532227,319.164794921875
"Reynoutria_japonica",-9.49726972614339,52.1203105070103,10.3524284362793,27.6069984436035,11.0131950378418,7.67560958862305,10.9337320327759,103.361221313477,29.3448104858398,393.471893310547
"Reynoutria_japonica",-9.49962308084265,51.8425942436864,9.59497737884521,25.0355644226074,10.5144004821777,7.03338050842285,10.0566005706787,112.492988586426,28.380313873291,429.973754882812
"Reynoutria_japonica",-9.51903368404987,54.2227749884811,9.71344470977783,26.8998947143555,10.7994823455811,7.02306175231934,10.3870363235474,87.5586853027344,27.2462139129639,343.593872070312
"Reynoutria_japonica",-9.52713678806224,53.9023256266751,10.4679307937622,28.9143371582031,11.2258739471436,7.69002199172974,11.2113265991211,95.5152969360352,27.5682525634766,359.942687988281
"Reynoutria_japonica",-9.54559594482961,52.1219558139766,10.7291688919067,26.9419860839844,10.8121318817139,8.09635162353516,11.2872714996338,98.7703552246094,29.11399269104,366.442993164062
"Reynoutria_japonica",-9.56244402703117,51.8351772725728,10.5977115631104,24.6381282806396,10.3492240905762,8.07566261291504,11.049017906189,96.0285186767578,27.9859733581543,356.316986083984
"Reynoutria_japonica",-9.59012212994636,54.0074008293295,9.40488052368164,27.5933513641357,10.9305791854858,6.69008636474609,10.0865077972412,88.0393447875977,25.669792175293,318.419311523438
"Reynoutria_japonica",-9.59155800857422,52.0210060775255,9.33223915100098,25.784839630127,10.6220607757568,6.74180221557617,13.0879430770874,100.31990814209,29.0491828918457,374.417236328125
"Reynoutria_japonica",-9.59608081211813,52.2451658601247,10.9275093078613,27.5110092163086,10.8924427032471,8.26802062988281,11.5130052566528,77.147575378418,28.4002418518066,290.90869140625
"Reynoutria_japonica",-9.63221646353616,53.4732869396832,9.47188854217529,27.8911151885986,10.9849700927734,6.73976802825928,10.156569480896,122.878120422363,25.9897041320801,453.554748535156
"Reynoutria_japonica",-9.64621219607577,53.4180236498755,10.5090389251709,27.9484729766846,10.9542398452759,7.78396892547607,11.2037677764893,106.972610473633,25.8292598724365,392.428985595703
"Reynoutria_japonica",-9.65753367882933,52.1508824468726,10.8820562362671,26.4771347045898,10.6790971755981,8.27620506286621,11.4218168258667,97.1802368164062,28.7170524597168,361.532806396484
"Reynoutria_japonica",-9.65805448916244,52.4563426025525,11.0888948440552,28.2821636199951,10.9684505462646,8.40523433685303,11.7089242935181,68.0337905883789,26.4137630462646,254.80696105957
"Reynoutria_japonica",-9.66544684636733,51.747504946399,9.66480445861816,23.0004558563232,10.0705318450928,7.22387599945068,13.2897148132324,102.632095336914,29.8723697662354,401.978149414062
"Reynoutria_japonica",-9.70432147572612,52.0003907426924,9.51788425445557,25.1359577178955,10.4388408660889,6.96808815002441,13.2309408187866,100.330543518066,27.3700904846191,365.475006103516
"Reynoutria_japonica",-9.71744348406242,52.178588891714,10.6005620956421,26.0002975463867,10.5311527252197,8.02586936950684,11.1160831451416,86.2378387451172,31.1566123962402,341.499664306641
"Reynoutria_japonica",-9.73712078387237,53.422295456735,10.6213808059692,26.8170795440674,10.6882839202881,7.95658683776855,11.2721395492554,101.649223327637,24.9586410522461,372.754333496094
"Reynoutria_japonica",-9.74640400984143,54.0966963273677,9.91297054290771,26.0949897766113,10.5023899078369,7.2942099571228,10.5352468490601,100.959526062012,25.2389011383057,394.515106201172
"Reynoutria_japonica",-9.75464584859199,53.4835493403713,10.285270690918,26.4028949737549,10.5734214782715,7.64480495452881,10.9152927398682,98.6817855834961,25.8271999359131,366.402160644531
"Reynoutria_japonica",-9.8547344188529,53.6059331710945,9.9809398651123,25.5032711029053,10.3680934906006,7.38356065750122,10.5749912261963,103.604797363281,23.4269790649414,375.381103515625
"Reynoutria_japonica",-9.89132106537578,53.5624005864501,9.83934783935547,25.039924621582,10.2524528503418,7.26715898513794,10.4063339233398,110.962730407715,23.6264915466309,414.460784912109
"Reynoutria_japonica",-9.91332026175556,51.9048755848205,9.85102558135986,22.8650932312012,9.87043762207031,7.45049715042114,10.2090711593628,113.996047973633,28.8498802185059,444.644409179688
"Reynoutria_japonica",-9.92972298682453,51.6260164903053,11.3020582199097,21.3864192962646,9.49277210235596,9.02593612670898,11.5742712020874,99.5503082275391,26.0010242462158,381.249145507812
"Reynoutria_japonica",-9.93386944650428,51.8450830293295,10.7981233596802,22.4527626037598,9.71506786346436,8.44255828857422,14.2941989898682,99.0924224853516,28.3779811859131,382.926116943359
"Reynoutria_japonica",-9.94554951822427,52.2065417245642,10.0875110626221,24.1692905426025,10.0612411499023,7.62511205673218,10.5088663101196,104.146072387695,28.6240158081055,402.105590820312
"Reynoutria_japonica",0.00877451482243075,42.6461797060358,2.6994469165802,38.0195236206055,25.5600929260254,-0.409656643867493,9.86429500579834,67.242073059082,18.9392070770264,232.874542236328
"Reynoutria_japonica",0.0120154278392164,48.1011106345646,11.5194644927979,36.594898223877,22.1897411346436,6.0473804473877,17.8074188232422,50.5697860717773,15.5947198867798,172.632659912109
"Reynoutria_japonica",0.0146336496319552,53.4200659209415,10.4835977554321,28.582368850708,15.5839815139771,8.7066535949707,6.86464595794678,38.8644714355469,14.4938049316406,158.606597900391
"Reynoutria_japonica",0.0174653414068136,42.944104917968,4.29314947128296,37.8574752807617,25.0994358062744,-1.61735999584198,11.3170366287231,90.1051330566406,17.8391094207764,292.876037597656
"Reynoutria_japonica",0.033808295460716,53.0087771647318,10.6104555130005,31.9992713928223,17.1309356689453,16.2488689422607,6.97488164901733,38.8735046386719,16.3110408782959,177.025024414062
"Reynoutria_japonica",0.0348715078049331,48.3847658155859,11.2366333007812,36.3654632568359,21.5267295837402,5.93323755264282,13.4837160110474,48.5228233337402,15.8597364425659,170.601028442383
"Reynoutria_japonica",0.0425595465240871,42.6124901882048,5.68197345733643,37.7019729614258,25.8228149414062,6.50505924224854,13.4309682846069,60.348705291748,20.4723930358887,210.962265014648
"Reynoutria_japonica",0.0716727251587379,48.4169791024223,11.2800645828247,36.2513809204102,21.4576282501221,5.98861169815063,13.5144786834717,45.1013641357422,16.6015148162842,158.524612426758
"Reynoutria_japonica",0.0806066034661637,43.1639981707969,12.8944845199585,37.2249336242676,25.1469173431396,11.8044834136963,19.9734878540039,68.7694091796875,16.3982372283936,233.193511962891
"Reynoutria_japonica",0.0845008912453018,48.5097176713091,10.6780214309692,36.1154022216797,21.1784191131592,7.91507911682129,17.2225399017334,45.7806129455566,19.9860191345215,157.116607666016
"Reynoutria_japonica",0.114562491254645,43.2043305278577,13.2781610488892,37.1331672668457,25.1237354278564,12.2059116363525,20.3450660705566,64.8311538696289,16.9594783782959,222.931671142578
"Reynoutria_japonica",0.118472554977759,43.1069536047262,12.3493061065674,37.1746368408203,25.2322082519531,11.2349395751953,19.4497337341309,67.7052230834961,15.757682800293,234.126403808594
"Reynoutria_japonica",0.157086060264829,46.6286854911172,12.2242698669434,36.1498870849609,22.8752479553223,9.13438606262207,18.6774559020996,43.2259750366211,17.3672580718994,154.945785522461
"Reynoutria_japonica",0.16168947047265,49.5608642149587,11.3796157836914,25.3707618713379,15.2934474945068,9.88236713409424,9.83138370513916,47.7591514587402,22.6321868896484,187.307098388672
"Reynoutria_japonica",0.171125535865817,42.92487471221,5.13199996948242,37.6166954040527,25.1482620239258,3.81649875640869,12.198447227478,73.3401412963867,13.4582681655884,249.801513671875
"Reynoutria_japonica",0.185195190985674,53.3562519266215,10.5535554885864,27.6420078277588,15.3252143859863,8.85113430023193,6.89246463775635,40.1100234985352,15.6098222732544,166.764984130859
"Reynoutria_japonica",0.193573757203406,42.7036603817414,4.64768123626709,37.631462097168,25.6108798980713,5.49865102767944,11.8577146530151,67.1363754272461,16.4785861968994,222.827011108398
"Reynoutria_japonica",0.20312828233989,42.7651795040248,4.37151193618774,37.6481628417969,25.4207725524902,3.01415514945984,11.518856048584,72.7328948974609,13.7982559204102,235.433319091797
"Reynoutria_japonica",0.204004461199105,48.3885755687438,10.9807205200195,36.3654708862305,21.7066822052002,5.61843776702881,7.19878768920898,51.691104888916,14.8795280456543,189.531005859375
"Reynoutria_japonica",0.213655994090127,52.0004052820172,10.5144939422607,33.7562484741211,18.2909545898438,8.34353828430176,6.78789520263672,34.8287048339844,16.7947177886963,160.363204956055
"Reynoutria_japonica",0.215616930092288,48.1631290778683,11.8679075241089,36.4586906433105,22.2852325439453,6.33749198913574,8.04745292663574,46.2720947265625,14.1278467178345,164.528656005859
"Reynoutria_japonica",0.224801271918297,49.6437075033364,11.167592048645,25.16530418396,15.2459583282471,9.69585037231445,7.42913246154785,48.6127052307129,22.7247505187988,190.394546508789
"Reynoutria_japonica",0.232796408734011,47.7910450493823,12.0922422409058,36.3059196472168,22.6434173583984,6.45578813552856,14.5840034484863,45.251293182373,14.0487089157104,149.79557800293
"Reynoutria_japonica",0.253446522020777,51.4150457650913,10.7973546981812,32.754264831543,17.6505508422852,6.63859939575195,7.04153871536255,42.7182121276855,17.5601711273193,160.366775512695
"Reynoutria_japonica",0.266119253389553,51.2294932073681,10.9516820907593,32.2296867370605,17.2663917541504,6.87589502334595,9.46043586730957,46.8783988952637,21.8448505401611,176.265319824219
"Reynoutria_japonica",0.282579247938424,48.4442790404739,10.9209890365601,36.2736892700195,21.7054672241211,5.55383682250977,7.13274955749512,48.1527519226074,13.4382047653198,182.319625854492
"Reynoutria_japonica",0.305740848501159,48.0500772435621,11.9518728256226,36.3333358764648,22.460132598877,6.36061191558838,8.11002826690674,41.7590560913086,13.8301258087158,148.222686767578
"Reynoutria_japonica",0.319302883693473,43.4092999835591,13.7256908416748,37.1076354980469,24.789966583252,12.7227163314819,20.6900806427002,54.5783538818359,17.3526363372803,188.904373168945
"Reynoutria_japonica",0.321683617487469,42.8018743704339,8.35390567779541,37.1017456054688,25.5987396240234,7.07873582839966,15.5892753601074,62.3275299072266,13.9963102340698,199.498443603516
"Reynoutria_japonica",0.332885296445889,42.8510985184669,7.87115907669067,37.1808319091797,25.4840087890625,6.59230899810791,15.0683355331421,59.8632469177246,15.3115921020508,189.486785888672
"Reynoutria_japonica",0.350416718042927,42.7393511967126,1.63968002796173,37.6813926696777,25.3268890380859,0.218384429812431,8.75762844085693,87.7380676269531,14.6827268600464,288.93017578125
"Reynoutria_japonica",0.362921393749016,42.604508967169,5.95796728134155,37.3165893554688,25.8355674743652,4.59955310821533,13.2636737823486,63.5180206298828,16.6244373321533,219.001129150391
"Reynoutria_japonica",0.369921360574068,42.6405492643282,4.70925760269165,37.4184951782227,25.6833992004395,3.3354480266571,11.9550161361694,65.8155288696289,16.0599842071533,221.265045166016
"Reynoutria_japonica",0.372858078483663,47.9190316528226,11.7961235046387,36.2996139526367,22.5719528198242,6.16477489471436,7.94224166870117,48.0007514953613,12.0560035705566,169.066741943359
"Reynoutria_japonica",0.373613426946898,42.829748584597,8.05740737915039,37.0547752380371,25.5871524810791,6.77143383026123,15.2913990020752,74.2192001342773,13.5488567352295,245.088195800781
"Reynoutria_japonica",0.375661102797945,43.4074451763583,14.0199403762817,36.9211082458496,24.8529796600342,13.0231132507324,20.9974708557129,45.3872947692871,16.8245601654053,158.25016784668
"Reynoutria_japonica",0.386367689015204,42.5851470559095,2.4699547290802,37.6176834106445,25.596508026123,1.04605484008789,9.67883586883545,75.3635787963867,16.9679145812988,260.261840820312
"Reynoutria_japonica",0.394294569540198,51.810199970364,10.6088714599609,32.8051109313965,17.866081237793,8.53951549530029,6.84862279891968,37.4463043212891,16.2412014007568,163.959533691406
"Reynoutria_japonica",0.40848861150932,43.54352603328,14.0805597305298,37.0107612609863,24.6093273162842,13.1280784606934,20.9773654937744,44.2613639831543,15.931266784668,156.327911376953
"Reynoutria_japonica",0.41088468266911,52.3937015910597,10.8366765975952,32.5168418884277,17.7013931274414,16.5892677307129,7.11873579025269,36.6602363586426,17.2335662841797,166.607620239258
"Reynoutria_japonica",0.418516619146988,44.1158425039077,14.0978002548218,36.8120536804199,24.137580871582,16.6765213012695,20.8561229705811,43.6041412353516,13.1749277114868,156.75407409668
"Reynoutria_japonica",0.420405396636912,42.8581349207486,6.09199523925781,37.1487045288086,25.3834171295166,4.77295064926147,13.2584180831909,84.8275756835938,16.1997528076172,274.144195556641
"Reynoutria_japonica",0.430350548085222,50.8886073421696,11.1341466903687,29.0745391845703,16.065731048584,7.28186511993408,12.2242193222046,53.5622596740723,27.3091201782227,207.52490234375
"Reynoutria_japonica",0.440123937973073,47.4018551861563,12.1034708023071,35.8069839477539,22.835916519165,8.971510887146,18.5935134887695,42.8660697937012,14.0929222106934,149.483108520508
"Reynoutria_japonica",0.446349904770249,52.7308058939521,10.6658763885498,30.6236305236816,16.7459201812744,16.2491722106934,6.93938016891479,37.024471282959,18.1251792907715,174.218444824219
"Reynoutria_japonica",0.447148203141733,45.9774619458859,12.5163354873657,35.5600357055664,23.1366500854492,6.62165641784668,19.0812931060791,44.4640007019043,18.427059173584,185.607818603516
"Reynoutria_japonica",0.451108096231941,49.6256958085826,11.0775156021118,27.4306678771973,16.1001892089844,9.42173004150391,9.59963035583496,48.8589172363281,23.1772480010986,191.688095092773
"Reynoutria_japonica",0.484061728491891,42.5520288265777,8.22319316864014,36.9475746154785,26.0576553344727,6.89436531066895,0.831014811992645,59.0073394775391,15.6727390289307,199.571960449219
"Reynoutria_japonica",0.496098755992797,47.9571842325479,11.6294317245483,36.1712875366211,22.6255893707275,5.97559213638306,7.7643985748291,45.9059753417969,12.1369075775146,162.809219360352
"Reynoutria_japonica",0.496752018434639,42.5216304454316,9.28171730041504,36.8351860046387,26.2177791595459,7.96757173538208,1.83475303649902,53.9066352844238,15.2288913726807,192.632186889648
"Reynoutria_japonica",0.497811524881087,46.5352151188669,12.4664258956909,35.4596061706543,22.9815807342529,9.31232929229736,19.004222869873,43.2945899963379,15.4539136886597,161.896087646484
"Reynoutria_japonica",0.50635567259504,49.4390165986788,11.7599067687988,30.5682277679443,17.5102024078369,9.77349185943604,10.4720048904419,45.7606582641602,19.7299346923828,180.657791137695
"Reynoutria_japonica",0.513105847927417,43.1351798120834,12.4921102523804,36.6572151184082,25.2342967987061,11.3777456283569,19.625036239624,56.1930351257324,15.422025680542,202.000930786133
"Reynoutria_japonica",0.532173665480881,51.0652808284796,10.9792633056641,30.0162105560303,16.4384746551514,7.03814601898193,12.1431846618652,48.9546356201172,24.2839546203613,185.153411865234
"Reynoutria_japonica",0.534404546843373,51.257094830917,11.028829574585,30.9989490509033,16.926607131958,6.98527240753174,9.49915599822998,44.5335540771484,20.3468151092529,173.342590332031
"Reynoutria_japonica",0.551236031630555,42.5501849526517,3.37883567810059,37.3369598388672,25.7090911865234,5.55852079391479,-3.82440161705017,79.7743072509766,15.9574975967407,304.870788574219
"Reynoutria_japonica",0.604886619551763,43.6864397874959,14.1865348815918,36.7563896179199,24.5434741973877,13.2697868347168,21.0650291442871,39.7958602905273,14.4440383911133,139.368759155273
"Reynoutria_japonica",0.631968785190983,43.2538000488713,13.512505531311,36.5519371032715,25.0865879058838,12.4596939086914,20.5983428955078,49.8751068115234,15.3289155960083,177.454025268555
"Reynoutria_japonica",0.634859174500804,52.2049121974092,10.3002653121948,31.3318271636963,17.2658538818359,8.3412561416626,6.51953411102295,37.4875297546387,16.3699798583984,163.194259643555
"Reynoutria_japonica",0.654829738293099,42.6050356398631,0.851283550262451,37.4470596313477,25.4803943634033,-0.610931754112244,-6.25268363952637,74.4176940917969,15.8280754089355,262.745300292969
"Reynoutria_japonica",0.67608296720365,42.9768158631334,10.5755634307861,36.5068283081055,25.4537296295166,9.37242698669434,17.7985591888428,72.7102127075195,14.2578010559082,246.213562011719
"Reynoutria_japonica",0.683748919980665,46.5316912177923,12.5676965713501,35.0375785827637,22.9692230224609,9.38450527191162,19.1455860137939,46.3311996459961,14.5465812683105,171.442169189453
"Reynoutria_japonica",0.684268171376232,45.2925276534899,12.9633169174194,35.1643829345703,23.3753032684326,6.92538690567017,19.6478061676025,53.1021194458008,14.419487953186,195.936660766602
"Reynoutria_japonica",0.690241480815343,42.5251651631281,5.57935047149658,36.993782043457,25.9345779418945,4.19290685653687,-1.74374103546143,60.4093170166016,16.5710639953613,227.956909179688
"Reynoutria_japonica",0.691073646041476,42.8538362945286,6.7229118347168,36.7936172485352,25.4510879516602,5.41395282745361,13.9335155487061,74.4990081787109,14.2596378326416,259.471801757812
"Reynoutria_japonica",0.718940294499959,49.7156676610184,11.0247564315796,29.4094867706299,16.9584560394287,9.19358921051025,9.63354206085205,50.9722366333008,23.2059535980225,201.625793457031
"Reynoutria_japonica",0.728696246941057,47.4903365498168,12.0594902038574,35.4954948425293,22.9363574981689,6.27609872817993,18.5996513366699,43.7900238037109,13.1969699859619,159.621276855469
"Reynoutria_japonica",0.735259333102462,42.9432150545937,8.77980518341064,36.5730743408203,25.4459209442139,7.52825117111206,15.9950618743896,77.7029647827148,14.4717893600464,252.937225341797
"Reynoutria_japonica",0.738742616061103,47.5837302968703,11.6770172119141,35.5811004638672,22.9065971374512,5.91961097717285,7.75653314590454,45.9438095092773,11.9499750137329,166.239898681641
"Reynoutria_japonica",0.745001273667592,42.6466082904741,2.73710799217224,37.1457405090332,25.5665321350098,4.91006898880005,-4.44589471817017,60.9903984069824,18.3229923248291,287.280944824219
"Reynoutria_japonica",0.760268301622428,42.6796037684552,6.08071565628052,36.7459983825684,25.7615261077881,4.7241382598877,-1.23269021511078,61.8496017456055,15.3182945251465,253.040557861328
"Reynoutria_japonica",0.780105778404071,51.6267301062897,11.0713319778442,29.9452171325684,16.7840003967285,9.21965026855469,7.25663661956787,36.6601409912109,17.764232635498,161.271911621094
"Reynoutria_japonica",0.782029207095063,42.8883520443259,7.95874261856079,36.5766448974609,25.499002456665,6.68310260772705,15.1908798217773,72.968376159668,14.9172744750977,236.556335449219
"Reynoutria_japonica",0.785954448984203,43.2275954852823,13.3631448745728,36.3654289245605,25.2230224609375,12.2897081375122,18.1155853271484,56.6405639648438,14.634298324585,204.508987426758
"Reynoutria_japonica",0.798717280331401,45.5355922590946,12.1947526931763,34.9129943847656,23.2844505310059,6.20385885238647,18.8621463775635,59.854118347168,17.8548030853271,213.346069335938
"Reynoutria_japonica",0.851940443779499,43.0665929462431,13.067626953125,36.1847381591797,25.54150390625,11.9353456497192,17.8960380554199,63.5994338989258,14.1645736694336,227.100616455078
"Reynoutria_japonica",0.859500510878831,51.3516081302019,11.2908372879028,28.6058692932129,16.3419208526611,12.6013736724854,7.46296787261963,41.5641403198242,19.7144775390625,168.310028076172
"Reynoutria_japonica",0.864790023782293,51.03537011471,11.4311647415161,27.6270294189453,16.0043125152588,7.52551364898682,12.5454292297363,46.1533164978027,24.7583866119385,180.95246887207
"Reynoutria_japonica",0.866830866105188,49.0654706984031,10.9813137054443,35.0008811950684,20.5067195892334,8.37644672393799,7.20204067230225,44.9247055053711,15.097562789917,182.634063720703
"Reynoutria_japonica",0.893463101312969,42.7266646328665,4.90688896179199,36.7259101867676,25.6690902709961,3.54135060310364,-2.37854266166687,68.6544036865234,14.2682991027832,222.822769165039
"Reynoutria_japonica",0.895991456575008,52.372167430711,10.6748189926147,29.0548229217529,16.4537887573242,8.8703031539917,6.86449718475342,38.0128936767578,17.8550224304199,170.369415283203
"Reynoutria_japonica",0.904734138359489,42.8191697026355,3.15404510498047,36.8777770996094,25.4172420501709,1.77002048492432,-4.04019641876221,76.2426376342773,14.5835838317871,284.377685546875
"Reynoutria_japonica",0.91058980071897,42.8869787882488,8.39661598205566,36.4252166748047,25.597957611084,7.13003301620483,1.03956711292267,66.4665374755859,14.240403175354,252.640747070312
"Reynoutria_japonica",0.930131847996057,42.6970554104848,5.15839052200317,36.6841506958008,25.7770729064941,3.78980398178101,-2.15802502632141,75.6081924438477,13.6379270553589,266.4931640625
"Reynoutria_japonica",0.954891911934991,45.2004863157787,13.0212144851685,34.835376739502,23.5374774932861,6.9262228012085,19.7663135528564,55.9934120178223,12.2606887817383,207.55924987793
"Reynoutria_japonica",0.967467775238438,51.2837718500221,10.8915815353394,27.207986831665,16.0073127746582,12.2786073684692,9.24580383300781,44.7243309020996,21.7451362609863,180.048004150391
"Reynoutria_japonica",0.968634165646147,43.746282675042,14.0335998535156,36.3819236755371,24.6675758361816,16.6368885040283,20.9631175994873,43.836799621582,14.1310892105103,154.759994506836
"Reynoutria_japonica",0.987582926626914,49.3449050635998,11.531681060791,34.069278717041,19.602466583252,9.11816310882568,10.4482164382935,44.6425399780273,15.7102298736572,175.657974243164
"Reynoutria_japonica",0.992509733456691,46.5972295307973,12.6781015396118,34.5863418579102,23.01145362854,9.45693778991699,19.3080902099609,44.9957656860352,13.7318086624146,164.507949829102
"Reynoutria_japonica",1.0052583009182,44.425152127101,13.3727941513062,35.671459197998,24.116771697998,16.0166931152344,17.8676109313965,59.4181632995605,10.001072883606,210.823150634766
"Reynoutria_japonica",1.00902811784484,51.2569739916619,11.0077590942383,26.8091526031494,15.9281024932861,12.4134893417358,9.35656929016113,42.284236907959,21.7852230072021,170.545791625977
"Reynoutria_japonica",1.00920618940346,45.8468486445046,12.0887222290039,34.5392112731934,23.1915760040283,6.10807704925537,18.7596492767334,57.7411766052246,14.2299203872681,231.539108276367
"Reynoutria_japonica",1.01267224980108,47.4804699772632,12.1220855712891,35.1762428283691,23.0044593811035,6.27045345306396,8.18359088897705,43.8080940246582,13.0467987060547,158.789733886719
"Reynoutria_japonica",1.01778132929996,49.8358661047835,11.2227354049683,30.6466693878174,17.584415435791,9.25091934204102,12.7414312362671,51.2078132629395,22.9375152587891,187.146255493164
"Reynoutria_japonica",1.02389156253,44.7111984677449,13.1463050842285,35.219482421875,23.8985786437988,15.8009243011475,19.9508781433105,55.7583045959473,9.38570022583008,201.993316650391
"Reynoutria_japonica",1.04293196386475,44.439220689633,13.2006034851074,35.6416664123535,24.1332511901855,15.8438587188721,20.0390663146973,59.4675750732422,10.0229740142822,211.277465820312
"Reynoutria_japonica",1.06012243907257,43.2874396794784,13.7667369842529,36.1239395141602,25.3429641723633,12.7258386611938,20.9307193756104,49.7376937866211,14.0344219207764,162.827392578125
"Reynoutria_japonica",1.0638415114032,42.8236383845924,3.95405840873718,36.7056846618652,25.5665969848633,2.58870601654053,-3.30956387519836,84.4988250732422,14.590124130249,324.364685058594
"Reynoutria_japonica",1.09494355603343,52.4530448228769,10.6114330291748,27.0554218292236,15.8831157684326,8.9466381072998,6.77416467666626,38.5727996826172,19.5922927856445,182.888748168945
"Reynoutria_japonica",1.10926546705715,49.2785300880718,11.2752265930176,34.7300910949707,20.2781276702881,6.27331447601318,7.4952564239502,47.3853187561035,12.8496503829956,195.296661376953
"Reynoutria_japonica",1.11641705038171,42.5775298499226,6.37555313110352,36.5207214355469,26.1263999938965,8.69563770294189,-1.06324076652527,48.3584938049316,17.3864097595215,216.662780761719
"Reynoutria_japonica",1.12181889865022,51.8479140395637,11.024938583374,26.6596508026123,16.0276050567627,9.33911228179932,7.14658546447754,37.772705078125,15.918906211853,152.428329467773
"Reynoutria_japonica",1.1287918223935,52.8964760135792,10.3412036895752,22.8918991088867,14.5607528686523,8.96740531921387,6.49599552154541,38.3860702514648,21.456859588623,189.544006347656
"Reynoutria_japonica",1.13607414944474,45.7847239609774,12.2423934936523,34.4062919616699,23.319408416748,6.21638917922974,18.9472999572754,56.0877151489258,14.8863983154297,217.34033203125
"Reynoutria_japonica",1.1594404075077,48.6303490364331,11.0188999176025,35.8515586853027,22.1326313018799,5.50149154663086,7.17747735977173,41.2381172180176,12.6478414535522,161.439239501953
"Reynoutria_japonica",1.16061246420493,42.6344394238458,6.2956337928772,36.4723091125488,26.036319732666,4.9469256401062,-1.13277328014374,68.0023498535156,13.6020593643188,234.668518066406
"Reynoutria_japonica",1.1676748530247,49.4057973404803,10.9475555419922,34.4738922119141,19.971284866333,6.02954483032227,9.88747787475586,52.3197174072266,15.3656282424927,208.03369140625
"Reynoutria_japonica",1.16971512588692,51.833772871458,11.0867071151733,25.6524314880371,15.8134765625,9.45219326019287,7.19133186340332,36.4388694763184,15.6065635681152,146.532516479492
"Reynoutria_japonica",1.17437322884295,45.976851407013,11.6034240722656,34.365852355957,23.1852798461914,5.62473106384277,18.2865200042725,63.1087989807129,15.5963954925537,245.150573730469
"Reynoutria_japonica",1.20093303496679,42.7031718081394,1.89008271694183,36.8347816467285,25.7135810852051,4.09018802642822,-5.36149501800537,75.5311965942383,15.0818920135498,292.911804199219
"Reynoutria_japonica",1.2098425026101,42.7686142949288,6.5781683921814,36.3581047058105,25.9128189086914,5.25711059570312,-0.843141973018646,77.7214126586914,13.0885944366455,284.317657470703
"Reynoutria_japonica",1.22176356309614,42.6158665638536,7.54580354690552,36.324161529541,26.2234630584717,6.212806224823,0.0395812578499317,53.8917655944824,14.1441116333008,196.652038574219
"Reynoutria_japonica",1.24787807752864,42.8645812874805,11.1767959594727,35.953067779541,26.0801982879639,9.96413326263428,3.60451912879944,68.181266784668,12.4646263122559,240.607330322266
"Reynoutria_japonica",1.26278891548698,42.8918251550103,10.9929332733154,35.979793548584,26.016902923584,9.79275321960449,18.384708404541,76.2229614257812,11.8862838745117,241.834716796875
"Reynoutria_japonica",1.27242150767966,49.2403387402493,11.6398105621338,35.1119003295898,20.7468528747559,6.49562978744507,7.85161590576172,41.8897895812988,13.2925138473511,173.597076416016
"Reynoutria_japonica",1.29023759566289,52.575165952507,10.7366886138916,25.0842571258545,15.3387289047241,9.20882320404053,6.87213182449341,35.8943061828613,20.5687503814697,177.376373291016
"Reynoutria_japonica",1.29199204465557,44.6794568529439,13.2004833221436,34.9744834899902,24.1506366729736,15.8969068527222,20.0904006958008,58.2269172668457,8.81777381896973,200.986999511719
"Reynoutria_japonica",1.31348896019109,43.0782952760013,12.9124021530151,35.8680152893066,25.8544178009033,11.7950382232666,20.2479801177979,55.4917640686035,12.7918605804443,182.868988037109
"Reynoutria_japonica",1.32517986047069,51.2893197265519,11.3198051452637,24.3248062133789,15.5054483413696,12.8391637802124,9.61601829528809,37.9627304077148,24.0750923156738,157.491104125977
"Reynoutria_japonica",1.32904276436835,42.7331994425198,3.49768352508545,36.6233940124512,25.8231067657471,5.75517320632935,-3.83227610588074,74.9806137084961,15.5977392196655,304.626831054688
"Reynoutria_japonica",1.34018498976267,42.8883805037443,10.4160566329956,35.9681129455566,26.0305042266846,9.20735836029053,17.8073062896729,68.5733642578125,12.0263786315918,215.136932373047
"Reynoutria_japonica",1.34023985051736,44.8600160011803,13.5977392196655,34.694034576416,24.0832557678223,7.36459445953369,20.4890174865723,56.9817428588867,10.0662364959717,189.000473022461
"Reynoutria_japonica",1.34358169207219,48.6309652384533,11.1105966567993,35.712516784668,22.300630569458,16.4244537353516,7.25055551528931,41.1729888916016,12.5637741088867,170.139953613281
"Reynoutria_japonica",1.35193081623821,42.9560606072763,9.47651195526123,36.0525131225586,25.8996047973633,8.25575828552246,16.82177734375,79.2979736328125,11.9301500320435,261.994262695312
"Reynoutria_japonica",1.37400879857936,45.3569288302356,11.9944972991943,34.3655242919922,23.6562442779541,5.88562345504761,18.7871532440186,60.6720008850098,16.9662075042725,227.290344238281
"Reynoutria_japonica",1.41982128046417,42.7924408032426,6.12656450271606,36.3098526000977,25.935718536377,4.80390453338623,11.0293674468994,79.4827270507812,12.0305023193359,261.305969238281
"Reynoutria_japonica",1.42236420730758,42.6746188974399,4.53355312347412,36.5115280151367,25.9825401306152,3.15926122665405,-2.87071061134338,56.349365234375,15.5914916992188,231.374877929688
"Reynoutria_japonica",1.43455623094809,52.8241267316094,10.7485656738281,21.8448715209961,14.4418258666992,9.44325351715088,6.85340213775635,36.0597648620605,20.6115818023682,174.848937988281
"Reynoutria_japonica",1.43698650497549,42.7662347319135,6.56581830978394,36.2930717468262,26.0134601593018,5.2424955368042,-0.896426677703857,65.7561416625977,12.9408884048462,229.415618896484
"Reynoutria_japonica",1.43858912258292,49.1174101478962,11.3836860656738,35.3903770446777,21.3864841461182,8.57429790496826,7.57151365280151,39.1652717590332,14.336124420166,168.683013916016
"Reynoutria_japonica",1.44139833576815,42.5775946225702,2.76022553443909,36.6900367736816,26.0437450408936,4.99537229537964,-4.60187768936157,55.8687057495117,16.563591003418,242.637832641602
"Reynoutria_japonica",1.47410427661639,48.946272889709,11.2141132354736,35.5222854614258,21.8275756835938,8.30863857269287,7.37824487686157,42.2259750366211,14.6677732467651,181.368469238281
"Reynoutria_japonica",1.49505060375413,44.7675164770527,12.6858816146851,34.7259635925293,24.2197170257568,15.3821849822998,19.6050815582275,68.5296936035156,9.08731365203857,235.825134277344
"Reynoutria_japonica",1.50390901910574,42.8588119380404,9.54914951324463,35.9576416015625,26.1158218383789,8.31184959411621,16.9630470275879,53.9321403503418,12.7290182113647,180.119155883789
"Reynoutria_japonica",1.55312239465529,52.3107159137365,10.9454507827759,22.7641925811768,14.9957456588745,9.51249694824219,7.01095533370972,34.2768936157227,20.6525382995605,166.073974609375
"Reynoutria_japonica",1.5680313933491,43.5599235651552,14.13525390625,35.6972122192383,25.306755065918,16.8023643493652,21.2834701538086,48.2648468017578,13.4712696075439,160.663818359375
"Reynoutria_japonica",1.56812737450278,42.6166882895748,2.81313967704773,36.6195869445801,26.0138816833496,5.05117464065552,-4.55274152755737,59.8196716308594,15.2914543151855,248.748428344727
"Reynoutria_japonica",1.58005930067242,44.7340994283991,12.6896715164185,34.7161979675293,24.3310031890869,15.3998165130615,19.6326942443848,62.2379302978516,9.343581199646,209.990493774414
"Reynoutria_japonica",1.59458070692627,52.7412849117944,10.8993368148804,21.1245746612549,14.3923864364624,9.63137149810791,6.96252059936523,35.4883766174316,21.3081474304199,174.115020751953
"Reynoutria_japonica",1.60489157000285,52.7055105666706,10.8846473693848,21.4313106536865,14.4630861282349,9.58727550506592,6.95676708221436,36.0220222473145,21.2197494506836,177.116516113281
"Reynoutria_japonica",1.60760052667595,46.2212623278903,11.3430786132812,34.0281829833984,23.3523960113525,5.31992149353027,18.0817718505859,60.0012245178223,13.6435146331787,227.251403808594
"Reynoutria_japonica",1.61187192410366,42.7049987539628,3.43920731544495,36.5378494262695,25.9472274780273,2.04194355010986,-3.93635129928589,62.8224945068359,15.8469152450562,253.371490478516
"Reynoutria_japonica",1.6200398119567,49.4892657010254,10.5476427078247,34.9212875366211,20.6096572875977,5.45973634719849,9.56494998931885,48.0789642333984,16.3275814056396,205.240386962891
"Reynoutria_japonica",1.63910457707632,42.4269888173797,3.56838750839233,36.4891319274902,26.2300148010254,9.32290458679199,-3.84680151939392,38.1520004272461,22.141471862793,203.409317016602
"Reynoutria_japonica",1.65050998949934,50.660242795666,11.2192115783691,29.3838939666748,17.334342956543,9.2761754989624,9.83969497680664,43.2983512878418,25.8518142700195,187.283203125
"Reynoutria_japonica",1.65808140773971,52.4327865459059,10.9443845748901,21.9668235778809,14.7568664550781,9.5795202255249,7.00534582138062,34.137882232666,21.4196262359619,170.510864257812
"Reynoutria_japonica",1.6731457014621,42.7697781909203,10.3676052093506,35.7421188354492,26.340217590332,9.12392139434814,15.3295135498047,57.6373634338379,12.1867113113403,202.602264404297
"Reynoutria_japonica",1.67701050031027,47.916704316971,11.8404474258423,34.784309387207,23.0540523529053,8.5817346572876,7.89231252670288,40.909553527832,13.3622140884399,163.701171875
"Reynoutria_japonica",1.68754244053969,50.8255852652732,11.3006906509399,28.1084804534912,16.9199352264404,9.44618034362793,9.84744453430176,41.7840003967285,25.9904727935791,178.286117553711
"Reynoutria_japonica",1.68940673311754,43.071430990409,13.3508205413818,35.5025749206543,26.0780982971191,12.2538747787476,18.2379627227783,61.4129867553711,12.7484674453735,200.288467407227
"Reynoutria_japonica",1.71646840887615,43.5410225706913,13.9553556442261,35.5418167114258,25.4115200042725,12.9844827651978,21.1565780639648,46.4083786010742,13.7309627532959,155.279159545898
"Reynoutria_japonica",1.72606138392142,44.521933147379,13.0880765914917,34.7674942016602,24.6694393157959,6.75990104675293,20.1214599609375,55.7010841369629,11.3157300949097,183.637359619141
"Reynoutria_japonica",1.72620637297181,50.8239844243832,11.2044477462769,28.3930511474609,17.0457420349121,9.32564830780029,9.76697540283203,43.463809967041,26.4292640686035,189.309555053711
"Reynoutria_japonica",1.72908734321507,42.6776624595853,4.74381637573242,36.3084526062012,26.013391494751,3.37471842765808,-2.68496799468994,68.8336944580078,14.602518081665,259.956512451172
"Reynoutria_japonica",1.73603720034604,42.5154183116499,1.49268889427185,36.6175537109375,25.9771118164062,7.16809558868408,-5.83679389953613,49.6705894470215,19.3692264556885,245.617599487305
"Reynoutria_japonica",1.74098235009621,42.4322642669568,3.31900191307068,36.4040069580078,26.1902198791504,9.05819320678711,-4.08386182785034,40.8776473999023,21.8904075622559,219.232086181641
"Reynoutria_japonica",1.76531741684924,45.2993039749401,11.9696340560913,34.0473480224609,24.0828323364258,5.77488327026367,18.8740100860596,67.0488433837891,17.0908756256104,219.775802612305
"Reynoutria_japonica",1.77113218345074,42.2639478470641,7.55770492553711,35.8320350646973,26.4748229980469,13.4278793334961,0.00769404554739594,28.860424041748,26.9842166900635,199.772415161133
"Reynoutria_japonica",1.78151321633054,45.229434702917,12.1106424331665,34.0615653991699,24.1658248901367,5.90270900726318,16.5810394287109,66.0469665527344,12.2938537597656,258.736267089844
"Reynoutria_japonica",1.7963036253471,44.4377774190725,12.9688673019409,34.8084259033203,24.7955131530762,12.1064395904541,20.0277099609375,63.4709663391113,9.96688365936279,208.530822753906
"Reynoutria_japonica",1.80688369631686,48.8137000865081,11.4241180419922,35.2859001159668,22.3386077880859,18.3991928100586,7.54907608032227,34.7675285339355,15.0096893310547,156.289413452148
"Reynoutria_japonica",1.836575141333,49.0950524224104,11.1434659957886,35.308650970459,21.8411960601807,8.22855854034424,7.30126237869263,36.8324699401855,15.931435585022,173.071899414062
"Reynoutria_japonica",1.84778510043662,42.2980174166304,6.27133226394653,35.8635482788086,26.2940330505371,12.0857973098755,-1.22124087810516,38.9696006774902,27.2533168792725,271.726593017578
"Reynoutria_japonica",1.85084010032777,42.453668620839,7.40139389038086,35.8116569519043,26.3822574615479,13.2780895233154,-0.14671365916729,32.5356216430664,20.937141418457,168.305969238281
"Reynoutria_japonica",1.85537901582861,43.875361694475,14.0567655563354,35.206958770752,25.1723766326904,13.160605430603,21.2055702209473,43.7649879455566,12.9100246429443,146.450820922852
"Reynoutria_japonica",1.85881523272032,45.9800044834081,10.6567840576172,33.9637985229492,23.6621551513672,4.5993127822876,17.444507598877,66.5972747802734,10.3733787536621,251.12678527832
"Reynoutria_japonica",1.8681251657582,47.4844104239416,12.2373237609863,34.205680847168,23.3299198150635,17.9758014678955,8.24362182617188,44.4944000244141,12.5445032119751,174.244705200195
"Reynoutria_japonica",1.87124608841139,45.26182176131,11.5871868133545,34.0655250549316,24.1696662902832,5.38950729370117,18.5126914978027,76.9067306518555,13.6513328552246,285.658721923828
"Reynoutria_japonica",1.87488325690555,43.2214725456701,13.6055917739868,35.2873497009277,25.7534103393555,12.54651927948,20.9373416900635,53.5716705322266,13.6319980621338,175.989654541016
"Reynoutria_japonica",1.89274277049918,42.4900853579588,6.70668458938599,35.8373489379883,26.2604808807373,12.5518026351929,-0.808542668819427,36.6304931640625,18.9555625915527,172.631439208984
"Reynoutria_japonica",1.89430417489768,44.8907003915456,12.8854513168335,34.1792755126953,24.5788516998291,6.56591987609863,19.9168090820312,75.6064910888672,11.4196882247925,256.651580810547
"Reynoutria_japonica",1.90841902945123,42.3334730536964,6.85257244110107,35.7726249694824,26.2862491607666,12.6835250854492,-0.659901201725006,42.6265411376953,25.4912128448486,281.626159667969
"Reynoutria_japonica",1.9181062118269,44.9185314227817,12.2891693115234,34.1637496948242,24.5348434448242,5.99646091461182,19.3104400634766,80.2824478149414,12.6029195785522,261.486785888672
"Reynoutria_japonica",1.9248951828363,44.4874180256632,12.8826093673706,34.6229476928711,24.8671417236328,12.0120754241943,19.9754447937012,64.5652694702148,10.3337306976318,208.335433959961
"Reynoutria_japonica",1.93159781545101,42.8513856798043,9.71769523620605,35.4480209350586,26.0081214904785,8.47952270507812,14.635142326355,64.9535980224609,14.0617580413818,219.913330078125
"Reynoutria_japonica",1.93177980779313,42.2711438832484,8.1923942565918,35.4838714599609,26.2695541381836,14.0452690124512,0.655863523483276,28.2912940979004,30.1495914459229,212.009414672852
"Reynoutria_japonica",1.93645842894705,45.8848839828312,10.1934947967529,34.0006866455078,23.742992401123,4.12820863723755,16.9984283447266,67.8235321044922,10.3079652786255,246.957275390625
"Reynoutria_japonica",1.93932872007518,42.5763114895073,1.41396200656891,36.3330688476562,25.7170734405518,7.05403614044189,-5.87418365478516,49.8108253479004,16.9033145904541,218.181640625
"Reynoutria_japonica",1.94535297924075,42.2397286557906,9.41530513763428,35.2892150878906,26.329948425293,15.2984924316406,1.83970355987549,33.1605644226074,29.109977722168,252.955200195312
"Reynoutria_japonica",1.9526428958493,50.8819857083154,11.4227504730225,29.1844387054443,17.4176654815674,9.46352195739746,10.0288858413696,40.8644714355469,23.3097648620605,177.177215576172
"Reynoutria_japonica",1.9610136302553,43.5302734667153,14.155930519104,35.1266212463379,25.447301864624,13.1768188476562,21.4116897583008,43.518871307373,14.9847183227539,144.121032714844
"Reynoutria_japonica",1.97569647352941,50.1814370035882,10.9784412384033,33.7761726379395,19.8156127929688,8.52542686462402,9.92604541778564,43.4287986755371,21.9225997924805,233.849975585938
"Reynoutria_japonica",1.97737152022079,49.5622152693202,10.7986783981323,35.0562171936035,21.1191062927246,5.55923271179199,9.88330173492432,42.2692718505859,17.0220947265625,194.635955810547
"Reynoutria_japonica",1.97768820539038,48.0448643898945,11.7135410308838,34.6605987548828,23.1172904968262,17.3817501068115,7.75127696990967,43.2150573730469,12.5185136795044,170.477645874023
"Reynoutria_japonica",1.97974433819981,46.188405680159,11.3036251068115,33.8233184814453,23.6675472259521,5.20691156387329,18.1039848327637,62.8167533874512,10.8115663528442,235.384857177734
"Reynoutria_japonica",1.98146450032166,42.3350649312941,5.81046628952026,35.7197723388672,26.0817222595215,11.5813026428223,-1.6420658826828,42.4297409057617,26.9999351501465,293.060974121094
"Reynoutria_japonica",1.9840894902013,45.6988437485756,9.38206958770752,34.0525436401367,23.8829364776611,3.31816291809082,16.2102890014648,82.2322845458984,11.5279903411865,300.601867675781
"Reynoutria_japonica",1.99155149462797,42.91457538412,10.8737306594849,35.2392463684082,25.9981384277344,9.66652965545654,18.3000183105469,65.105224609375,14.5809087753296,210.599624633789
"Reynoutria_japonica",1.99537930874639,49.9326122190201,11.1213207244873,34.447395324707,20.4091014862061,8.53971099853516,10.1465225219727,40.2704925537109,19.9353218078613,217.571014404297
"Reynoutria_japonica",1.99747872747703,45.7213722471059,9.47988796234131,34.0729789733887,23.8445930480957,3.41360783576965,16.3022747039795,81.4064025878906,12.2691879272461,285.425964355469
"Reynoutria_japonica",1.99852561297858,48.3505787473616,11.4246473312378,34.8525009155273,22.9008750915527,17.0104999542236,7.49292707443237,40.6245651245117,13.0807962417603,166.941268920898
"Reynoutria_japonica",1.99969689508467,42.2323892622193,9.48979759216309,35.2055587768555,26.2518215179443,15.3614320755005,1.9272392988205,31.5637645721436,28.7346134185791,238.943344116211
"Reynoutria_japonica",10.0102909360745,47.6681724069078,8.70865440368652,32.6698112487793,27.0395679473877,17.2840042114258,0.12911057472229,95.544189453125,25.8361949920654,525.310852050781
"Reynoutria_japonica",10.0125858452485,63.2369675363075,5.80446100234985,25.3774700164795,23.1963195800781,2.16722512245178,8.69616508483887,44.7119064331055,20.6881484985352,204.988983154297
"Reynoutria_japonica",10.0154827594422,57.3674218902302,8.89333534240723,17.2772750854492,19.0943813323975,10.0837507247925,3.81059741973877,37.6479988098145,24.2371692657471,204.453643798828
"Reynoutria_japonica",10.016163429296,46.6166365579073,1.69280552864075,32.3290100097656,26.9518508911133,10.2839527130127,-6.70540857315063,37.9921875,40.0574798583984,305.085632324219
"Reynoutria_japonica",10.0221160994101,46.6845101585087,-0.723877727985382,32.756778717041,26.6707191467285,7.73231077194214,-5.19111061096191,42.1957626342773,35.0341644287109,296.902404785156
"Reynoutria_japonica",10.0272473771716,47.7712435563597,8.75629329681396,32.5541801452637,27.0000762939453,17.3220195770264,0.179154559969902,81.7849426269531,25.8359889984131,458.193695068359
"Reynoutria_japonica",10.029238996712,56.6857680906884,8.92858505249023,22.8454570770264,20.7068042755127,16.0928421020508,3.95407366752625,36.592658996582,22.1884746551514,191.072387695312
"Reynoutria_japonica",10.0294817778634,59.9866518501506,6.43594074249268,25.7799434661865,27.9113311767578,6.61893510818481,1.0273631811142,34.9242362976074,30.1559009552002,245.440368652344
"Reynoutria_japonica",10.0411355625307,47.7112296389553,8.70081615447998,32.6147575378418,27.009090423584,17.2688026428223,4.27083444595337,92.4255981445312,23.9300022125244,492.141662597656
"Reynoutria_japonica",10.0427101944588,47.4025684944158,6.28199291229248,33.1036567687988,27.0949172973633,14.8197660446167,2.40288472175598,104.619010925293,31.1171169281006,639.349365234375
"Reynoutria_japonica",10.0453812423665,63.5708185918328,6.04394245147705,25.2218246459961,21.8016567230225,2.71968460083008,8.64377117156982,60.2592010498047,26.9467945098877,245.276885986328
"Reynoutria_japonica",10.0534894617697,46.3428246508912,4.88309288024902,31.7543296813965,27.4869384765625,11.8756093978882,-3.7445240020752,39.1921882629395,33.589183807373,284.615905761719
"Reynoutria_japonica",10.053582614182,47.4821840803552,5.76873397827148,33.1394309997559,26.9835662841797,14.2655267715454,1.91353416442871,134.370635986328,24.8733997344971,705.533813476562
"Reynoutria_japonica",10.0544757733478,46.719086297463,1.94974422454834,32.4901161193848,26.9429264068604,10.5149202346802,-2.53580379486084,34.4763298034668,34.2655715942383,245.925369262695
"Reynoutria_japonica",10.0568159288348,47.6994179133326,8.61687755584717,32.6837921142578,27.0640659332275,17.1954231262207,4.65059614181519,91.942024230957,27.1409645080566,515.296203613281
"Reynoutria_japonica",10.0661012177608,55.5126917964964,9.1700325012207,18.2730960845947,19.5966014862061,6.71440649032593,4.07171010971069,35.2522354125977,21.4435424804688,191.241500854492
"Reynoutria_japonica",10.0662940757865,63.1145403790157,4.83582973480225,25.444408416748,23.776517868042,12.8139047622681,3.67529726028442,46.1796722412109,20.1089878082275,222.22673034668
"Reynoutria_japonica",10.0811723069388,47.3376753259836,4.22364568710327,33.3277282714844,26.9181365966797,12.6868362426758,0.417143553495407,121.641784667969,30.6295318603516,732.919738769531
"Reynoutria_japonica",10.081748762373,46.2804639803023,2.63592457771301,32.0341567993164,27.3495998382568,9.52735996246338,-5.89699459075928,52.5019302368164,32.5854759216309,374.097412109375
"Reynoutria_japonica",10.0864443169542,63.0131580985751,3.25008106231689,25.5289535522461,24.0898914337158,11.2972803115845,2.10497713088989,45.8020706176758,20.8650703430176,238.416198730469
"Reynoutria_japonica",10.0884805479057,61.2013356831502,3.37235140800476,24.6448135375977,27.1520557403564,13.1739130020142,-1.84335374832153,29.5052242279053,36.2637252807617,251.452331542969
"Reynoutria_japonica",10.0888005746429,45.022513324065,14.7838706970215,30.9501342773438,30.42551612854,15.133131980896,24.4641723632812,55.5248947143555,20.5527153015137,187.08056640625
"Reynoutria_japonica",10.0893857302385,44.795527744683,14.3600521087646,30.7212314605713,30.1111431121826,9.84989166259766,23.942741394043,46.9463539123535,30.0446395874023,164.589935302734
"Reynoutria_japonica",10.0954679592271,47.4535117920016,5.56921768188477,33.1859283447266,27.0138263702393,14.0783824920654,1.71743369102478,123.177314758301,27.7304496765137,697.140502929688
"Reynoutria_japonica",10.1020326600121,46.4342901712295,-1.11092472076416,32.4266090393066,26.8403472900391,5.5599422454834,-9.41643142700195,54.7898368835449,34.737979888916,407.491577148438
"Reynoutria_japonica",10.1102682815744,47.0535695290169,1.09047400951385,33.3151626586914,26.7825794219971,9.51935863494873,-3.37312316894531,86.2283325195312,33.2963066101074,559.565673828125
"Reynoutria_japonica",10.1199302132536,59.747868994463,6.11255264282227,25.594295501709,27.3425979614258,6.3949818611145,0.713344216346741,44.8686103820801,28.292760848999,263.21533203125
"Reynoutria_japonica",10.1207982057261,46.3116672565768,2.52046012878418,32.005558013916,27.2946643829346,9.39955902099609,-5.99751234054565,43.3680000305176,41.9043159484863,398.806579589844
"Reynoutria_japonica",10.1335665724803,57.4250871780534,8.84658145904541,15.947283744812,18.8407535552979,10.0601415634155,3.72062277793884,37.5491752624512,24.6433849334717,206.586059570312
"Reynoutria_japonica",10.1358693789073,47.5226223538092,5.39873123168945,33.1729011535645,26.9794540405273,13.8882913589478,1.55086743831635,117.160095214844,29.9493751525879,691.234741210938
"Reynoutria_japonica",10.1393966012511,56.0158853021902,8.76953411102295,21.4051513671875,20.4855251312256,6.24252891540527,3.71700549125671,36.6783065795898,20.0560493469238,180.265411376953
"Reynoutria_japonica",10.1394020809722,50.4186848181864,8.81013107299805,30.8459320068359,25.3441772460938,17.1662559509277,4.46676683425903,43.9971771240234,13.8410520553589,201.516510009766
"Reynoutria_japonica",10.1408619219307,56.621146773799,8.85765647888184,22.3471660614014,20.6700916290283,16.0501079559326,3.84408926963806,36.415153503418,21.5414733886719,186.994918823242
"Reynoutria_japonica",10.1455637679481,47.699764603328,7.38181304931641,32.8184661865234,27.0314064025879,15.9276170730591,2.94821810722351,110.718116760254,23.8408946990967,570.702270507812
"Reynoutria_japonica",10.1459115566722,61.3470736785283,2.18609094619751,24.6380596160889,26.9372711181641,11.9144449234009,-2.98288464546204,33.69091796875,36.4671440124512,277.131103515625
"Reynoutria_japonica",10.1647316925692,47.2115894848365,3.13581109046936,33.3717422485352,26.9508800506592,11.6015405654907,-0.654233694076538,89.6223983764648,30.4895172119141,544.590698242188
"Reynoutria_japonica",10.1676447841611,50.4852245580174,8.8523120880127,30.8116207122803,25.3634452819824,17.2029266357422,4.5030665397644,42.2163772583008,14.8123054504395,201.689041137695
"Reynoutria_japonica",10.172821531928,59.1214266688679,7.93112373352051,22.2239665985107,24.2937240600586,8.55403614044189,2.54524087905884,52.0859298706055,29.1289978027344,245.505981445312
"Reynoutria_japonica",10.1787537961647,46.4626470721119,-0.7724968791008,32.3600845336914,26.838493347168,7.75411939620972,-9.09111022949219,48.9812698364258,34.8443260192871,367.971099853516
"Reynoutria_japonica",10.1800023052946,44.7385455934706,14.1852083206177,30.6118450164795,29.8828430175781,9.74900531768799,23.7129459381104,45.4613647460938,29.7449989318848,157.565460205078
"Reynoutria_japonica",10.1804255384125,47.5188484072384,5.81507301330566,33.1384315490723,27.0464477539062,14.3312759399414,1.94512796401978,108.618072509766,27.0631561279297,596.822570800781
"Reynoutria_japonica",10.1822196231146,47.2035389235402,0.912823557853699,33.5879516601562,26.7801322937012,9.30457878112793,-2.8032078742981,103.089126586914,32.9663276672363,667.963134765625
"Reynoutria_japonica",10.1829864536014,56.1687829017,8.76200675964355,22.1586589813232,20.703125,15.9859294891357,3.72456932067871,38.0644721984863,20.885124206543,193.164703369141
"Reynoutria_japonica",10.1844099447321,44.6511053004607,12.7704858779907,30.6196231842041,29.470890045166,8.47343349456787,22.1694240570068,44.7677192687988,33.6578369140625,156.050079345703
"Reynoutria_japonica",10.1944224284355,46.872218213936,-1.59868025779724,33.1443672180176,26.6321983337402,6.78688335418701,-6.04352760314941,46.7110595703125,39.8142852783203,355.651000976562
"Reynoutria_japonica",10.2166857915655,47.265368456104,3.02225255966187,33.4289627075195,26.9767723083496,11.4914636611938,-0.76885187625885,98.2718124389648,30.7490406036377,616.552734375
"Reynoutria_japonica",10.237974642592,63.3881757623392,5.04510307312012,25.5625476837158,22.9955196380615,1.48242664337158,7.88365316390991,59.6986351013184,25.6323757171631,250.608764648438
"Reynoutria_japonica",10.2416738501887,44.6421573849844,12.7815170288086,30.6262149810791,29.4802913665771,8.4881477355957,22.1808528900146,46.5403289794922,32.6777839660645,160.503341674805
"Reynoutria_japonica",10.2516803130276,63.3259679290805,6.57752227783203,25.4976615905762,23.5173454284668,6.89151859283447,9.5292501449585,45.8637161254883,22.639705657959,201.640197753906
"Reynoutria_japonica",10.2613167791246,63.1381079225025,5.89511156082153,25.4638004302979,24.1331100463867,10.6574840545654,4.75212526321411,44.569507598877,20.7783660888672,208.203674316406
"Reynoutria_japonica",10.2623000197068,47.9453954271734,8.70752429962158,32.3390502929688,27.0157356262207,17.3108654022217,0.0966807976365089,65.3444671630859,33.5827484130859,435.380981445312
"Reynoutria_japonica",10.2801820118901,46.4113408201989,-0.181745976209641,32.2148284912109,26.9681777954102,6.54646873474121,-8.5529899597168,44.056468963623,37.7053070068359,356.276885986328
"Reynoutria_japonica",10.283133581708,60.0202373754271,6.14502811431885,25.8249359130859,28.1269264221191,6.34058380126953,0.704313576221466,38.7773170471191,29.9591064453125,267.882537841797
"Reynoutria_japonica",10.3002970138341,61.4399991450759,2.02506160736084,24.7071323394775,26.9568099975586,11.7574872970581,-3.14816951751709,35.3593406677246,33.7704772949219,267.023620605469
"Reynoutria_japonica",10.3003533123991,56.3530896628897,8.87377452850342,21.6433391571045,20.6064376831055,16.1157722473145,3.81189036369324,35.4935531616211,21.090690612793,184.434448242188
"Reynoutria_japonica",10.3095353578204,47.5734202604755,6.79017400741577,33.0352401733398,27.1819763183594,15.3551778793335,2.33946204185486,121.062309265137,27.3971214294434,684.677368164062
"Reynoutria_japonica",10.3150011313352,53.783934742583,9.58280944824219,28.5043544769287,22.7737979888916,17.2815456390381,4.96403455734253,41.025505065918,19.5480766296387,219.899475097656
"Reynoutria_japonica",10.3247763321703,51.3418566979909,8.44437217712402,30.7749404907227,24.6007995605469,15.0129127502441,4.09632158279419,35.9312019348145,20.1312599182129,188.544281005859
"Reynoutria_japonica",10.345444284358,59.2761756492172,7.79407835006714,23.2792282104492,25.2881050109863,8.31911277770996,2.380122423172,47.8895988464355,29.4002380371094,242.808380126953
"Reynoutria_japonica",10.3634760449696,46.352913363595,5.62413930892944,31.4896450042725,27.6025772094727,12.662522315979,-3.06946659088135,34.8386840820312,34.7054290771484,259.832000732422
"Reynoutria_japonica",10.3749905537553,60.5800904583077,4.54046249389648,25.5717220306396,28.107048034668,13.3564405441284,-0.864178836345673,36.7758140563965,30.8934268951416,276.850250244141
"Reynoutria_japonica",10.384080389362,47.3585287332035,2.83079361915588,33.5342063903809,27.0280838012695,11.2982587814331,-0.962542593479156,96.4420700073242,35.1090202331543,641.712890625
"Reynoutria_japonica",10.3922255934949,51.6910481850324,7.71355628967285,30.7062606811523,24.2373352050781,1.21164548397064,3.35968613624573,63.170539855957,16.356201171875,316.565643310547
"Reynoutria_japonica",10.3976802493164,47.9568653672926,8.58863830566406,32.3384552001953,27.1001415252686,17.2061710357666,-0.0372705459594727,60.5296020507812,35.9223747253418,417.299560546875
"Reynoutria_japonica",10.3983111640511,51.8047049686113,7.20622205734253,30.7356128692627,24.0696830749512,15.1771965026855,2.84784936904907,59.7406120300293,15.5939168930054,282.874267578125
"Reynoutria_japonica",10.4050161585118,63.3572359723538,6.09337949752808,25.5541191101074,23.6228523254395,6.40493631362915,9.06332111358643,48.4857406616211,23.45285987854,214.854217529297
"Reynoutria_japonica",10.4061836692789,44.8575078529752,14.8810319900513,30.6123695373535,30.1510391235352,15.3009939193726,24.4940700531006,49.1424942016602,21.4771423339844,163.275573730469
"Reynoutria_japonica",10.4083526697901,56.4679097975172,8.99526309967041,20.6736030578613,20.4336757659912,16.2591152191162,3.90280938148499,36.3962364196777,21.8456764221191,193.812225341797
"Reynoutria_japonica",10.4092844751884,59.6515770500621,7.24445199966431,25.0976009368896,27.1952934265137,7.5682806968689,1.7984471321106,43.170352935791,28.0797214508057,232.478500366211
"Reynoutria_japonica",10.4224540916836,47.7005858541917,7.61256313323975,32.8066673278809,27.2375717163086,16.218578338623,-0.992312252521515,90.2121429443359,33.5174980163574,592.142944335938
"Reynoutria_japonica",10.430827710517,44.6113875319198,13.3306274414062,30.5331974029541,29.4403476715088,9.06827259063721,22.7232208251953,47.4798126220703,23.9929046630859,156.240844726562
"Reynoutria_japonica",10.4341771504358,47.152411665419,3.30452823638916,33.2129745483398,27.1963481903076,11.852988243103,-1.16482985019684,56.8766098022461,34.6173858642578,412.802917480469
"Reynoutria_japonica",10.4452314413739,47.2727427639887,4.27974033355713,33.2909317016602,27.2400932312012,12.8376846313477,0.413560897111893,70.5452270507812,36.0771408081055,500.443969726562
"Reynoutria_japonica",10.4452444354557,56.3744437156173,8.93677043914795,20.5760536193848,20.4058628082275,16.4449329376221,3.83426356315613,35.065601348877,21.1205406188965,185.393218994141
"Reynoutria_japonica",10.45354552264,53.7507056949675,9.50133037567139,28.1925621032715,22.7365264892578,17.2211093902588,4.86372709274292,41.7926597595215,20.95823097229,232.521041870117
"Reynoutria_japonica",10.45492113504,47.0821697841521,3.02170705795288,33.080005645752,27.1929969787598,11.5826435089111,-1.44899761676788,42.7293167114258,43.6870002746582,363.827453613281
"Reynoutria_japonica",10.4596330067087,59.9938750081955,5.7857608795166,25.9147930145264,28.1114635467529,10.7662496566772,0.332595974206924,43.2711524963379,30.5574436187744,283.233978271484
"Reynoutria_japonica",10.462555871942,51.6790570686696,7.45101594924927,30.7112255096436,24.2861480712891,0.94695371389389,3.08769106864929,60.4770812988281,16.0944023132324,288.407897949219
"Reynoutria_japonica",10.4657551048544,46.0725995381464,2.05799293518066,31.9253368377686,27.5330543518066,8.95785617828369,-6.52040004730225,55.4623985290527,35.2202835083008,446.666625976562
"Reynoutria_japonica",10.4729031034085,47.8513135885229,7.93401908874512,32.5510711669922,27.1502494812012,16.5433559417725,-0.675333321094513,71.8564682006836,31.9992656707764,449.855163574219
"Reynoutria_japonica",10.4736471290479,47.7309167035806,7.95457696914673,32.707633972168,27.2623634338379,16.5791645050049,-0.673345983028412,72.6137390136719,33.5564231872559,472.913879394531
"Reynoutria_japonica",10.4751410419915,63.1121197153442,4.06360960006714,25.5667572021484,24.5369892120361,12.2193393707275,2.9327609539032,46.4131774902344,20.7332382202148,229.841888427734
"Reynoutria_japonica",10.4793266147993,62.8985758953086,3.56088352203369,25.3917045593262,25.1761989593506,11.9004211425781,2.47056317329407,38.2514801025391,22.828311920166,206.426452636719
"Reynoutria_japonica",10.4821135828426,50.8147424460258,7.17138385772705,30.9727420806885,25.1291389465332,15.4094152450562,2.80195450782776,56.063060760498,13.3403787612915,255.002822875977
"Reynoutria_japonica",10.4850897967724,55.3054459028523,9.10261631011963,15.3254251480103,18.9858531951904,16.5636787414551,3.90755152702332,33.6404724121094,20.8374843597412,181.598678588867
"Reynoutria_japonica",10.4897130433969,46.126648128078,-1.40292716026306,32.3486442565918,27.0583343505859,5.30232000350952,-9.78546237945557,56.2311515808105,37.0089340209961,448.889709472656
"Reynoutria_japonica",10.490909463879,63.8262481060749,4.94096088409424,25.5098361968994,22.076940536499,1.60925650596619,11.0279321670532,68.8834838867188,27.5738067626953,268.844604492188
"Reynoutria_japonica",10.493914933292,48.297328120557,9.31533432006836,31.7116088867188,26.907096862793,17.9999656677246,0.636999189853668,48.9505882263184,35.4924659729004,346.463073730469
"Reynoutria_japonica",10.5000740064123,62.9190410744455,3.09853291511536,25.4615840911865,25.0666828155518,11.3958683013916,1.99851906299591,48.7953872680664,22.2816543579102,259.903076171875
"Reynoutria_japonica",10.5082584545557,61.2281078603472,1.67647957801819,24.9815158843994,27.2038040161133,11.4097862243652,-3.5584454536438,46.4543991088867,29.541431427002,312.038787841797
"Reynoutria_japonica",10.5146317908112,47.1239228779673,2.71127486228943,33.2226371765137,27.2085075378418,11.2623338699341,-1.13799059391022,49.5635757446289,45.3684539794922,433.445556640625
"Reynoutria_japonica",10.5278642493174,47.2384846410294,0.75583028793335,33.639232635498,27.0094776153564,9.19592189788818,-2.98847055435181,73.3230133056641,40.3796310424805,555.815795898438
"Reynoutria_japonica",10.5370453238238,48.5994307912711,9.74799919128418,31.2116031646729,26.815746307373,16.9964256286621,5.42084550857544,42.7610359191895,29.4381294250488,254.7041015625
"Reynoutria_japonica",10.5463999239586,54.2123172838196,9.31609439849854,24.0000019073486,21.33616065979,16.9283580780029,4.47374439239502,40.4573173522949,22.4825229644775,224.868240356445
"Reynoutria_japonica",10.54652770901,47.0320005000601,2.69447422027588,33.0100555419922,27.2700328826904,11.2765951156616,-1.77252388000488,35.6381187438965,35.287712097168,265.606201171875
"Reynoutria_japonica",10.5477183420754,62.8076478120601,2.72598314285278,25.3635387420654,25.4424476623535,11.1253519058228,1.6524111032486,36.3038101196289,27.093412399292,216.951812744141
"Reynoutria_japonica",10.5497898308126,51.752314294668,5.76845169067383,30.883129119873,24.0888481140137,-0.637273728847504,1.39960312843323,73.3970794677734,16.632194519043,344.276123046875
"Reynoutria_japonica",10.5549436614117,47.2731447936971,1.9584094285965,33.540584564209,27.1323852539062,10.4429006576538,-1.8360093832016,74.1072006225586,40.8742942810059,559.644714355469
"Reynoutria_japonica",10.5550584426259,47.049883362023,0.683539628982544,33.3541984558105,27.0786914825439,9.17019653320312,-3.76837658882141,45.4761428833008,40.7758102416992,356.926940917969
"Reynoutria_japonica",10.5666230142265,62.9208453380419,3.30188941955566,25.4473552703857,25.1475582122803,11.6213579177856,2.20589017868042,42.1584930419922,23.2546100616455,230.509460449219
"Reynoutria_japonica",10.5746673181387,56.279947427569,8.8860969543457,19.4727268218994,20.1412906646729,16.3998489379883,3.74789190292358,35.3901176452637,22.0228214263916,195.641036987305
"Reynoutria_japonica",10.5750751767668,44.8992105106974,14.9187517166138,30.6070213317871,30.1467113494873,15.341778755188,5.25797319412231,51.1079521179199,18.8239097595215,166.711059570312
"Reynoutria_japonica",10.5768485567026,47.1457882269925,6.35821914672852,32.8848533630371,27.578483581543,15.0565776824951,1.86750423908234,39.8144950866699,36.2400016784668,302.050537109375
"Reynoutria_japonica",10.5865544648908,63.2561350743198,4.9994044303894,25.6084289550781,24.253438949585,9.76175022125244,3.85374116897583,50.6516723632812,20.9330005645752,237.746826171875
"Reynoutria_japonica",10.5925800778635,48.3273379937583,9.57282257080078,31.6497116088867,27.0125160217285,18.2904243469238,0.855087041854858,40.819953918457,37.4042625427246,297.850830078125
"Reynoutria_japonica",10.5941667515205,55.11844713178,9.0089807510376,15.1608486175537,18.9330921173096,6.60182762145996,3.83466672897339,35.8988227844238,20.3910903930664,179.616760253906
"Reynoutria_japonica",10.620112015683,46.1372655504939,-1.81066000461578,32.3158988952637,27.0808944702148,4.88807821273804,-10.1910238265991,61.511905670166,28.3595218658447,383.860900878906
"Reynoutria_japonica",10.6256128135358,47.3053707757414,2.16660189628601,33.5597534179688,27.1912479400635,10.6603527069092,-1.63425421714783,77.9874801635742,40.0985641479492,565.627502441406
"Reynoutria_japonica",10.6370929328855,51.7842569904749,6.04572820663452,30.8217334747314,24.1710300445557,-0.393934100866318,1.67142415046692,64.1245193481445,16.6795425415039,277.967041015625
"Reynoutria_japonica",10.6385410212487,44.7727743529755,14.9571237564087,30.5037975311279,30.0175075531006,15.4294443130493,24.5149021148682,48.6476249694824,18.4340038299561,157.249328613281
"Reynoutria_japonica",10.6421913703932,47.0255562969962,4.13574552536011,32.8556213378906,27.4736194610596,12.7927465438843,-0.342960119247437,38.317741394043,44.9164276123047,338.203369140625
"Reynoutria_japonica",10.6432195115202,63.4145918475066,5.55747985839844,25.61252784729,23.9499950408936,10.2725582122803,4.40819454193115,54.0663528442383,20.8475933074951,246.922821044922
"Reynoutria_japonica",10.6510871064875,55.3359065404247,9.27967834472656,14.488883972168,18.8391342163086,16.7518405914307,4.05088329315186,32.405834197998,19.9796123504639,171.544555664062
"Reynoutria_japonica",10.6605988682842,46.0631398963338,3.19357442855835,31.7369537353516,27.6969413757324,10.167778968811,-5.46725654602051,56.4683303833008,28.7313270568848,338.634063720703
"Reynoutria_japonica",10.6610031421418,46.1258009488315,1.84151172637939,31.857852935791,27.4799423217773,8.73608493804932,-6.73619318008423,55.8570365905762,26.9341449737549,330.602905273438
"Reynoutria_japonica",10.6650626382802,59.7803270962837,6.62803554534912,25.5496425628662,27.7478122711182,11.6029920578003,1.16123449802399,51.3416481018066,28.0785312652588,291.814117431641
"Reynoutria_japonica",10.6662886316965,55.2668358574918,9.06518459320068,14.511212348938,18.8000183105469,6.6921067237854,3.84993100166321,32.0595741271973,19.935375213623,168.388336181641
"Reynoutria_japonica",10.6670510373803,60.5231740473243,3.92911839485168,25.8003101348877,28.2797451019287,12.7402648925781,-1.49261963367462,35.293270111084,27.0856227874756,247.014022827148
"Reynoutria_japonica",10.6743539480707,51.8100808590183,6.9446234703064,30.6385231018066,24.2923583984375,0.450713723897934,2.55918431282043,56.2182579040527,13.4670886993408,236.811386108398
"Reynoutria_japonica",10.6876069247747,47.2714991446222,2.01531672477722,33.5500144958496,27.2279815673828,10.5208578109741,-2.43486905097961,65.2897872924805,35.5160903930664,440.8876953125
"Reynoutria_japonica",10.6917732394332,47.5734531547507,8.02886390686035,32.8584823608398,27.5884704589844,16.7186222076416,-0.666931807994843,66.5691299438477,37.9056396484375,478.805297851562
"Reynoutria_japonica",10.6931496361797,59.5910579800328,7.03190040588379,25.0392627716064,27.141918182373,11.9815149307251,1.57678127288818,48.757740020752,28.954475402832,273.698059082031
"Reynoutria_japonica",10.7011204092105,56.2550776892774,9.02780055999756,18.3067417144775,19.8813095092773,16.3441791534424,3.85189819335938,33.8822593688965,20.6593780517578,175.481964111328
"Reynoutria_japonica",10.711231459606,59.5643170513925,7.17706966400146,24.8923892974854,26.9984855651855,12.1272287368774,1.72010517120361,48.6882820129395,28.8769454956055,264.115478515625
"Reynoutria_japonica",10.7121262148333,47.3354366620018,3.20521020889282,33.468090057373,27.3245830535889,11.7461671829224,-0.641479253768921,70.8961868286133,39.0189476013184,505.887054443359
"Reynoutria_japonica",10.7175773513255,51.6597036610688,7.31630802154541,30.6956901550293,24.4959716796875,0.751935660839081,2.93032789230347,56.6010360717773,15.6988658905029,258.658752441406
"Reynoutria_japonica",10.7196975959497,47.2756104183318,5.40716314315796,33.1470413208008,27.5898532867432,14.0618019104004,0.933992087841034,53.0232467651367,30.7927303314209,329.612518310547
"Reynoutria_japonica",10.7267493896576,46.1356768829314,5.27568626403809,31.4359588623047,27.8864669799805,12.3597164154053,-3.49071383476257,46.308422088623,28.2770195007324,298.85986328125
"Reynoutria_japonica",10.7269214217898,50.4836194803064,8.36067581176758,30.7411975860596,25.6434631347656,16.7980804443359,3.96183848381042,54.992847442627,13.4322309494019,255.748413085938
"Reynoutria_japonica",10.7307476769706,62.927524138386,4.09746074676514,25.3377857208252,25.4153690338135,12.4986371994019,3.01265716552734,42.3723297119141,24.0641403198242,234.260986328125
"Reynoutria_japonica",10.7308644654559,47.1110343086162,1.7556746006012,33.3097610473633,27.2985877990723,10.3016862869263,-2.70277166366577,55.3416481018066,41.1132698059082,440.863708496094
"Reynoutria_japonica",10.7315377606382,45.8512749051731,7.77456521987915,31.2863578796387,28.447624206543,15.0233879089355,-1.1941397190094,66.1028671264648,23.7481956481934,367.676605224609
"Reynoutria_japonica",10.7337952465043,45.9155107513546,8.63492393493652,31.1638832092285,28.498664855957,15.928599357605,-0.367716073989868,49.7785415649414,27.9676074981689,326.022033691406
"Reynoutria_japonica",10.7452018349726,51.7852688752654,7.29494857788086,30.5974159240723,24.3958950042725,0.763537228107452,2.90580081939697,50.2883758544922,13.9112949371338,212.536651611328
"Reynoutria_japonica",10.7463560058896,47.1848367545748,5.93404579162598,32.9808502197266,27.6764335632324,14.6310148239136,1.45308232307434,45.3427772521973,40.813793182373,338.830963134766
"Reynoutria_japonica",10.749346875404,55.2652011691117,9.18032455444336,14.1685123443604,18.7673969268799,6.81200790405273,3.94474816322327,31.4207057952881,19.5111446380615,163.166305541992
"Reynoutria_japonica",10.7657777082282,45.8219608629187,10.3884534835815,30.9736480712891,28.8101463317871,17.7919807434082,1.25370824337006,51.098072052002,26.3266181945801,312.799987792969
"Reynoutria_japonica",10.7671796262429,48.7266085866067,9.58234119415283,31.0817737579346,26.8083477020264,16.8796119689941,5.25884389877319,42.5878601074219,26.3115310668945,239.90315246582
"Reynoutria_japonica",10.7738344553235,45.8480258911343,8.63659286499023,31.1867752075195,28.5505599975586,15.9379367828369,-0.387049436569214,59.0334129333496,24.9872512817383,352.771942138672
"Reynoutria_japonica",10.775238016279,47.5263309179244,5.02678489685059,33.2414627075195,27.3905410766602,13.6132497787476,1.11551070213318,98.5382537841797,32.9995346069336,624.174377441406
"Reynoutria_japonica",10.7766807558037,63.8234145312055,5.46823215484619,25.5422039031982,22.9359912872314,-0.710614860057831,8.28958702087402,64.3625411987305,25.8042774200439,256.413452148438
"Reynoutria_japonica",10.7834344407101,47.1820914563637,5.73417520523071,32.9950904846191,27.6921138763428,14.4336891174316,1.25041246414185,49.6781196594238,42.0224494934082,383.536071777344
"Reynoutria_japonica",10.7839420703929,50.6718868533057,6.66780185699463,30.9667625427246,25.341646194458,14.9724502563477,2.27157163619995,62.9219779968262,10.9797277450562,258.597747802734
"Reynoutria_japonica",10.7855334208626,47.3288618185227,3.05227971076965,33.4671287536621,27.3591346740723,11.6087417602539,-1.39982426166534,70.747200012207,31.2896366119385,437.156127929688
"Reynoutria_japonica",10.7874478319412,62.7987874711513,1.04841995239258,25.4235992431641,25.5080184936523,9.43835639953613,-0.0140221016481519,37.4325637817383,28.3741893768311,231.676803588867
"Reynoutria_japonica",10.7907019724875,50.633408702353,6.20431709289551,31.0258693695068,25.3201217651367,-0.551725447177887,1.80791211128235,74.3210372924805,12.6476030349731,332.054595947266
"Reynoutria_japonica",10.7921439745451,48.4196156562896,9.58091640472412,31.4149303436279,27.060432434082,18.3513164520264,0.823374032974243,37.114917755127,34.8934783935547,257.441711425781
"Reynoutria_japonica",10.7934983595974,50.4451270724378,8.42572498321533,30.7117824554443,25.7364044189453,16.8933906555176,4.01832294464111,50.6310577392578,13.1291589736938,230.679443359375
"Reynoutria_japonica",10.8092054886562,47.3649055516183,4.68436670303345,33.28662109375,27.5377788543701,13.3082389831543,0.21937569975853,64.2836685180664,30.6635150909424,394.373840332031
"Reynoutria_japonica",10.80980682165,60.3870374576461,3.54793572425842,26.0868968963623,28.3562431335449,12.338472366333,-1.8826996088028,42.0111999511719,26.6443061828613,270.832000732422
"Reynoutria_japonica",10.8129712167929,45.9690098244405,7.87679815292358,31.1854457855225,28.3576850891113,15.1211824417114,-1.0723922252655,58.1657409667969,24.4908046722412,333.912841796875
"Reynoutria_japonica",10.8195563888964,64.0006444736961,4.95904302597046,25.3973827362061,22.418249130249,-1.05824315547943,11.1544589996338,60.8421630859375,31.0518321990967,228.810073852539
"Reynoutria_japonica",10.8236625965268,64.4988542504957,6.58604192733765,24.0898571014404,20.6734771728516,3.57260251045227,12.2570037841797,56.8894119262695,25.4014930725098,223.503143310547
"Reynoutria_japonica",10.8247345461564,48.4753770301048,9.55925941467285,31.3638401031494,27.0224285125732,18.3344078063965,0.805813372135162,37.5906829833984,35.5953559875488,262.976837158203
"Reynoutria_japonica",10.8338758540709,62.8254720084866,1.59551763534546,25.3706874847412,25.626485824585,10.0195722579956,0.537549734115601,36.5300712585449,28.1566276550293,225.449310302734
"Reynoutria_japonica",10.8413530278569,46.1269776331689,0.528074562549591,32.024299621582,27.466438293457,7.37192344665527,-8.00415706634521,53.2105407714844,34.3512382507324,439.123168945312
"Reynoutria_japonica",10.8437104713462,61.1926488025758,2.5214684009552,25.0717144012451,27.5131397247314,12.3530797958374,-2.77828240394592,33.3725166320801,31.9584503173828,246.257781982422
"Reynoutria_japonica",10.8543095015763,49.1920636834001,9.14304637908936,30.7881469726562,26.5088291168213,16.4098472595215,4.79688453674316,42.1785430908203,25.1634426116943,233.497802734375
"Reynoutria_japonica",10.8616005102269,47.5512593017252,4.38626432418823,33.2568130493164,27.360631942749,12.949517250061,-4.15266180038452,83.7048492431641,38.581169128418,616.042053222656
"Reynoutria_japonica",10.8685865306173,48.4773253740588,9.70115184783936,31.3259544372559,27.0648555755615,18.4890041351318,0.928122341632843,36.2857398986816,35.3561973571777,255.310974121094
"Reynoutria_japonica",10.8745641808561,63.2329834183194,4.71325254440308,25.5128746032715,24.7963771820068,12.9307565689087,3.58992481231689,45.1177406311035,21.7639694213867,231.553405761719
"Reynoutria_japonica",10.8746031259776,47.121529632574,-0.104007095098495,33.516242980957,27.2467765808105,8.39117050170898,-8.48825836181641,59.5481414794922,39.8627052307129,442.462890625
"Reynoutria_japonica",10.8785145523145,63.8548377073658,5.64220094680786,25.4617805480957,23.1368579864502,-0.595414876937866,8.50041580200195,60.9333648681641,26.1795330047607,244.433975219727
"Reynoutria_japonica",10.8874193431452,47.6436707320136,6.40979099273682,32.9372825622559,27.496280670166,15.0527791976929,-2.23324704170227,72.7643280029297,44.9608726501465,645.969848632812
"Reynoutria_japonica",10.8989340013754,48.469004643926,9.71769046783447,31.3041648864746,27.0997562408447,18.5158309936523,0.932218134403229,36.9701652526855,35.461311340332,261.868621826172
"Reynoutria_japonica",10.9032188314631,61.2887569183326,1.13529217243195,25.1530017852783,27.2833976745605,10.8633632659912,-4.11336326599121,45.723201751709,27.9816818237305,297.40234375
"Reynoutria_japonica",10.9090476841886,48.0420665928372,9.02262306213379,32.0173072814941,27.3451843261719,17.7358531951904,0.274050235748291,51.8074340820312,38.9112129211426,390.967254638672
"Reynoutria_japonica",10.910354386834,47.1853040849128,5.62281703948975,33.0157661437988,27.8035564422607,14.3484563827515,-3.05572867393494,45.6952476501465,39.9386711120605,344.51123046875
"Reynoutria_japonica",10.9174864414375,46.1315511264049,5.0003924369812,31.4865112304688,27.9907398223877,12.0919609069824,-3.7834038734436,35.3271522521973,32.8816337585449,276.188323974609
"Reynoutria_japonica",10.932805474037,63.4154574530087,5.31184911727905,25.5034580230713,24.5019187927246,13.433762550354,4.18228530883789,51.0712471008301,20.2075366973877,250.610168457031
"Reynoutria_japonica",10.9356843627613,51.1906448514623,9.72152614593506,30.552417755127,25.3410263061523,16.5533542633057,2.39433264732361,26.6480941772461,27.2163734436035,165.827102661133
"Reynoutria_japonica",10.9364374148198,47.4951825961577,6.44827222824097,33.0260620117188,27.7152462005615,15.1396255493164,2.45762205123901,69.3312911987305,29.4869403839111,417.225219726562
"Reynoutria_japonica",10.9479889737765,60.2017771355128,5.18541431427002,26.111515045166,28.6424179077148,10.1986103057861,-0.296845525503159,46.5881423950195,24.5498714447021,266.311706542969
"Reynoutria_japonica",10.9501745345781,47.6695886269724,7.70614576339722,32.719841003418,27.6171951293945,16.4006633758545,-1.01266193389893,60.9281883239746,46.8363761901855,571.136962890625
"Reynoutria_japonica",10.9540572748925,60.3284974012367,3.8215057849884,26.1539001464844,28.4942665100098,8.82173442840576,-1.62895059585571,50.3063545227051,25.8748550415039,305.494384765625
"Reynoutria_japonica",10.9567705723653,64.0969831675413,4.44034814834595,25.2613792419434,22.5241775512695,1.07260394096375,10.6597118377686,57.6550598144531,31.9487266540527,218.850463867188
"Reynoutria_japonica",10.9751055386071,48.9050954843612,8.94420623779297,30.9343509674072,26.7658920288086,16.2420406341553,4.61315774917603,40.0594825744629,28.2117118835449,231.626541137695
"Reynoutria_japonica",10.9901980045774,51.5897336008777,7.81378746032715,30.5799427032471,24.7695713043213,16.0089092254639,3.40167689323425,39.9545402526855,15.0650253295898,193.315856933594
"Reynoutria_japonica",10.9926414035691,47.7071735212702,8.00787925720215,32.6643562316895,27.6780986785889,16.7258853912354,-0.740137994289398,54.339672088623,45.5196914672852,491.009124755859
"Reynoutria_japonica",10.9994881197605,51.6270355353915,7.88128614425659,30.5205230712891,24.7451114654541,16.0717792510986,3.47294425964355,36.7775993347168,15.4180107116699,173.370727539062
"Reynoutria_japonica",11.0007421642975,50.4501761145768,7.23780155181885,30.7946262359619,25.7158699035645,0.31930348277092,2.81206750869751,59.2127075195312,14.6686000823975,280.547393798828
"Reynoutria_japonica",11.011986055697,64.2524665279854,5.31334733963013,24.7945785522461,22.2241687774658,2.01166749000549,11.4569129943848,58.8812217712402,31.8461017608643,225.264465332031
"Reynoutria_japonica",11.0176107363796,47.2106284113259,0.279238849878311,33.6675605773926,27.3769702911377,8.78985118865967,-8.14361381530762,72.8180694580078,37.1655235290527,519.931884765625
"Reynoutria_japonica",11.0244402485721,47.7277340500139,8.16024780273438,32.5856170654297,27.6831436157227,16.8869781494141,-0.599747478961945,59.4672012329102,44.9998931884766,529.480590820312
"Reynoutria_japonica",11.0332333477463,48.1941159401829,9.22043037414551,31.739767074585,27.3315849304199,17.9670028686523,0.439167052507401,46.8803749084473,38.8923645019531,357.233520507812
"Reynoutria_japonica",11.063642428784,48.4746298842856,9.49396514892578,31.290225982666,27.1515674591064,18.2949905395508,5.15827751159668,37.6649398803711,35.5768814086914,268.924621582031
"Reynoutria_japonica",11.0655814839745,47.8339212540248,9.08683013916016,32.2901153564453,27.6613273620605,17.8365497589111,0.282373338937759,42.3046569824219,43.2884063720703,373.94580078125
"Reynoutria_japonica",11.0667328544674,47.8321277966031,9.06721019744873,32.3593406677246,27.6975917816162,17.8215408325195,0.261433601379395,43.9611282348633,42.8604698181152,383.091949462891
"Reynoutria_japonica",11.0725441388636,51.7239077986146,8.5571756362915,30.3623447418213,24.7947750091553,15.2220907211304,4.13282203674316,32.8515777587891,22.7469577789307,176.745880126953
"Reynoutria_japonica",11.0740026728943,46.0052590977787,6.33421659469604,31.3818016052246,28.2859477996826,13.5262317657471,-2.55696773529053,52.1158599853516,28.7434597015381,364.355590820312
"Reynoutria_japonica",11.0762683549023,51.6172521060414,8.09111881256104,30.4922161102295,24.857967376709,14.7504911422729,3.67595767974854,35.8186340332031,18.4657135009766,176.076416015625
"Reynoutria_japonica",11.0797557735302,49.7342796450757,9.83264350891113,30.5029926300049,26.3773078918457,17.0801086425781,5.42534589767456,40.439998626709,16.2606143951416,202.339950561523
"Reynoutria_japonica",11.080493413975,64.9304343250669,6.85949468612671,21.0236778259277,18.1211853027344,4.31753730773926,11.7933740615845,57.9174575805664,24.3654308319092,208.612426757812
"Reynoutria_japonica",11.0825098270718,47.481395304609,7.37728595733643,32.9038162231445,27.9093265533447,16.1261749267578,-1.3871842622757,54.153694152832,44.6752700805664,469.349639892578
"Reynoutria_japonica",11.0864703081846,47.8331694470211,9.41824817657471,32.3078155517578,27.7601871490479,18.1930847167969,0.58111834526062,43.6748237609863,42.6011428833008,380.206787109375
"Reynoutria_japonica",11.0939831968965,52.0223178295927,9.98231601715088,29.9742603302002,24.7075481414795,18.2431945800781,5.5363073348999,30.1789169311523,26.2060108184814,183.123764038086
"Reynoutria_japonica",11.0959505835346,64.3068251577898,4.23168659210205,24.6918907165527,22.2421741485596,0.944889426231384,10.3768424987793,64.2153396606445,29.0894889831543,258.121795654297
"Reynoutria_japonica",11.1011859448333,47.3273095673434,7.97579336166382,32.8406066894531,28.1178741455078,16.8023567199707,-0.857405483722687,55.4729423522949,31.2886180877686,363.900207519531
"Reynoutria_japonica",11.1121049549213,49.7054203485099,9.67087936401367,30.5285625457764,26.4073505401611,18.4520111083984,5.26502132415771,44.9886131286621,16.7843704223633,231.781921386719
"Reynoutria_japonica",11.1233481742949,45.9493605037355,11.7139902114868,30.7730484008789,28.9671440124512,20.9944229125977,2.51016163825989,42.4609870910645,28.4050159454346,287.162445068359
"Reynoutria_japonica",11.1261628203219,46.1864285037015,11.2944307327271,30.8493194580078,28.751012802124,20.5130004882812,2.1551342010498,32.7329902648926,35.2458572387695,288.659301757812
"Reynoutria_japonica",11.1360853906153,48.4374522332282,9.56392765045166,31.3118667602539,27.2288570404053,18.370548248291,5.22491931915283,40.7045669555664,35.7657623291016,290.723022460938
"Reynoutria_japonica",11.1520513659032,64.1290214728113,4.61880683898926,25.0375843048096,22.9509830474854,1.17807531356812,7.43377256393433,53.4680480957031,28.9097270965576,218.488845825195
"Reynoutria_japonica",11.1613456910035,50.4870430863561,6.64027166366577,30.8717250823975,25.6833305358887,-0.256010919809341,2.20142579078674,62.5508728027344,13.0942335128784,266.607421875
"Reynoutria_japonica",11.1622351442716,47.4947011629855,6.8314471244812,32.953914642334,27.8923683166504,15.5677976608276,-1.92140543460846,60.2899780273438,50.3477401733398,598.010437011719
"Reynoutria_japonica",11.1636091977341,63.0462406000819,1.60721528530121,25.4896984100342,25.3856182098389,9.95954990386963,0.508115947246552,55.7728004455566,24.6156234741211,307.263427734375
"Reynoutria_japonica",11.1652442072619,46.0333509436978,11.3636226654053,30.8240985870361,28.8655052185059,20.6067314147949,2.19370985031128,40.2839508056641,31.0910301208496,305.495819091797
"Reynoutria_japonica",11.1675207363915,60.2387326494554,5.92370080947876,25.9772605895996,28.9068908691406,10.9602241516113,0.396098762750626,40.4441413879395,24.7698097229004,247.0234375
"Reynoutria_japonica",11.1733524735443,49.5874841728176,9.40054225921631,30.5605201721191,26.460958480835,18.1951847076416,5.00083780288696,44.2082824707031,15.7421503067017,225.035949707031
"Reynoutria_japonica",11.1828017010258,47.4861297706014,6.6041088104248,32.9608383178711,27.9166774749756,15.3445415496826,-2.14480781555176,59.4910125732422,48.6323928833008,567.199890136719
"Reynoutria_japonica",11.1847697596898,47.4297410560506,4.98963689804077,33.1571960449219,27.8037948608398,13.6735763549805,-3.68200469017029,56.0521430969238,50.4426689147949,567.913940429688
"Reynoutria_japonica",11.1853425092263,46.011023722918,8.48470878601074,31.1759777069092,28.5821189880371,17.587553024292,-0.536812543869019,46.7896461486816,30.7605571746826,351.549072265625
"Reynoutria_japonica",11.1918255581844,50.4569226586466,7.41618728637695,30.7576103210449,25.8214683532715,0.450806379318237,2.97015047073364,56.1106834411621,14.3101806640625,246.345886230469
"Reynoutria_japonica",11.1988195129517,47.3939390092916,4.90091276168823,33.1629524230957,27.8353805541992,13.5925350189209,-3.77298974990845,60.0787773132324,39.0365676879883,484.718505859375
"Reynoutria_japonica",11.2034945962143,48.9964833936431,8.78061103820801,30.7989692687988,26.8146820068359,17.6126594543457,4.44713401794434,40.3071060180664,25.5104751586914,225.582672119141
"Reynoutria_japonica",11.2094677845262,47.6064349851736,7.01775979995728,32.8129844665527,27.8255062103271,15.7478199005127,-1.74215841293335,71.8015060424805,46.9548683166504,672.754638671875
"Reynoutria_japonica",11.2125228498587,63.0236478620892,1.25941801071167,25.4598598480225,25.5211486816406,9.64217090606689,0.167049378156662,50.1041870117188,25.7516746520996,289.501159667969
"Reynoutria_japonica",11.214752993754,46.4334006856556,8.41960716247559,31.3717384338379,28.4355487823486,15.7047824859619,-0.553228199481964,26.0014114379883,37.4226341247559,243.210815429688
"Reynoutria_japonica",11.2238473381668,58.8869361076815,7.94276523590088,21.4078540802002,23.6406497955322,8.63813304901123,2.5734965801239,45.1088943481445,26.2533874511719,228.600372314453
"Reynoutria_japonica",11.2243508976216,47.4244519201834,6.13483047485352,33.041748046875,27.9365272521973,14.8709487915039,-2.60404396057129,51.5903053283691,48.508903503418,502.102600097656
"Reynoutria_japonica",11.2360766356708,47.5756596861479,5.11077642440796,33.0603370666504,27.7017116546631,13.7767686843872,-3.5560188293457,70.4654083251953,46.5232086181641,653.267211914062
"Reynoutria_japonica",11.2364005177502,51.5590188685912,8.54633522033691,30.4093952178955,25.0597839355469,15.2850275039673,4.11138534545898,29.7694110870361,24.3178863525391,174.500701904297
"Reynoutria_japonica",11.2453396423309,47.6420851913476,8.8429012298584,32.5661544799805,27.9577980041504,17.6377868652344,-0.00922509003430605,62.657600402832,44.5115203857422,552.358520507812
"Reynoutria_japonica",11.2466874556201,50.4824664814549,6.95826196670532,30.7859745025635,25.7653369903564,0.0301254447549582,2.50833249092102,59.5272483825684,12.9909229278564,254.746734619141
"Reynoutria_japonica",11.2477865323347,47.4940666082613,6.86691999435425,32.9382629394531,27.9676895141602,15.6238899230957,-1.90675139427185,53.6703987121582,47.333553314209,503.356689453125
"Reynoutria_japonica",11.2574849632861,63.6576905600122,5.38933134078979,25.2744083404541,24.4642810821533,10.1678733825684,8.50497913360596,62.1353416442871,21.0209407806396,269.651763916016
"Reynoutria_japonica",11.2583526197457,46.4975553882112,11.8524961471558,31.0633106231689,28.8066463470459,21.0584201812744,2.69544005393982,25.8609886169434,36.0703964233398,217.007614135742
"Reynoutria_japonica",11.278621161457,48.0705867245994,9.07448863983154,31.89089012146,27.5356979370117,17.8357200622559,0.247272089123726,50.7422142028809,40.785717010498,409.033508300781
"Reynoutria_japonica",11.286805161267,64.0951459600405,5.73073434829712,24.9238719940186,23.4189376831055,2.18346357345581,8.64941501617432,50.8404693603516,29.9532566070557,204.910400390625
"Reynoutria_japonica",11.2892708142073,46.4109841623229,11.7764739990234,30.9636898040771,28.807689666748,19.2489681243896,2.61725664138794,23.5003299713135,38.1782150268555,220.958129882812
"Reynoutria_japonica",11.3042713975691,49.6170280445212,8.80258750915527,30.6162872314453,26.4531192779541,17.5939254760742,4.39136171340942,50.9337425231934,14.301905632019,250.666442871094
"Reynoutria_japonica",11.3048407117795,59.0053155190674,7.54675483703613,22.7867012023926,24.638090133667,8.16225242614746,2.15800929069519,45.4095993041992,25.9374504089355,235.712097167969
"Reynoutria_japonica",11.3065841642061,60.9810205262314,3.25222587585449,25.2872791290283,28.1243286132812,13.2063398361206,-2.15480160713196,31.8753890991211,32.7118721008301,253.736572265625
"Reynoutria_japonica",11.3073218046509,47.2658234655562,6.84413909912109,32.9105453491211,28.1931591033936,15.6737079620361,-1.9814258813858,44.8375511169434,40.201530456543,382.442626953125
"Reynoutria_japonica",11.3075921514654,53.3781502864871,9.66362953186035,28.4773445129395,23.5235271453857,17.6723480224609,5.01298999786377,37.3030586242676,22.447660446167,206.562347412109
"Reynoutria_japonica",11.3082608167143,47.1771668582906,2.53379845619202,33.3376655578613,27.8285274505615,11.2030868530273,-6.08143854141235,43.4531784057617,48.343090057373,443.986145019531
"Reynoutria_japonica",11.3140196207637,49.8654831456517,8.77882385253906,30.6260681152344,26.3137130737305,17.5132122039795,4.34485340118408,48.7538833618164,14.6193313598633,233.201049804688
"Reynoutria_japonica",11.3160810369705,58.8181886738714,7.81973171234131,21.0911865234375,23.2944660186768,8.54846382141113,2.46215057373047,46.4474334716797,25.681676864624,226.727340698242
"Reynoutria_japonica",11.3181168293438,51.0069195620896,9.01632976531982,30.5444393157959,25.6135349273682,17.4654903411865,0.712436020374298,27.2445182800293,30.7037620544434,192.534301757812
"Reynoutria_japonica",11.3206673457445,47.5180855085161,6.59773731231689,32.8944435119629,27.9511432647705,15.3439292907715,-2.17046284675598,65.1504974365234,43.4854354858398,562.875122070312
"Reynoutria_japonica",11.3251690430679,54.7495816435274,9.47854423522949,15.9177618026733,19.3765087127686,16.9529495239258,4.31801557540894,30.0937423706055,23.277416229248,176.291656494141
"Reynoutria_japonica",11.3441710687418,58.4423847466751,8.15928268432617,18.4875984191895,21.3913593292236,9.05841064453125,2.85469651222229,45.4791526794434,25.2934703826904,218.684707641602
"Reynoutria_japonica",11.3450848857947,48.9993324728666,9.12554454803467,30.7312602996826,26.944507598877,17.996301651001,4.78324699401855,40.179859161377,26.7672729492188,232.121978759766
"Reynoutria_japonica",11.3469817382993,46.4702584538822,10.3225145339966,31.2516307830811,28.72705078125,19.4607830047607,1.22740864753723,29.3388233184814,40.844165802002,289.57958984375
"Reynoutria_japonica",11.3556287935051,47.1776777410913,5.12302732467651,33.0177345275879,28.1256008148193,13.9084329605103,-3.64063215255737,33.1493644714355,45.6589813232422,335.369964599609
"Reynoutria_japonica",11.3562984482308,47.388782344114,2.8243944644928,33.3793754577637,27.7441482543945,11.4525375366211,-5.77614593505859,66.0987319946289,45.464672088623,609.157958984375
"Reynoutria_japonica",11.3575377531799,55.3249953315703,9.22524833679199,14.1317844390869,19.007511138916,16.6666603088379,3.93514680862427,32.4430122375488,22.8948745727539,179.087524414062
"Reynoutria_japonica",11.3599203633624,64.2474662531538,5.75571203231812,24.576961517334,23.2760848999023,2.26335382461548,8.63252353668213,52.4308700561523,26.7280349731445,220.129302978516
"Reynoutria_japonica",11.3697447029767,63.1760579012812,3.17096662521362,25.3164215087891,25.474588394165,11.5478353500366,2.0764377117157,56.8283271789551,23.3199729919434,295.209045410156
"Reynoutria_japonica",11.3865440292913,59.5546137663096,6.48783540725708,25.7003211975098,27.6277275085449,11.4307498931885,1.01151371002197,39.8180694580078,26.7247562408447,247.271148681641
"Reynoutria_japonica",11.3879682481339,43.6927849646756,13.7779941558838,31.697998046875,28.3516521453857,6.59774303436279,22.7975101470947,37.4176940917969,35.9874954223633,141.336669921875
"Reynoutria_japonica",11.3952368533914,46.5955940075161,6.28247022628784,31.8727130889893,28.372875213623,15.2304439544678,-2.60454750061035,32.3803291320801,40.9009590148926,302.156036376953
"Reynoutria_japonica",11.4114283403903,47.1552667459864,4.35945224761963,33.0450019836426,28.1082916259766,13.1288423538208,-4.38117456436157,38.5143547058105,48.4902420043945,394.197540283203
"Reynoutria_japonica",11.4185893144642,47.7036267233865,7.49963712692261,32.6103935241699,27.9005088806152,16.2592029571533,-1.31791532039642,76.3414611816406,44.3216323852539,669.992919921875
"Reynoutria_japonica",11.4270786854267,43.5429346244144,14.0966558456421,31.8617820739746,28.2405548095703,6.9818320274353,23.081127166748,32.9667778015137,38.7833671569824,115.496841430664
"Reynoutria_japonica",11.4284025735091,43.6909016545287,14.8951644897461,31.6025543212891,28.5405197143555,11.104341506958,23.9864807128906,30.6178817749023,36.0527076721191,113.486778259277
"Reynoutria_japonica",11.4381145308791,64.1923876046275,4.95008087158203,24.6491737365723,23.5549182891846,1.41639375686646,7.87189149856567,55.6422576904297,24.99587059021,237.48649597168
"Reynoutria_japonica",11.4397847327514,43.4819543494558,13.0129499435425,32.0369148254395,28.0143527984619,9.40052890777588,21.9111289978027,37.0588226318359,32.0043411254883,133.76432800293
"Reynoutria_japonica",11.451817923472,58.8457461490872,7.18293333053589,22.1226119995117,23.8461093902588,7.8657021522522,1.83409881591797,52.0988235473633,25.3102779388428,257.552551269531
"Reynoutria_japonica",11.4565074757508,46.7115087918845,2.82029700279236,32.490406036377,28.0599174499512,11.6054229736328,-5.89121389389038,37.4252243041992,41.9034576416016,345.29052734375
"Reynoutria_japonica",11.4577459592295,58.6876523837641,7.58653926849365,20.8688507080078,22.8918685913086,8.34521293640137,2.2637460231781,50.382495880127,25.5680274963379,243.004699707031
"Reynoutria_japonica",11.465456765672,46.3844313391851,5.97303056716919,31.6605281829834,28.4031620025635,14.9422950744629,-2.92207860946655,37.9959526062012,36.5589408874512,326.369415283203
"Reynoutria_japonica",11.4668222312936,47.3996812312034,2.11166286468506,33.4028625488281,27.763313293457,10.7351608276367,-6.48046445846558,59.7776947021484,44.0799865722656,542.326599121094
"Reynoutria_japonica",11.4715263737157,50.3901831065808,7.3363151550293,30.6861934661865,25.9815330505371,15.8797035217285,2.86924409866333,58.7678108215332,14.1733255386353,272.568084716797
"Reynoutria_japonica",11.4730243568874,58.912806114122,7.0949592590332,22.6257209777832,24.2100524902344,7.74367809295654,1.74720621109009,50.926872253418,24.5802841186523,242.533462524414
"Reynoutria_japonica",11.4753746405908,48.437534216897,9.5576171875,31.1630687713623,27.4053173065186,18.4030380249023,5.21332883834839,40.9748725891113,33.3577651977539,278.051025390625
"Reynoutria_japonica",11.4788285938182,47.5140223574908,4.87784719467163,33.0514526367188,27.8501071929932,13.5807275772095,-3.83980393409729,71.52978515625,45.2228317260742,640.51220703125
"Reynoutria_japonica",11.4800908344971,51.9003559512688,10.1083087921143,29.9233798980713,25.0429840087891,18.4760208129883,5.63327693939209,24.8417873382568,29.4781856536865,165.758682250977
"Reynoutria_japonica",11.4804307259682,55.4238491050603,8.99331474304199,14.8255739212036,19.2103824615479,16.4303913116455,3.69656157493591,33.4266357421875,23.8575744628906,190.630020141602
"Reynoutria_japonica",11.4836740379549,43.4998589704569,12.8011484146118,32.128849029541,28.0759143829346,5.78992605209351,21.7080917358398,39.4932708740234,33.0443229675293,138.125274658203
"Reynoutria_japonica",11.4931526703641,63.4534918437738,3.204185962677,25.2998600006104,25.1111259460449,11.4599170684814,2.09359383583069,57.4748229980469,22.6886291503906,305.12744140625
"Reynoutria_japonica",11.5000080027137,59.8055026167352,6.17173385620117,26.1051445007324,28.4563961029053,11.1530523300171,0.650122344493866,34.9943542480469,27.6463031768799,241.662017822266
"Reynoutria_japonica",11.5006992862415,48.6669897883013,9.97674465179443,30.8155288696289,27.3138160705566,18.8892059326172,5.64546155929565,39.0931777954102,33.832836151123,261.663238525391
"Reynoutria_japonica",11.5071187088423,50.8249070470255,9.15471649169922,30.466796875,25.8857593536377,17.694673538208,0.741625070571899,30.5918121337891,26.5102062225342,192.312286376953
"Reynoutria_japonica",11.5235449391018,63.6085163688355,3.70196986198425,25.1920795440674,24.8603477478027,8.53310871124268,2.58350896835327,55.7220726013184,22.1425476074219,266.288208007812
"Reynoutria_japonica",11.5418144211598,47.2086508436328,3.08190512657166,33.2247848510742,28.0251502990723,11.7988176345825,-5.60817909240723,45.9179306030273,51.5051689147949,492.050445556641
"Reynoutria_japonica",11.5489347700473,64.0342299349914,5.93383026123047,24.7745151519775,24.2893466949463,2.22506356239319,9.01605796813965,51.3818359375,23.9086170196533,220.654205322266
"Reynoutria_japonica",11.5524532736677,55.9163561584089,9.16986083984375,14.8565807342529,19.3008193969727,16.7966651916504,3.84349322319031,28.3447532653809,23.9149951934814,171.533737182617
"Reynoutria_japonica",11.5566090215315,47.4580468287773,4.61760854721069,33.0700607299805,27.9982585906982,13.3462934494019,-4.11611127853394,57.0273895263672,44.189151763916,503.757751464844
"Reynoutria_japonica",11.5586304474539,47.8639672062847,8.66912651062012,32.1553268432617,27.8864841461182,17.4597778320312,-0.215538859367371,80.6676712036133,32.8860969543457,546.512451171875
"Reynoutria_japonica",11.5638970431896,46.5340659423867,4.21636629104614,32.0254402160645,28.288688659668,13.0939311981201,-4.60059309005737,39.3608474731445,42.0439949035645,390.349670410156
"Reynoutria_japonica",11.575437558701,43.5911406995773,14.5201272964478,31.9003982543945,28.5985336303711,10.7468566894531,23.605884552002,34.528377532959,27.8760166168213,130.014770507812
"Reynoutria_japonica",11.5825981596379,47.304453914114,7.80743360519409,32.7290229797363,28.4291954040527,16.7048301696777,-1.11738348007202,43.4170341491699,35.1992301940918,334.503540039062
"Reynoutria_japonica",11.5855914935635,43.8824606155769,11.4033994674683,31.8230457305908,28.6352272033691,4.17444849014282,20.4618015289307,44.1119041442871,24.9095497131348,167.096466064453
"Reynoutria_japonica",11.5873174899813,46.3731960481385,3.98152899742126,31.9063339233398,28.2711162567139,11.091287612915,-4.82310438156128,32.6314353942871,39.2249183654785,309.908233642578
"Reynoutria_japonica",11.5929734705422,46.5046252018573,2.70244288444519,32.2161331176758,28.1658630371094,11.5120515823364,-6.04006290435791,41.9992485046387,41.2290267944336,405.68603515625
"Reynoutria_japonica",11.5964829565503,49.551759773679,8.65085411071777,30.5197124481201,26.6641120910645,17.5021419525146,4.21722030639648,52.716423034668,14.8032026290894,256.2705078125
"Reynoutria_japonica",11.5973964004662,43.7213004596261,9.10009479522705,32.4251861572266,28.1827201843262,5.51408624649048,17.977481842041,45.5663986206055,32.185546875,165.000091552734
"Reynoutria_japonica",11.6115185828121,47.3967111956382,2.84274983406067,33.2683601379395,27.891284942627,11.51353931427,-5.81436252593994,61.3935050964355,43.0645523071289,541.893432617188
"Reynoutria_japonica",11.6129026433638,46.6493126422839,8.16024684906006,31.7734889984131,28.7281513214111,17.215217590332,-0.870067417621613,26.9776000976562,43.0714263916016,270.314270019531
"Reynoutria_japonica",11.624366874449,52.1556682193185,10.1571035385132,29.7108478546143,24.8929309844971,18.5155506134033,5.64264631271362,26.7211284637451,26.1412162780762,165.630493164062
"Reynoutria_japonica",11.6274889643408,59.9227621598978,5.33383321762085,26.2414016723633,28.6346645355225,10.3208427429199,-0.189774051308632,37.892894744873,28.5708751678467,269.953033447266
"Reynoutria_japonica",11.6291456026706,46.4404168862566,1.79955685138702,32.2274131774902,28.0945777893066,8.8021297454834,-6.89735555648804,33.1668701171875,41.4348564147949,346.98193359375
"Reynoutria_japonica",11.6301286283671,47.7412145287003,6.92207670211792,32.5370864868164,27.9076519012451,15.6736440658569,-1.89888787269592,90.7872924804688,37.5704345703125,667.320434570312
"Reynoutria_japonica",11.6320626521699,43.7189064503552,10.85791015625,32.2285003662109,28.406286239624,7.18805503845215,19.8343811035156,38.9704475402832,34.6833953857422,136.843673706055
"Reynoutria_japonica",11.6418723918856,47.5176575582417,4.29602575302124,33.0432434082031,27.8878479003906,12.9877519607544,-4.41951370239258,78.5979309082031,38.4662208557129,603.381286621094
"Reynoutria_japonica",11.6422367780241,47.5451311342219,5.83808135986328,32.834659576416,27.9862957000732,14.5799674987793,-2.95485663414001,70.9572677612305,41.4094848632812,573.578369140625
"Reynoutria_japonica",11.6464695849052,46.6587489368026,6.9278564453125,31.9099807739258,28.6456470489502,15.9301109313965,-2.04516077041626,32.845645904541,43.5689239501953,323.504669189453
"Reynoutria_japonica",11.6509318145257,64.5260979012611,5.1616325378418,23.584228515625,22.6183624267578,1.83381175994873,7.89461803436279,73.7131271362305,27.6694622039795,299.382965087891
"Reynoutria_japonica",11.6575194979197,47.7063996975497,5.97242116928101,32.7038688659668,27.8639068603516,14.6899585723877,-2.8026807308197,97.7566146850586,35.307804107666,690.097290039062
"Reynoutria_japonica",11.6693825983379,47.4555556570457,5.78905344009399,32.8677940368652,28.175350189209,14.5815944671631,-3.03428554534912,55.8251304626465,39.1845436096191,444.319519042969
"Reynoutria_japonica",11.6694530299061,46.6879188830371,6.00429821014404,32.0895309448242,28.5670127868652,14.9598712921143,-2.92623376846313,36.6867752075195,44.4624176025391,368.528472900391
"Reynoutria_japonica",11.6753593059791,46.4041611941465,4.01023006439209,31.9555416107178,28.3294677734375,12.8955183029175,-4.8096079826355,37.9069175720215,38.1848754882812,347.963195800781
"Reynoutria_japonica",11.6895092503119,43.4153480441386,13.5680885314941,32.446720123291,28.4131774902344,9.89521408081055,22.5685844421387,34.837459564209,33.3216781616211,121.396049499512
"Reynoutria_japonica",11.7016487184091,43.7272809145317,12.1134119033813,32.0838088989258,28.5761413574219,8.38365840911865,21.1648712158203,36.1423988342285,34.1868553161621,125.496658325195
"Reynoutria_japonica",11.705375771996,50.177611465245,7.55100917816162,30.6266708374023,26.2146339416504,16.2046871185303,3.0721333026886,59.7493629455566,16.1360874176025,293.417297363281
"Reynoutria_japonica",11.7059347059802,46.475577235684,1.98212027549744,32.2591781616211,28.1524810791016,8.99911785125732,-6.73519849777222,37.2562828063965,38.7301330566406,342.958984375
"Reynoutria_japonica",11.7095440656082,51.8349031270679,10.1983861923218,29.7843608856201,25.2172508239746,18.6312885284424,5.70446920394897,24.2079048156738,31.0793170928955,177.295806884766
"Reynoutria_japonica",11.7112007508172,43.8686268966726,8.76461791992188,32.2613868713379,28.299934387207,5.14880323410034,17.6855792999268,50.5467300415039,26.6373310089111,181.303436279297
"Reynoutria_japonica",11.7121338162641,64.2469966629508,4.27626514434814,24.4102344512939,24.0473613739014,0.68024468421936,7.28217887878418,56.6317176818848,24.5262279510498,248.222305297852
"Reynoutria_japonica",11.7155065748049,50.0189784861014,7.29601430892944,30.6744575500488,26.3081893920898,15.9898557662964,2.81520938873291,69.5754318237305,15.9688158035278,351.650817871094
"Reynoutria_japonica",11.7160395391875,47.3366484203902,8.2948751449585,32.6294097900391,28.5124435424805,17.2256011962891,-0.68615996837616,52.3822135925293,38.713249206543,414.031066894531
"Reynoutria_japonica",11.7342209842241,57.8619243133557,8.48783206939697,20.4132385253906,21.5917091369629,5.61605167388916,3.25102734565735,42.1970825195312,25.6753616333008,237.004608154297
"Reynoutria_japonica",11.737293066987,63.6311820101253,3.04423451423645,25.0660991668701,25.0368556976318,11.2730865478516,1.93569731712341,51.3789176940918,23.388729095459,263.200653076172
"Reynoutria_japonica",11.7398031633319,43.7547532073627,12.9140319824219,31.8779697418213,28.7359447479248,9.13523292541504,22.0288734436035,33.9613189697266,29.0293445587158,120.373275756836
"Reynoutria_japonica",11.7500627406691,43.9392728559781,10.4695062637329,31.8444347381592,28.5454578399658,6.75213050842285,19.5091228485107,47.1435279846191,26.8667163848877,160.748138427734
"Reynoutria_japonica",11.7538877543634,46.4333595240654,1.52678894996643,32.2865219116211,28.1450443267822,10.3010005950928,-7.17874050140381,45.4854583740234,37.0674209594727,404.938354492188
"Reynoutria_japonica",11.766436574585,43.4495550498276,14.2617092132568,32.3463401794434,28.6515102386475,10.5280418395996,23.3401184082031,32.9292221069336,35.5281410217285,108.78108215332
"Reynoutria_japonica",11.7734563592648,48.1016132639023,9.40113067626953,31.6232013702393,27.7726306915283,18.2316570281982,0.456989854574203,49.6431999206543,38.7180633544922,383.09912109375
"Reynoutria_japonica",11.7789409142782,46.9999885884602,-0.439589470624924,33.396427154541,27.907886505127,8.19593238830566,-9.01689434051514,40.5384483337402,48.1689262390137,432.441223144531
"Reynoutria_japonica",11.7834908917864,59.800939999752,5.57757663726807,26.2407684326172,28.4012413024902,10.5390367507935,0.0641192123293877,39.5672454833984,27.5218830108643,269.686126708984
"Reynoutria_japonica",11.7852784516045,43.6043776795045,12.3040571212769,32.2881278991699,28.5748043060303,8.59425258636475,21.3466720581055,38.308235168457,33.900032043457,129.377319335938
"Reynoutria_japonica",11.7867526121347,47.3571892832592,5.90756797790527,32.8775749206543,28.3063430786133,14.7443332672119,-2.95384931564331,62.8275756835938,43.2069549560547,532.009582519531
"Reynoutria_japonica",11.7898215584606,50.5743929534086,8.19837951660156,30.5449752807617,26.0671920776367,16.7939720153809,3.69977879524231,40.3013648986816,26.4720420837402,251.420227050781
"Reynoutria_japonica",11.7902438021016,46.464096308315,2.87987208366394,32.178596496582,28.302267074585,9.95516204833984,-5.89938020706177,36.5342102050781,38.0152854919434,331.542602539062
"Reynoutria_japonica",11.7936756127524,47.088065768746,4.10322666168213,32.9470634460449,28.3477668762207,12.9305000305176,-4.70921277999878,36.2120475769043,44.3784255981445,358.800659179688
"Reynoutria_japonica",11.7973435302261,46.4959768042936,1.37929213047028,32.3541297912598,28.1638107299805,8.38228511810303,-7.32713556289673,39.5514373779297,38.7248573303223,376.790588378906
"Reynoutria_japonica",11.79766107399,54.0701093475577,9.1714448928833,23.4002056121826,21.7481307983398,17.0235958099365,4.24820232391357,37.544189453125,23.821870803833,218.298065185547
"Reynoutria_japonica",11.8116350282832,47.2796431751978,2.25842809677124,33.2779922485352,28.0388145446777,10.9637393951416,-6.42708253860474,55.5974578857422,45.1988868713379,518.437133789062
"Reynoutria_japonica",11.8280029253379,51.1981954388554,9.99878120422363,30.1573867797852,25.796085357666,18.5438575744629,2.52313256263733,27.4463996887207,29.3631496429443,185.967529296875
"Reynoutria_japonica",11.8405570289569,46.9990261016649,-0.00966311618685722,33.2788047790527,28.0084228515625,8.65863037109375,-8.6279125213623,34.9660224914551,43.0889129638672,353.780212402344
"Reynoutria_japonica",11.8477364582716,50.5679054198569,7.99650049209595,30.5541973114014,26.0763759613037,16.5925312042236,0.487214177846909,36.8769874572754,30.051305770874,250.880096435547
"Reynoutria_japonica",11.8495213016689,63.9770360650248,5.15727710723877,24.5928363800049,24.9318695068359,10.0474853515625,4.01963949203491,46.464282989502,22.6009407043457,211.373657226562
"Reynoutria_japonica",11.8536142163285,60.3046282571092,4.34911489486694,26.0580654144287,28.8100814819336,14.321964263916,-1.18153560161591,36.1825866699219,32.3937568664551,301.451293945312
"Reynoutria_japonica",11.8749406772314,50.0156356341078,6.94573879241943,30.6554660797119,26.3602161407471,-0.231803879141808,2.45235443115234,58.2248458862305,13.3876733779907,265.149749755859
"Reynoutria_japonica",11.8799360021169,47.6410973271995,5.67182970046997,32.6922035217285,27.9605083465576,14.4181222915649,1.61824464797974,94.6847076416016,27.1716575622559,553.21240234375
"Reynoutria_japonica",11.8825624386136,64.4715185415441,5.89209270477295,23.615535736084,23.5306243896484,2.39882802963257,8.80543899536133,59.7197189331055,28.5285110473633,252.559356689453
"Reynoutria_japonica",11.8832814655663,53.9953420674472,9.38643646240234,24.3527336120605,22.0954914093018,17.2950267791748,4.50716876983643,32.7419281005859,21.0418167114258,180.99153137207
"Reynoutria_japonica",11.8843790019053,47.0841530989913,2.58744049072266,33.1229476928711,28.2294960021973,11.3541355133057,-6.15911531448364,44.5337409973145,44.9288558959961,440.878509521484
"Reynoutria_japonica",11.8887194770942,57.8555425730306,8.36065006256104,22.0564231872559,22.369478225708,5.38763427734375,3.13159990310669,44.6901664733887,24.4570693969727,232.842346191406
"Reynoutria_japonica",11.9172559297229,46.9884947234477,4.80075550079346,32.6944160461426,28.5346813201904,13.688157081604,-4.09047698974609,29.9889888763428,41.2760887145996,296.707855224609
"Reynoutria_japonica",11.9221347366948,43.7218074185649,10.642876625061,32.0811538696289,28.4422607421875,6.97733497619629,19.6515426635742,42.5271530151367,23.5585327148438,149.56640625
"Reynoutria_japonica",11.9236728224713,47.0542800930309,0.477336049079895,33.286376953125,28.0787963867188,9.16168117523193,-8.1729211807251,44.9460716247559,46.6953315734863,469.673126220703
"Reynoutria_japonica",11.9328983775063,43.6561112684031,9.81931781768799,32.4230880737305,28.3304271697998,6.20045185089111,18.7723808288574,44.7509651184082,28.9595947265625,153.993789672852
"Reynoutria_japonica",11.9393146353527,48.3249341219431,9.75132846832275,31.1886310577393,27.7163486480713,18.6362724304199,0.769178032875061,42.1159515380859,39.6949653625488,322.34326171875
"Reynoutria_japonica",11.940825510041,51.5257288977569,10.2360582351685,29.8982257843018,25.5785789489746,18.7639598846436,2.77562975883484,24.1025886535645,30.949197769165,170.77392578125
"Reynoutria_japonica",11.9530359791671,58.480577212675,7.51402473449707,23.7507972717285,23.9407539367676,8.15595436096191,2.25073409080505,48.9613189697266,24.0464057922363,229.374588012695
"Reynoutria_japonica",11.9590521730732,47.6168998022574,5.45310211181641,32.7239379882812,28.0156230926514,14.209734916687,1.39408469200134,84.2040481567383,29.3602142333984,520.933837890625
"Reynoutria_japonica",11.9642478517832,64.0028315907981,3.99303889274597,24.5299510955811,24.9898166656494,8.90043449401855,7.18873119354248,63.4897880554199,25.1948719024658,281.677001953125
"Reynoutria_japonica",11.9659156175615,63.8556014687574,4.49729442596436,24.5918006896973,25.2794647216797,9.41433238983154,7.76304006576538,58.5318603515625,24.9367427825928,260.605834960938
"Reynoutria_japonica",11.9738790344828,64.9685930371554,5.28619384765625,21.1541175842285,20.561918258667,2.3325035572052,11.0335083007812,78.68310546875,27.8698596954346,312.784484863281
"Reynoutria_japonica",11.9927913616325,47.3046315747008,2.42720198631287,33.227912902832,28.0552558898926,11.1426029205322,-6.28839874267578,68.7081451416016,41.8979263305664,585.592529296875
"Reynoutria_japonica",11.9951732343479,47.271018537129,0.57788360118866,33.4401435852051,27.9134960174561,9.22754859924316,-8.04679012298584,70.4038619995117,42.294620513916,623.662231445312
"Reynoutria_japonica",11.9976198069007,60.2759230065872,5.3745265007019,25.9416599273682,28.9652709960938,15.4110097885132,-0.191022783517838,33.096752166748,32.7811851501465,265.278015136719
"Reynoutria_japonica",12.0056813148119,64.4006831161041,3.60266304016113,23.8812637329102,24.1036052703857,0.0391325354576111,6.6107120513916,64.9552001953125,24.3381958007812,295.756713867188
"Reynoutria_japonica",12.0101882398466,64.5656530439367,4.19260835647583,23.3441982269287,23.3872947692871,0.754056394100189,7.06030750274658,71.7339324951172,28.3932514190674,302.902954101562
"Reynoutria_japonica",12.0116886034262,47.2141664117445,3.39414310455322,33.0732383728027,28.2552185058594,12.1828813552856,-5.39957666397095,48.3018341064453,38.4402885437012,412.617401123047
"Reynoutria_japonica",12.0186378725345,64.9043908957088,4.36317157745361,21.7035179138184,21.3210144042969,1.29901492595673,10.30983543396,85.6063995361328,27.6249237060547,348.474365234375
"Reynoutria_japonica",12.020329133748,58.728921842429,7.08681297302246,24.7949161529541,24.9508991241455,7.62625885009766,1.79146814346313,49.5013656616211,24.792444229126,239.037933349609
"Reynoutria_japonica",12.0268442571756,54.8622886163568,9.29909038543701,15.2836170196533,19.3452701568604,16.8277606964111,4.04034185409546,31.7253646850586,21.3421878814697,177.576461791992
"Reynoutria_japonica",12.0296912579989,49.1514296229783,9.48511981964111,30.3284473419189,27.2234745025635,18.4614486694336,5.10743045806885,39.7514343261719,26.3365116119385,236.580810546875
"Reynoutria_japonica",12.0365340348449,48.606398847412,9.49859046936035,30.7977676391602,27.5139389038086,18.4202823638916,5.16363763809204,40.9264945983887,30.8116970062256,258.565002441406
"Reynoutria_japonica",12.040323286734,64.0118900429451,4.08457708358765,24.4788036346436,25.0734310150146,9.00586223602295,7.30109643936157,59.4756698608398,25.8493118286133,263.42578125
"Reynoutria_japonica",12.0510740829081,50.4263159158897,8.57528305053711,30.3908786773682,26.3495807647705,17.2727222442627,0.979214131832123,31.6666355133057,28.4583263397217,202.888275146484
"Reynoutria_japonica",12.0543735625774,64.6202671186209,4.51920747756958,23.160924911499,23.3175239562988,1.09533333778381,7.36835765838623,63.0747299194336,27.458833694458,267.756530761719
"Reynoutria_japonica",12.0582482659495,64.7454204906181,2.9347870349884,22.7057514190674,22.5094127655029,-0.320301175117493,5.6181492805481,79.4239044189453,24.80419921875,348.784484863281
"Reynoutria_japonica",12.0660633708149,47.3649186032894,4.15333557128906,32.9809455871582,28.2134590148926,12.9372177124023,-4.66154336929321,55.6899757385254,45.3644409179688,511.813751220703
"Reynoutria_japonica",12.0749268361161,49.8929211818483,7.14436483383179,30.6055278778076,26.5325736999512,15.9087829589844,2.65983200073242,51.7952003479004,15.6000022888184,261.177886962891
"Reynoutria_japonica",12.0761702298551,64.6521891831469,3.94495224952698,23.0195713043213,23.0539379119873,0.578723073005676,10.3793525695801,68.0179748535156,28.8137607574463,281.142028808594
"Reynoutria_japonica",12.0915774020412,47.0524971436294,0.240487441420555,33.2911987304688,28.0700798034668,8.92897891998291,-8.41885471343994,40.4947776794434,43.6203498840332,415.943359375
"Reynoutria_japonica",12.0933447425505,47.4030741636751,5.64489889144897,32.7777824401855,28.3327255249023,14.4908504486084,-3.25480628013611,55.0062141418457,44.8920288085938,495.51123046875
"Reynoutria_japonica",12.1098157991067,57.6796262574187,7.85142707824707,23.0057754516602,22.7895812988281,8.63557147979736,2.63310599327087,50.5739288330078,26.1012325286865,277.059295654297
"Reynoutria_japonica",12.120687845693,47.9580789768282,9.9602575302124,31.7389144897461,28.1034164428711,18.8619632720947,0.908390641212463,55.3420219421387,39.2455635070801,430.887512207031
"Reynoutria_japonica",12.1228159690082,47.6106060695784,7.48508453369141,32.4562225341797,28.2326965332031,16.3420181274414,3.32519698143005,73.2466812133789,30.8705501556396,466.206878662109
"Reynoutria_japonica",12.1322897565983,64.8383614893853,4.6449408531189,22.0324020385742,22.1739196777344,1.42974901199341,7.2651104927063,73.0644683837891,25.4571743011475,315.252624511719
"Reynoutria_japonica",12.1408699650063,47.52255378916,8.19029521942139,32.406810760498,28.4411106109619,17.1102714538574,3.98308873176575,76.2289886474609,38.8002281188965,586.345703125
"Reynoutria_japonica",12.1416092298299,50.1415444823462,7.82807970046997,30.494270324707,26.5158290863037,16.5838012695312,3.31313896179199,42.4781188964844,20.1496257781982,235.014221191406
"Reynoutria_japonica",12.1483923196641,47.8218465783407,10.0984048843384,31.8948669433594,28.2725067138672,19.0189170837402,5.8388671875,65.399528503418,39.0425186157227,516.869445800781
"Reynoutria_japonica",12.1521856974671,47.5867309397693,8.98520374298096,32.2591781616211,28.4086780548096,17.9153003692627,4.75468254089355,61.8638114929199,33.8380393981934,422.394348144531
"Reynoutria_japonica",12.1563828265464,47.8660427590701,10.0559997558594,31.8322315216064,28.2245635986328,18.9722919464111,0.98177570104599,65.7698822021484,39.4004096984863,518.037109375
"Reynoutria_japonica",12.1578271904499,47.7733068169776,9.88117122650146,31.9614505767822,28.2954540252686,18.8047657012939,5.62351226806641,69.7486114501953,39.5554656982422,560.253662109375
"Reynoutria_japonica",12.1701055144125,47.8032875608953,9.82023906707764,31.9091606140137,28.2441139221191,18.738317489624,5.55889415740967,71.9071044921875,41.7353820800781,606.7607421875
"Reynoutria_japonica",12.1769007768581,57.513839832628,8.11247062683105,22.5932025909424,22.6345596313477,8.90544605255127,2.88315296173096,47.097225189209,26.727071762085,268.312194824219
"Reynoutria_japonica",12.1813568176076,65.0298641374689,5.32544898986816,21.2101001739502,21.4164505004883,2.24201893806458,7.80290794372559,69.7040023803711,26.8532028198242,282.901184082031
"Reynoutria_japonica",12.2211621134434,47.4282757300343,6.75122022628784,32.5539398193359,28.4199066162109,15.64892578125,-2.22306680679321,68.3352508544922,40.9769134521484,555.354370117188
"Reynoutria_japonica",12.2317413258188,47.6058802186682,7.69238376617432,32.3586654663086,28.3091773986816,16.5783615112305,3.50382447242737,80.8834838867188,42.712158203125,680.366394042969
"Reynoutria_japonica",12.232472982523,47.6476101462502,9.11735534667969,32.1607666015625,28.3915863037109,18.0551662445068,4.87072801589966,77.9199066162109,36.3753089904785,559.437194824219
"Reynoutria_japonica",12.2352791803984,64.8703459052196,3.76026725769043,22.1361465454102,22.549861907959,0.494062781333923,6.45058345794678,77.9566116333008,25.6300010681152,342.082733154297
"Reynoutria_japonica",12.2467758971625,47.332292858356,2.93744468688965,33.0427665710449,28.1667575836182,11.7039794921875,-5.85445356369019,56.5510597229004,45.8737487792969,549.97900390625
"Reynoutria_japonica",12.2574641590213,47.8642646001356,9.447434425354,31.8415565490723,28.1903820037842,18.3527584075928,5.19545412063599,72.4391555786133,42.4191513061523,617.925354003906
"Reynoutria_japonica",12.2577386503118,57.1268867839615,8.55807781219482,20.8178787231445,21.9254112243652,13.2901344299316,3.2868971824646,39.1181182861328,27.6436233520508,239.356048583984
"Reynoutria_japonica",12.2898051911497,65.3697173346919,5.63628435134888,19.7524871826172,20.1041221618652,2.78287220001221,7.85743379592896,78.5322341918945,27.7179145812988,296.539184570312
"Reynoutria_japonica",12.2979153523826,64.8447948888762,2.89254188537598,22.2257347106934,22.9352855682373,-0.417385101318359,5.64961719512939,71.6452713012695,26.3032207489014,313.196716308594
"Reynoutria_japonica",12.2994779328265,56.0062988780754,8.62498188018799,19.7130870819092,21.1113052368164,16.5103073120117,3.32572245597839,35.504566192627,27.2906169891357,225.633026123047
"Reynoutria_japonica",12.3003482773897,47.8301020017567,9.11878967285156,31.9247550964355,28.2045936584473,18.0280857086182,4.87031841278076,67.3095550537109,43.6331214904785,596.235473632812
"Reynoutria_japonica",12.3089010695791,57.3670365444164,8.13904762268066,22.5015354156494,22.6196880340576,8.93255996704102,2.90106177330017,42.9983062744141,27.1691017150879,250.922164916992
"Reynoutria_japonica",12.3148630093151,50.0237336904477,8.12522220611572,30.4079036712646,26.7231159210205,16.9449882507324,3.61575675010681,38.1184921264648,21.9457607269287,207.891677856445
"Reynoutria_japonica",12.3195974621386,47.7684357579597,8.09139537811279,32.1202507019043,28.1415901184082,16.9625244140625,3.88873720169067,67.771484375,43.8057441711426,596.317749023438
"Reynoutria_japonica",12.3241444428989,48.6960247201934,9.52031517028809,30.5823707580566,27.5941257476807,18.4818153381348,5.18483304977417,43.8708724975586,29.8708095550537,274.808929443359
"Reynoutria_japonica",12.3241605734178,64.9959713022606,3.81966471672058,21.6664428710938,22.3025016784668,0.609076142311096,6.46239185333252,74.4740676879883,28.1220455169678,309.729583740234
"Reynoutria_japonica",12.3311995410504,64.6197930556869,5.06329727172852,23.0377349853516,24.2282257080078,1.48028230667114,8.09485816955566,63.0927047729492,25.2146759033203,290.198852539062
"Reynoutria_japonica",12.3327570061034,51.410829791448,10.0827646255493,29.7792491912842,25.7737598419189,18.6850204467773,5.54659128189087,28.9617881774902,28.0222263336182,195.530075073242
"Reynoutria_japonica",12.3436719928426,47.5479514998292,5.24389123916626,32.6115303039551,28.1225605010986,14.0456037521362,0.802409529685974,80.3027801513672,35.6703910827637,566.464660644531
"Reynoutria_japonica",12.3440899611252,47.798176717182,9.14461517333984,31.9012470245361,28.2173175811768,18.0601558685303,4.88982772827148,65.8172225952148,42.0695495605469,555.38720703125
"Reynoutria_japonica",12.3524396547519,47.4191125114417,6.28219509124756,32.533878326416,28.402400970459,15.1719760894775,2.11037015914917,64.4033889770508,45.378719329834,570.434936523438
"Reynoutria_japonica",12.3525228283922,58.0810706819512,7.54126739501953,25.4774894714355,24.3809776306152,8.13456153869629,2.33057880401611,46.5677185058594,25.7048320770264,254.95849609375
"Reynoutria_japonica",12.3613354279702,64.2764285881752,5.1068320274353,23.7052803039551,25.3708610534668,1.29343688488007,8.37694454193115,53.5800476074219,26.0122337341309,250.173843383789
"Reynoutria_japonica",12.3666269012654,59.027666555914,6.83200836181641,26.0302753448486,26.442361831665,7.23749160766602,1.46332705020905,39.1176452636719,26.1074466705322,231.778717041016
"Reynoutria_japonica",12.3708213510477,47.6790128473863,6.31001281738281,32.3944931030273,28.0802459716797,15.1213569641113,2.17345261573792,91.0170364379883,30.8411540985107,564.8193359375
"Reynoutria_japonica",12.4007108163597,49.580693688021,7.96329784393311,30.3482894897461,26.9889602661133,16.877405166626,3.50927996635437,48.2508239746094,21.4531421661377,260.611572265625
"Reynoutria_japonica",12.4219854503797,47.5836029020945,6.54369640350342,32.3707122802734,28.2198867797852,15.404109954834,2.38255071640015,85.6198577880859,36.9184837341309,610.044067382812
"Reynoutria_japonica",12.4234654920852,57.083962138811,8.26942825317383,22.2533473968506,22.5441036224365,15.8794651031494,3.00686430931091,41.8503532409668,28.039249420166,255.981842041016
"Reynoutria_japonica",12.4407201162317,49.8652399180488,7.33609437942505,30.4676933288574,26.7927627563477,16.1740245819092,2.8388204574585,50.0222129821777,20.8652324676514,275.273223876953
"Reynoutria_japonica",12.4441959971501,64.8139080268396,3.70786285400391,22.4080066680908,23.8006401062012,0.243504330515862,6.63241910934448,70.3414611816406,26.8552398681641,319.120849609375
"Reynoutria_japonica",12.4589290712455,56.9340295106321,8.48021602630615,22.1630191802979,22.5048198699951,16.0990200042725,3.20762181282043,41.4597663879395,27.6888999938965,252.878967285156
"Reynoutria_japonica",12.4858512376748,50.9532252639514,9.53042316436768,30.0517253875732,26.1547946929932,18.208963394165,1.93067920207977,37.9654579162598,27.4554500579834,242.330444335938
"Reynoutria_japonica",12.4938003819037,57.7319942042969,7.43158864974976,25.3420677185059,24.1366386413574,8.06106185913086,2.22040772438049,44.9480476379395,26.2964305877686,242.353607177734
"Reynoutria_japonica",12.4998191242242,57.2395353245604,7.97360181808472,23.2090702056885,22.9791812896729,8.73315334320068,2.72829174995422,45.568187713623,27.6338119506836,268.782104492188
"Reynoutria_japonica",12.5115715410249,64.2466132105253,4.02877855300903,23.6680736541748,25.7270965576172,0.169507548213005,2.86802053451538,48.7387313842773,21.8504943847656,251.102600097656
"Reynoutria_japonica",12.5181103190874,47.5201013380788,5.93337917327881,32.4386596679688,28.2995090484619,14.8012218475342,1.77359688282013,93.447151184082,36.0547790527344,651.684814453125
"Reynoutria_japonica",12.5269801881453,57.0572647722084,8.02892780303955,22.9398193359375,22.8438682556152,15.642861366272,2.77298045158386,45.0392456054688,27.141508102417,262.584381103516
"Reynoutria_japonica",12.5359682366195,65.6482701064454,3.89762163162231,19.6017513275146,20.6161613464355,1.01887691020966,9.70883274078369,74.0667266845703,29.2620658874512,271.959045410156
"Reynoutria_japonica",12.5366327290752,65.6974254904997,2.82551574707031,19.4965019226074,20.405345916748,-0.00354041648097336,5.07037019729614,86.1026840209961,28.2267780303955,330.313049316406
"Reynoutria_japonica",12.5689015470054,47.1146630775368,-0.40337797999382,33.198070526123,28.0903358459473,8.29143238067627,-9.09731101989746,57.0897903442383,38.5079727172852,501.732604980469
"Reynoutria_japonica",12.5695734512566,65.0206267163364,4.23210191726685,21.8311786651611,23.6017417907715,0.809044659137726,7.11686897277832,60.4115753173828,25.3345165252686,277.942565917969
"Reynoutria_japonica",12.5712864907166,47.7081189576492,6.79857683181763,32.1833343505859,28.1977043151855,15.6640844345093,2.61760139465332,98.0028228759766,30.9234619140625,599.111938476562
"Reynoutria_japonica",12.572211435218,53.4524841359711,9.34166812896729,27.758825302124,23.963228225708,17.5668277740479,4.62071084976196,32.2800941467285,20.848295211792,175.322158813477
"Reynoutria_japonica",12.5880819988129,47.1509548460967,-0.492379605770111,33.213809967041,28.0550956726074,8.19146156311035,-9.18383407592773,58.1311988830566,42.638744354248,520.5107421875
"Reynoutria_japonica",12.5883840283978,47.1840818929112,3.45265245437622,32.7367553710938,28.4437065124512,12.3090305328369,-5.45476055145264,51.6349182128906,42.2340660095215,452.372619628906
"Reynoutria_japonica",12.5905584246268,47.5159163867498,5.77628087997437,32.4194030761719,28.2885856628418,14.6470260620117,1.31999039649963,93.0528030395508,33.6163597106934,619.128784179688
"Reynoutria_japonica",12.6025183179139,47.7671038044937,7.25769424438477,32.0045280456543,28.1564884185791,16.1299610137939,3.0635199546814,81.803108215332,37.8944129943848,600.483215332031
"Reynoutria_japonica",12.6162534772805,47.7956383781588,8.87747287750244,31.7838897705078,28.2657413482666,17.8127365112305,4.60952138900757,82.7496490478516,38.2201614379883,612.096374511719
"Reynoutria_japonica",12.6219429418038,64.3075389919082,4.2881875038147,23.471118927002,25.812442779541,0.419251710176468,7.62942457199097,52.7812690734863,25.6606616973877,256.751251220703
"Reynoutria_japonica",12.6486742477231,59.0935705505783,7.03499269485474,26.3309516906738,26.8872833251953,7.38603162765503,1.63473737239838,36.0277633666992,27.3559341430664,204.682830810547
"Reynoutria_japonica",12.6555457389089,57.0351604689626,8.1838207244873,23.9437637329102,23.338550567627,8.92029476165771,2.92934584617615,45.0216484069824,26.5387134552002,250.019775390625
"Reynoutria_japonica",12.6584828113934,47.4274078703161,5.01413154602051,32.5179901123047,28.3408584594727,13.8833131790161,0.866517663002014,77.0936508178711,42.3043365478516,623.836975097656
"Reynoutria_japonica",12.6646340995812,47.8512130867352,8.98575782775879,31.698112487793,28.2339763641357,17.9247055053711,4.70646286010742,90.4033889770508,33.2682685852051,586.351623535156
"Reynoutria_japonica",12.6653878891069,65.769233844158,3.06887769699097,19.5834770202637,20.9306831359863,0.168861165642738,5.39923763275146,92.058349609375,29.5484027862549,362.580139160156
"Reynoutria_japonica",12.7298690300784,48.5070904144073,9.71536540985107,30.5079917907715,27.846212387085,18.7062911987305,5.35794973373413,44.9441871643066,33.0280456542969,293.897705078125
"Reynoutria_japonica",12.7337412876014,53.5952697368365,9.36484718322754,26.688793182373,23.5026912689209,17.5447521209717,4.58456182479858,30.6630592346191,21.1651935577393,167.334594726562
"Reynoutria_japonica",12.7444094795958,64.8669770682523,1.64444303512573,22.5360679626465,24.866943359375,-1.95589339733124,4.75381946563721,65.5348739624023,28.1676998138428,306.676696777344
"Reynoutria_japonica",12.7497787679375,56.9340594586331,7.95436096191406,24.5217208862305,23.5792579650879,15.6064786911011,2.6970477104187,52.1653633117676,27.7376842498779,304.129028320312
"Reynoutria_japonica",12.7511521962534,47.5852525446709,4.60110950469971,32.4065628051758,28.1054763793945,13.4148321151733,0.481341242790222,118.531295776367,32.868034362793,764.107055664062
"Reynoutria_japonica",12.7544479329009,64.4321854524087,2.69361925125122,23.2653007507324,25.9084320068359,-1.14688158035278,6.03685188293457,49.7765655517578,24.3345546722412,257.353607177734
"Reynoutria_japonica",12.7558772954516,47.0906358050763,-0.581456899642944,33.1419868469238,28.1090450286865,8.1241979598999,-9.29973220825195,57.3683776855469,34.3464508056641,426.271514892578
"Reynoutria_japonica",12.775420518774,49.9860725069674,6.87400913238525,30.562032699585,26.7897891998291,15.6936836242676,2.3625066280365,43.811954498291,21.7644424438477,254.088287353516
"Reynoutria_japonica",12.7764309235652,58.042475262611,7.48297691345215,26.5290355682373,25.293140411377,7.96703481674194,2.2396502494812,43.7696952819824,25.5530109405518,242.572418212891
"Reynoutria_japonica",12.7840565871689,65.7921902006824,3.0623791217804,19.7920475006104,21.5340232849121,0.071350634098053,5.50122976303101,88.1202850341797,29.9308986663818,358.771301269531
"Reynoutria_japonica",12.7939939624915,49.0312636125372,7.06037664413452,30.3873310089111,27.2705135345459,15.973973274231,2.68343687057495,58.643482208252,24.1561832427979,363.401489257812
"Reynoutria_japonica",12.7961058058433,47.329272556449,7.7275538444519,32.1523933410645,28.8045654296875,16.7759914398193,3.23442196846008,59.1828727722168,34.4595527648926,423.559326171875
"Reynoutria_japonica",12.8284425811752,56.3735234215223,8.22631072998047,24.8743801116943,23.4487152099609,16.3856067657471,2.95932865142822,40.6636238098145,30.2104606628418,285.551910400391
"Reynoutria_japonica",12.8373300840036,47.1778272660877,2.68619656562805,32.731803894043,28.3952484130859,11.5340423583984,-6.2189507484436,72.1386337280273,36.0710296630859,526.913879394531
"Reynoutria_japonica",12.851611070952,64.4089506819351,2.77706074714661,23.2323265075684,26.1670799255371,-1.11799538135529,6.17389965057373,45.7632942199707,26.1774768829346,230.812042236328
"Reynoutria_japonica",12.852652290164,50.8788252981582,8.99175071716309,30.0213871002197,26.2444515228271,17.7001991271973,4.43224620819092,39.3602828979492,26.7515621185303,246.073226928711
"Reynoutria_japonica",12.8674396653087,47.9891966546072,10.2550115585327,31.2175216674805,28.3618354797363,19.2662601470947,1.02076232433319,60.9467277526855,36.0857582092285,435.8310546875
"Reynoutria_japonica",12.8687814762954,58.5456169045633,7.63673305511475,26.5119094848633,25.9667377471924,8.02808475494385,2.33807992935181,32.4416923522949,28.6080856323242,202.369506835938
"Reynoutria_japonica",12.8757758139549,65.5098642101056,1.92133378982544,20.982795715332,23.4915866851807,-1.39278733730316,8.5516939163208,77.7942581176758,32.1491470336914,300.281616210938
"Reynoutria_japonica",12.8852236133813,53.4512756285202,9.26717662811279,27.3473567962646,23.9977970123291,17.5399284362793,4.52672290802002,33.4555282592773,21.4457416534424,184.796890258789
"Reynoutria_japonica",12.8955185510695,59.2480172286536,6.82220315933228,26.4435043334961,27.2647438049316,7.13927841186523,1.37986981868744,37.7981185913086,28.1022930145264,232.135070800781
"Reynoutria_japonica",12.9002128641641,47.1837174491223,2.20304441452026,32.7678070068359,28.3560009002686,11.0354776382446,-6.68563318252563,72.6583557128906,34.6757431030273,519.900634765625
"Reynoutria_japonica",12.9056107730871,64.739223017674,3.9729917049408,22.6187782287598,25.919095993042,0.149018093943596,7.30177593231201,46.9162330627441,26.355504989624,239.264556884766
"Reynoutria_japonica",12.9073065431068,65.4225469087068,3.04983186721802,21.1731986999512,23.8483104705811,-0.346263498067856,5.95222282409668,68.6291732788086,29.1462688446045,291.592559814453
"Reynoutria_japonica",12.9167230895343,47.1247443290325,-0.269699931144714,33.0075416564941,28.178897857666,8.46731281280518,-9.03224754333496,71.3433456420898,32.9182586669922,498.559997558594
"Reynoutria_japonica",12.9216825031701,65.08977881317,2.62565898895264,21.985725402832,25.0778541564941,-0.991725444793701,5.77433395385742,56.773365020752,30.5193386077881,251.274169921875
"Reynoutria_japonica",12.924420846209,47.8847332839694,10.1203441619873,31.3156509399414,28.4468231201172,19.1461009979248,0.868721544742584,62.5341186523438,36.5650329589844,471.996612548828
"Reynoutria_japonica",12.9262622118637,50.7301465431802,8.01690292358398,30.2243576049805,26.3575630187988,16.7342472076416,3.4521427154541,47.7105865478516,26.902027130127,293.278778076172
"Reynoutria_japonica",12.9313857603788,56.1584043063831,8.47369289398193,24.9420547485352,23.4373626708984,16.6144886016846,3.19743680953979,38.1622581481934,27.0070629119873,239.993682861328
"Reynoutria_japonica",12.9439944541807,64.8047570477334,3.96185207366943,22.4764442443848,25.8693447113037,0.151868209242821,7.28475761413574,45.878963470459,28.8031253814697,220.750671386719
"Reynoutria_japonica",12.9473626853534,48.8526151113312,9.89936637878418,30.0251693725586,27.7603492736816,18.96169090271,5.52934741973877,50.0543060302734,20.3173007965088,298.486511230469
"Reynoutria_japonica",12.9477262128975,47.5219673693041,3.76682901382446,32.4670562744141,28.1727447509766,12.5921478271484,-0.346293270587921,78.2435760498047,37.3296051025391,569.118103027344
"Reynoutria_japonica",12.9501348952469,48.1608905417662,9.87429904937744,30.9952011108398,28.2016372680664,18.8726806640625,5.50222587585449,56.6207046508789,39.7077178955078,419.355010986328
"Reynoutria_japonica",12.955358774522,65.394758686078,0.868721544742584,21.4275760650635,24.077091217041,-2.53693032264709,3.81112003326416,81.5256500244141,30.7356758117676,335.5927734375
"Reynoutria_japonica",12.9772339571895,56.6531493947623,8.13332271575928,26.1560859680176,24.2938346862793,16.4226303100586,2.86940550804138,50.5479507446289,27.6298274993896,307.347290039062
"Reynoutria_japonica",12.9773904653874,47.5227529807158,5.44522476196289,32.2409210205078,28.3596878051758,14.3547306060791,1.24967217445374,74.5280914306641,39.6660995483398,569.389831542969
"Reynoutria_japonica",12.9778546411425,53.5043058221826,9.28364562988281,26.7943916320801,23.7176094055176,17.5255889892578,4.51526117324829,30.6873416900635,22.2155303955078,170.6650390625
"Reynoutria_japonica",12.9861034062312,47.4308858106375,2.34109997749329,32.688648223877,28.1144275665283,11.1307821273804,-2.11527848243713,98.3667755126953,31.0675525665283,637.729797363281
"Reynoutria_japonica",12.9877869196362,48.2001304967551,10.1181612014771,30.867733001709,28.208366394043,19.1381950378418,5.71828413009644,50.8186340332031,40.6004447937012,382.662963867188
"Reynoutria_japonica",12.9969995274686,66.0989240007741,3.07886242866516,19.2745914459229,21.1441516876221,0.169623494148254,9.051513671875,106.882446289062,31.7286224365234,394.202362060547
"Reynoutria_japonica",12.9976547503022,47.9820482396874,9.9264669418335,31.2223339080811,28.3600463867188,18.9378185272217,0.685887098312378,65.9245147705078,35.6321792602539,484.522644042969
"Reynoutria_japonica",13.00534333992,47.6081943060828,6.35867643356323,32.0535125732422,28.3746929168701,15.2857551574707,2.12975692749023,92.9232940673828,37.9708938598633,690.052490234375
"Reynoutria_japonica",13.0261798703519,48.9737464895358,8.1286096572876,30.1835155487061,27.4559631347656,17.1120166778564,3.74715757369995,56.7667770385742,22.3380508422852,354.918579101562
"Reynoutria_japonica",13.0272955259188,56.6560732597739,8.06909370422363,26.3661479949951,24.3997745513916,15.7433004379272,2.80993247032166,51.0219306945801,26.8196105957031,301.472564697266
"Reynoutria_japonica",13.0312177153741,46.9269757495781,0.915946662425995,32.7592811584473,28.3978176116943,9.73923301696777,-7.93977880477905,65.0083770751953,27.5677471160889,416.837097167969
"Reynoutria_japonica",13.0415796493044,56.8665897267177,7.64186811447144,26.520923614502,24.5529308319092,4.47019624710083,2.39115762710571,56.6064949035645,26.6006183624268,319.319519042969
"Reynoutria_japonica",13.051294257654,65.1785207904233,1.43024039268494,21.9488258361816,25.2464008331299,-2.18472480773926,4.59151220321655,64.8883743286133,30.5014686584473,286.861358642578
"Reynoutria_japonica",13.0553960033575,56.508029446462,8.25827217102051,26.56396484375,24.4254684448242,16.5450954437256,2.99916696548462,47.642635345459,26.4009532928467,286.201599121094
"Reynoutria_japonica",13.05979163819,65.5239675463637,1.54183769226074,21.1941509246826,24.2060432434082,-5.0044093132019,8.37443447113037,67.0543975830078,32.1035575866699,265.266998291016
"Reynoutria_japonica",13.0625757872472,47.6141026207042,3.69835734367371,32.3799514770508,28.0863628387451,12.50705909729,-0.413499712944031,99.1364669799805,39.4542503356934,758.380981445312
"Reynoutria_japonica",13.0726534933695,47.3102670340702,6.95455265045166,32.1009521484375,28.7682151794434,15.9995136260986,-2.22192645072937,60.560848236084,32.9000434875488,423.255340576172
"Reynoutria_japonica",13.0789904143559,47.42721778046,0.542208254337311,32.8637161254883,27.9388999938965,9.25558948516846,-8.23749446868896,91.1339263916016,38.2109336853027,683.983032226562
"Reynoutria_japonica",13.0909206790228,46.7521802658588,4.91462802886963,32.0241279602051,28.8603115081787,5.26443147659302,-4.17815828323364,57.9758110046387,30.5707893371582,375.099212646484
"Reynoutria_japonica",13.0924149377347,57.8252037100741,6.80005264282227,27.1771297454834,25.5257587432861,3.35684537887573,1.56042981147766,47.7877655029297,24.6394691467285,260.54052734375
"Reynoutria_japonica",13.1037544459576,47.4339719959768,1.36331367492676,32.7497138977051,28.0274085998535,10.1153001785278,-7.4697380065918,81.2424468994141,38.8596725463867,626.857788085938
"Reynoutria_japonica",13.1127633203254,66.0706584172533,4.02362871170044,19.659912109375,22.037015914917,0.964288592338562,10.2698211669922,89.2062149047852,30.2287368774414,347.123199462891
"Reynoutria_japonica",13.1209518943828,60.3005718948133,5.3667163848877,25.9286556243896,28.8841781616211,15.4194946289062,-0.243705198168755,35.8843307495117,30.7592086791992,265.592468261719
"Reynoutria_japonica",13.1262172203146,56.6924713355953,7.50290870666504,26.9350357055664,24.6669273376465,4.35366249084473,2.24839520454407,57.6439514160156,26.3847332000732,340.69921875
"Reynoutria_japonica",13.1292752355156,49.1542937125434,6.00300693511963,30.3738384246826,27.1591243743896,14.8853416442871,1.5985426902771,72.2282333374023,18.7445678710938,405.890625
"Reynoutria_japonica",13.1332941435918,48.688348938768,9.91640567779541,30.0955810546875,27.9213371276855,18.9842109680176,5.53898525238037,54.424186706543,22.7459049224854,336.015716552734
"Reynoutria_japonica",13.1343248985744,66.10541580073,4.10455226898193,19.6139469146729,22.0226345062256,1.04880940914154,10.3482255935669,95.4105453491211,31.1270580291748,362.277923583984
"Reynoutria_japonica",13.1557898607678,46.865595116732,0.911399662494659,32.6199226379395,28.42333984375,9.75102424621582,-7.96574878692627,67.5986785888672,28.9509944915771,463.307006835938
"Reynoutria_japonica",13.159180962229,66.0040090591564,2.02616310119629,19.9184703826904,22.3828048706055,-1.07073414325714,8.36108112335205,90.2291793823242,30.8907318115234,341.566497802734
"Reynoutria_japonica",13.1783139465154,56.1575660560428,8.2189769744873,26.2724208831787,24.072093963623,15.8759126663208,2.94714212417603,43.3414611816406,25.5927085876465,248.980422973633
"Reynoutria_japonica",13.1957808362814,48.7513848490578,9.51711082458496,30.0628776550293,27.8062973022461,18.5715312957764,5.14053058624268,55.9647064208984,19.0899562835693,332.637634277344
"Reynoutria_japonica",13.2407306745323,56.6281142048962,7.41237449645996,27.2339038848877,24.7789077758789,4.25460863113403,2.16067457199097,57.609317779541,25.7332859039307,327.200744628906
"Reynoutria_japonica",13.2465133383471,48.1056380999265,9.08953952789307,31.0071353912354,28.2303619384766,18.0961761474609,4.72571468353271,70.0971298217773,34.0138816833496,469.168853759766
"Reynoutria_japonica",13.2556120049976,47.8224534488386,8.23717594146729,31.5014972686768,28.3926582336426,17.2370986938477,-0.970599174499512,70.4668273925781,38.8501930236816,548.243835449219
"Reynoutria_japonica",13.2807803104569,47.5214082567414,1.03559613227844,32.6682167053223,27.9293632507324,9.7698917388916,-7.78502559661865,97.7063522338867,38.1643028259277,732.298645019531
"Reynoutria_japonica",13.2835587746626,47.3284379949278,4.9929666519165,32.2885971069336,28.5678577423096,13.9674882888794,-4.095046043396,68.7951965332031,41.3429794311523,570.182678222656
"Reynoutria_japonica",13.2894058677432,56.4977174188303,7.81153440475464,27.3434734344482,24.7772045135498,15.4899072647095,2.54958868026733,52.0688018798828,25.8930244445801,297.999359130859
"Reynoutria_japonica",13.3089742577589,46.4736146234856,7.94409608840942,30.8866920471191,28.9427947998047,8.2365837097168,-1.29485023021698,95.0287094116211,22.6667823791504,442.785522460938
"Reynoutria_japonica",13.3115145805019,46.7423901374341,6.84000396728516,31.6312522888184,29.0767517089844,15.9992027282715,-2.3983199596405,64.5180206298828,27.8896713256836,418.239807128906
"Reynoutria_japonica",13.3130401107747,46.8954292940995,5.19267272949219,32.0746383666992,28.8990592956543,14.2588167190552,-3.95751214027405,47.4871520996094,32.3524208068848,378.562255859375
"Reynoutria_japonica",13.3137668386566,46.9578902688501,0.37540277838707,32.7210922241211,28.352855682373,9.2080659866333,-8.49390602111816,57.1673431396484,34.0786170959473,477.183898925781
"Reynoutria_japonica",13.3155270379421,46.4086145184143,9.31307315826416,30.45751953125,28.9147567749023,9.58864784240723,0.0291105899959803,104.14965057373,21.1449966430664,441.622772216797
"Reynoutria_japonica",13.3216988814517,47.6390715898088,5.21174764633179,32.044921875,28.2348899841309,14.1160659790039,-3.84210515022278,94.1798629760742,31.4995822906494,623.691101074219
"Reynoutria_japonica",13.3219012425472,46.6849406685061,6.77706050872803,31.5641670227051,29.036506652832,7.08266019821167,-2.45498204231262,67.7610321044922,27.7454643249512,426.499572753906
"Reynoutria_japonica",13.3220145302652,49.0582895976058,6.32760620117188,30.3025894165039,27.2626838684082,15.2397928237915,1.92617082595825,67.2218322753906,17.5973625183105,377.620239257812
"Reynoutria_japonica",13.3256168609898,46.5571664841475,4.38081741333008,31.5645008087158,28.6577301025391,4.75232648849487,-4.67921876907349,104.358207702637,24.3506050109863,540.697021484375
"Reynoutria_japonica",13.3273193522172,46.8079936048255,4.78564548492432,31.9942855834961,28.866268157959,13.8404941558838,-4.34035587310791,53.0758590698242,32.7032051086426,401.060150146484
"Reynoutria_japonica",13.3524125678576,46.4084262231336,7.74884653091431,30.6213092803955,28.7315483093262,8.06332683563232,-1.44673418998718,116.810729980469,21.003791809082,497.803649902344
"Reynoutria_japonica",13.3568170522959,66.1300124831106,1.90673220157623,19.8867893218994,22.6691951751709,-1.22124552726746,4.49901819229126,96.2065887451172,29.5176029205322,372.227661132812
"Reynoutria_japonica",13.3590355090373,46.4626793548257,6.39095878601074,31.0463562011719,28.7676620483398,6.71906661987305,-2.75813817977905,109.657409667969,22.7323608398438,511.929595947266
"Reynoutria_japonica",13.3827005196104,57.6398085159343,6.91895818710327,27.4992122650146,25.7942771911621,7.36689567565918,1.6610586643219,48.2487525939941,26.3605823516846,275.619934082031
"Reynoutria_japonica",13.3904730203357,46.444495573404,5.86628770828247,30.9758930206299,28.6142311096191,6.21767663955688,-3.24228858947754,122.994071960449,21.3782596588135,545.361999511719
"Reynoutria_japonica",13.4057407857577,56.2208034882625,7.72825622558594,27.1836738586426,24.5741653442383,4.66768932342529,2.45871543884277,47.4775543212891,25.7682685852051,262.101745605469
"Reynoutria_japonica",13.4089221612071,66.3806021311844,4.06103515625,19.1674671173096,21.6385231018066,1.08533179759979,10.2015266418457,104.929504394531,32.0169525146484,368.070953369141
"Reynoutria_japonica",13.4200199431969,46.7473962312434,4.03531789779663,31.9198875427246,28.7820243835449,13.070894241333,-5.06359529495239,63.0626831054688,31.9046173095703,466.355194091797
"Reynoutria_japonica",13.4257907704133,49.0590604898593,5.42441511154175,30.4066467285156,27.1718769073486,14.2926712036133,1.02414584159851,62.5312004089355,19.8131084442139,343.341094970703
"Reynoutria_japonica",13.4378464768475,66.0082455543087,4.16783761978149,20.2303142547607,23.6571941375732,0.850961565971375,10.9036960601807,77.5579299926758,34.0273132324219,273.147857666016
"Reynoutria_japonica",13.455873019503,66.1968939583822,4.15351247787476,19.8405208587646,22.8784675598145,0.968616425991058,10.6638469696045,79.8009414672852,29.7627334594727,300.849212646484
"Reynoutria_japonica",13.4616860494052,46.3478654039274,3.23860311508179,30.9942607879639,28.1138343811035,3.67088150978088,-5.68144464492798,144.118392944336,22.7208709716797,638.731567382812
"Reynoutria_japonica",13.481179275354,46.7151771776556,5.49474382400513,31.7337989807129,28.9497203826904,13.5353221893311,-3.69720149040222,54.5430603027344,33.0122451782227,412.899230957031
"Reynoutria_japonica",13.4986408534055,46.498035752802,6.52655267715454,31.0143394470215,28.7747268676758,6.84717798233032,-2.65331125259399,104.643203735352,21.5201148986816,483.9013671875
"Reynoutria_japonica",13.5132658206151,46.3529162384594,6.01660537719727,30.6092338562012,28.4651679992676,6.37573671340942,-3.08498525619507,125.554069519043,24.2203922271729,558.86083984375
"Reynoutria_japonica",13.5187768590048,66.0428167591616,3.73608708381653,20.2520637512207,23.7532978057861,0.417413353919983,10.4938106536865,79.6606140136719,32.579029083252,289.451202392578
"Reynoutria_japonica",13.5417328125905,47.5224170337786,2.65448594093323,32.3578834533691,28.1229553222656,11.4965505599976,-1.47999060153961,103.285835266113,37.1089019775391,744.980346679688
"Reynoutria_japonica",13.5431157996621,47.4007059461094,6.44455480575562,31.9696445465088,28.6451950073242,15.5001201629639,-2.75110292434692,62.6422576904297,36.354793548584,455.623992919922
"Reynoutria_japonica",13.5457538861888,47.4622032458117,2.11316204071045,32.4606819152832,28.1014595031738,10.9398355484009,-6.81010818481445,104.837928771973,33.9255714416504,710.708068847656
"Reynoutria_japonica",13.562593249667,47.2991826343056,3.19739770889282,32.3899154663086,28.3734397888184,12.1196756362915,-5.81931591033936,66.3019256591797,41.9977111816406,560.446655273438
"Reynoutria_japonica",13.5800927833631,66.3742238267885,2.42440557479858,19.6349449157715,22.5382957458496,-0.676525473594666,8.82381820678711,114.290451049805,32.0543327331543,416.616668701172
"Reynoutria_japonica",13.5855994995152,47.4303272861069,4.11576557159424,32.203800201416,28.3573169708252,13.0521974563599,-0.368483185768127,89.1010818481445,29.451847076416,560.539306640625
"Reynoutria_japonica",13.5871627705469,66.4359290005956,-0.164127036929131,19.5217399597168,22.2256469726562,-3.18540382385254,6.12720966339111,126.209320068359,31.3987636566162,471.957641601562
"Reynoutria_japonica",13.5884451279695,48.0171600455359,9.6212158203125,30.9537868499756,28.4234180450439,18.7028541564941,5.17030096054077,69.5789184570312,28.5819644927979,397.763580322266
"Reynoutria_japonica",13.6040693353977,56.87598815586,7.29656934738159,27.7688770294189,25.4050254821777,3.9936375617981,2.03125953674316,49.5976486206055,25.2437305450439,272.581848144531
"Reynoutria_japonica",13.6053777649871,47.9557735366901,9.26539134979248,31.1113929748535,28.4323768615723,18.336254119873,4.85712289810181,78.06494140625,32.7313003540039,488.978942871094
"Reynoutria_japonica",13.6082610130731,46.5911628870893,8.67269325256348,31.0560321807861,29.2674255371094,8.91914176940918,-0.707560837268829,58.3293190002441,30.3743419647217,378.439331054688
"Reynoutria_japonica",13.6086443115926,47.4630703721146,-0.168929889798164,32.724666595459,27.8529968261719,8.55400466918945,-4.18266534805298,103.603202819824,35.2464332580566,728.012451171875
"Reynoutria_japonica",13.6095306469856,55.9090264902541,8.11318588256836,25.5099716186523,23.6327438354492,5.18899154663086,2.82693481445312,41.5693168640137,24.8882713317871,219.671997070312
"Reynoutria_japonica",13.6191431878758,46.6537451394055,6.13319730758667,31.4707145690918,28.9987010955811,14.2099475860596,-3.10284876823425,71.3359985351562,30.8204364776611,486.999053955078
"Reynoutria_japonica",13.6313502871171,56.2918433906027,7.71501350402832,27.4695491790771,24.889289855957,4.58237504959106,2.4375433921814,42.7633895874023,24.6282711029053,229.934677124023
"Reynoutria_japonica",13.6414730901079,56.283229313657,7.75520944595337,27.3478908538818,24.8029823303223,4.63906669616699,2.47622275352478,42.2896003723145,23.8919734954834,220.107009887695
"Reynoutria_japonica",13.6466336135974,46.5864487659809,6.98737382888794,31.2654685974121,29.0897407531738,7.27174139022827,-2.30146837234497,72.6823501586914,29.5488300323486,466.343811035156
"Reynoutria_japonica",13.6473030348754,48.6060980759357,9.19667148590088,30.1320343017578,27.9903793334961,18.2685089111328,4.80163288116455,55.1812705993652,25.3599853515625,365.443572998047
"Reynoutria_japonica",13.6473987640194,56.4120714350425,7.6496376991272,27.6830577850342,25.0352363586426,4.48557806015015,2.37735056877136,44.1032485961914,25.7239360809326,248.598602294922
"Reynoutria_japonica",13.6535244186184,47.7335545528332,8.4512300491333,31.4360752105713,28.5426349639893,17.5259685516357,3.97133636474609,84.1061630249023,27.7986526489258,492.024169921875
"Reynoutria_japonica",13.6676945353809,46.6534119585442,7.25255250930786,31.3230075836182,29.1716232299805,16.4963283538818,-2.07448768615723,71.8312454223633,28.9552574157715,477.880004882812
"Reynoutria_japonica",13.6730370140885,48.2356207917592,9.96455574035645,30.587926864624,28.3091106414795,19.0637588500977,5.48737096786499,52.2544937133789,33.5423240661621,342.763946533203
"Reynoutria_japonica",13.6778780803016,65.9563062427821,1.17720365524292,20.6691818237305,24.5799331665039,-5.40852355957031,8.15471267700195,68.6862106323242,32.6745681762695,259.222412109375
"Reynoutria_japonica",13.6830926528306,47.4317678410809,3.47836542129517,32.2544059753418,28.3023242950439,12.3939027786255,-1.00604712963104,76.4162826538086,28.5372200012207,479.905395507812
"Reynoutria_japonica",13.6980177263574,58.0825551828602,6.50341749191284,27.4914665222168,26.1791152954102,15.2941589355469,1.20384478569031,37.285457611084,28.3118953704834,248.593231201172
"Reynoutria_japonica",13.7024526140071,56.9954791015689,7.33799839019775,27.7682323455811,25.565372467041,3.99941182136536,2.06307935714722,43.8519515991211,25.7701797485352,251.926773071289
"Reynoutria_japonica",13.7075898471918,46.4091255992579,3.78475451469421,31.1249122619629,28.4179096221924,4.17691946029663,-5.24616813659668,134.764419555664,22.848726272583,606.753295898438
"Reynoutria_japonica",13.7093804877612,46.6250396094458,8.05197525024414,31.2055625915527,29.2922821044922,16.2124557495117,-1.33416783809662,65.4802780151367,29.2107734680176,434.072387695312
"Reynoutria_japonica",13.7199055202145,46.6248569977778,6.37475538253784,31.3287582397461,29.0721969604492,14.4765787124634,-2.90209579467773,78.7020263671875,29.2791118621826,500.421447753906
"Reynoutria_japonica",13.7209015028688,55.9204706656449,7.68925762176514,25.4713592529297,23.6179294586182,4.75909328460693,2.40476393699646,43.5877647399902,23.7645072937012,221.984100341797
"Reynoutria_japonica",13.7251262444905,57.612032667716,6.64277648925781,27.7369403839111,26.0217208862305,7.07206726074219,1.3645191192627,42.6835784912109,25.7247276306152,238.343811035156
"Reynoutria_japonica",13.7267733426265,47.5191527630316,2.41498756408691,32.2990264892578,28.0819664001465,11.2589321136475,-1.72338032722473,82.6941146850586,41.2067794799805,673.353881835938
"Reynoutria_japonica",13.7298075351861,48.5631761524685,8.55777454376221,30.2558689117432,27.9303073883057,17.5999946594238,4.16387748718262,56.9782600402832,26.3816471099854,375.593414306641
"Reynoutria_japonica",13.7409284677914,47.2446741944017,1.53626823425293,32.4879379272461,28.3007144927979,10.4108295440674,-7.41232919692993,57.0800018310547,39.6692352294922,491.496002197266
"Reynoutria_japonica",13.7503679030693,65.9878146083008,3.10264229774475,20.5299396514893,24.7401695251465,-0.382832944393158,10.1555166244507,58.4885635375977,33.19287109375,217.448852539062
"Reynoutria_japonica",13.7677820321617,47.5734836111164,4.19388723373413,32.0349960327148,28.2443771362305,13.1164608001709,-0.0263215266168118,89.7686614990234,37.833309173584,654.422729492188
"Reynoutria_japonica",13.7706813736426,66.6655603213631,-1.26327455043793,19.2970962524414,21.7040557861328,-4.18148374557495,1.0926479101181,117.08056640625,30.9635543823242,452.31103515625
"Reynoutria_japonica",13.7730783874,57.6417582218116,6.50232362747192,27.755199432373,26.0463447570801,6.92638874053955,1.21987926959991,40.8792457580566,25.17453956604,225.047714233398
"Reynoutria_japonica",13.7873488446778,65.8920199087223,3.00909376144409,20.66162109375,25.0064659118652,-3.71677494049072,10.138409614563,51.3990592956543,32.3102416992188,203.184371948242
"Reynoutria_japonica",13.7916371472156,48.7598138159398,5.81777191162109,30.3709259033203,27.4584178924561,14.7234401702881,1.42692863941193,64.4428253173828,24.6877422332764,419.445098876953
"Reynoutria_japonica",13.7967525650299,66.3561766379612,1.91957294940948,19.9819049835205,23.4085083007812,-1.31248009204865,8.57823657989502,95.47802734375,34.4723777770996,337.366973876953
"Reynoutria_japonica",13.803603958034,66.6249625310931,-1.92021369934082,19.3779926300049,21.8292808532715,-4.85443449020386,0.46209254860878,113.107109069824,30.8214797973633,442.206665039062
"Reynoutria_japonica",13.8040409598249,47.4951316677724,3.48119068145752,32.1684608459473,28.2311248779297,12.3934803009033,-5.5356125831604,71.3305435180664,31.8270015716553,474.689971923828
"Reynoutria_japonica",13.805076289055,66.4719976109299,2.62170386314392,19.6879806518555,22.8625411987305,-0.525210916996002,9.11658668518066,95.7323303222656,32.3217887878418,360.006317138672
"Reynoutria_japonica",13.8136561428881,47.3099607831233,0.676116108894348,32.5611152648926,28.1027679443359,9.49714374542236,-8.20537757873535,70.6789627075195,42.8036880493164,614.98681640625
"Reynoutria_japonica",13.8214721717891,50.7322579151751,6.51747369766235,30.3943424224854,26.5018272399902,15.2569618225098,1.94747757911682,49.5818367004395,23.8443374633789,287.224761962891
"Reynoutria_japonica",13.8251636784565,66.6900857792483,0.111023180186749,19.2243499755859,21.6356048583984,-2.80410027503967,2.44499444961548,101.243949890137,29.8272399902344,405.159545898438
"Reynoutria_japonica",13.8325347243104,57.7387688896036,6.49860095977783,27.7143363952637,26.1234912872314,6.9106273651123,1.20744466781616,39.1601867675781,25.0095481872559,217.750213623047
"Reynoutria_japonica",13.835845303111,47.4499966082698,6.84207534790039,31.7368316650391,28.659595489502,15.935170173645,2.33404088020325,59.7054100036621,32.3698120117188,404.187103271484
"Reynoutria_japonica",13.8418451984917,46.8340924330844,3.58539366722107,32.0329399108887,28.8183898925781,12.6494331359863,-5.56163597106934,40.699951171875,41.8569984436035,399.53271484375
"Reynoutria_japonica",13.8433584535878,48.7809623136202,5.35573291778564,30.4189682006836,27.4044609069824,14.2394714355469,0.967548310756683,61.5796699523926,26.2763252258301,402.242065429688
"Reynoutria_japonica",13.8465042723626,46.5348174129212,5.86378526687622,31.288703918457,29.0089111328125,6.16614580154419,-3.40159368515015,110.835861206055,23.662389755249,576.574584960938
"Reynoutria_japonica",13.8544638808209,66.4048813024706,2.04892826080322,19.9472103118896,23.3556423187256,-1.1743278503418,4.72767066955566,76.2435760498047,31.2986145019531,296.216735839844
"Reynoutria_japonica",13.8671241406892,47.8519896077497,6.63711261749268,31.4484710693359,28.2161979675293,15.6180229187012,2.17850518226624,101.011009216309,30.9721508026123,629.312072753906
"Reynoutria_japonica",13.8672325279021,66.0986901059992,3.3972065448761,20.3647594451904,24.5562725067139,-0.045692503452301,10.4039859771729,75.7990570068359,33.0644226074219,283.556701660156
"Reynoutria_japonica",13.8710398238226,66.3164678601252,3.16490745544434,20.0543651580811,23.7585315704346,-0.137551352381706,9.93395900726318,90.4864959716797,33.3272666931152,335.299102783203
"Reynoutria_japonica",13.8783107254849,47.4192590792928,7.39847946166992,31.6386699676514,28.7264556884766,16.5217742919922,-1.86918437480927,55.2697410583496,35.0929374694824,393.590118408203
"Reynoutria_japonica",13.8847612702022,55.9488700643579,7.96030759811401,24.7066040039062,23.3420238494873,5.0416407585144,2.66066026687622,38.2115783691406,20.5689334869385,177.588134765625
"Reynoutria_japonica",13.8997602106232,48.8506748227072,7.12011909484863,30.0714168548584,27.6005172729492,16.1136131286621,2.7117805480957,49.8968467712402,30.2618007659912,330.945404052734
"Reynoutria_japonica",13.9055432758923,47.3663439859877,3.1712634563446,32.2050895690918,28.3460693359375,12.10950756073,-5.85618495941162,58.3526573181152,42.6965141296387,502.525268554688
"Reynoutria_japonica",13.9096972870568,66.6885401148553,-0.870829880237579,19.4202327728271,21.8740615844727,-3.81117010116577,1.50409090518951,92.2114868164062,29.5726413726807,381.987670898438
"Reynoutria_japonica",13.9161647935187,47.6173262121257,5.49694681167603,31.7894878387451,28.334493637085,14.4809427261353,1.01724374294281,86.1387252807617,32.2618179321289,560.88818359375
"Reynoutria_japonica",13.9192662343302,47.5743877148531,6.97980260848999,31.6213054656982,28.5380706787109,16.049446105957,2.48508071899414,70.8218383789062,31.2481136322021,458.755004882812
"Reynoutria_japonica",13.9208960815878,50.9755402278219,9.97697448730469,29.5264987945557,26.6993789672852,18.8760604858398,5.38351058959961,37.8198585510254,25.8603267669678,239.593963623047
"Reynoutria_japonica",13.9234300845774,55.7049665420331,8.07881164550781,21.9460964202881,22.0117835998535,5.34829807281494,2.76192927360535,40.5774116516113,24.3440761566162,196.347015380859
"Reynoutria_japonica",13.9331744153058,46.4927823412625,6.83919191360474,31.0948219299316,29.1664085388184,7.11666488647461,-2.50729250907898,89.1904983520508,25.2464008331299,466.864929199219
"Reynoutria_japonica",13.9376645749196,66.5425973948976,1.76857721805573,19.6758899688721,22.8114280700684,-1.35756075382233,8.24066352844238,88.438591003418,33.6040802001953,339.796417236328
"Reynoutria_japonica",13.9447876587901,68.262218721622,5.74633121490479,14.905725479126,14.3119525909424,4.04836702346802,9.55273056030273,63.700798034668,35.950511932373,306.943450927734
"Reynoutria_japonica",13.9474635515169,46.7761561211532,5.33262348175049,31.7371520996094,29.0453815460205,14.5033569335938,-3.93821787834167,49.8570365905762,38.1914749145508,441.8642578125
"Reynoutria_japonica",13.9626867338452,66.9083505256751,1.58558940887451,18.7867870330811,20.6988143920898,-1.17890822887421,3.72105884552002,89.7670593261719,30.8853034973145,357.737121582031
"Reynoutria_japonica",13.970393199488,66.0397682446317,0.54519921541214,20.6212730407715,24.9355659484863,-2.93699288368225,3.545330286026,71.5927505493164,32.7914962768555,284.729309082031
"Reynoutria_japonica",13.9738744663689,48.2903753258704,10.4595127105713,30.354248046875,28.362964630127,19.6170749664307,6.02497243881226,49.3686599731445,31.714729309082,305.712188720703
"Reynoutria_japonica",13.9898865748813,46.5376146362487,6.24244403839111,31.2629089355469,29.1762809753418,14.3747291564941,-3.0855700969696,107.04273223877,23.3871784210205,570.792541503906
"Reynoutria_japonica",14.0010273624653,57.7337906232193,6.47826862335205,27.7127952575684,26.1865787506104,14.3608903884888,1.1682745218277,37.3987770080566,25.9511318206787,226.539001464844
"Reynoutria_japonica",14.0062440819546,46.4630320200556,6.03682565689087,31.2500858306885,29.1469268798828,6.32276678085327,-3.28009581565857,98.2868728637695,25.1087760925293,537.554260253906
"Reynoutria_japonica",14.0082285700265,46.7543078325411,7.06019735336304,31.4795074462891,29.2932529449463,15.1926746368408,-2.3382682800293,40.3028717041016,39.5966567993164,382.048767089844
"Reynoutria_japonica",14.0130932625572,47.4937420185265,7.42507696151733,31.5526275634766,28.6931114196777,16.5505409240723,2.92440462112427,57.6752014160156,36.320686340332,421.749267578125
"Reynoutria_japonica",14.0134876230841,56.163790060197,8.27747058868408,25.7858333587646,24.1085548400879,16.0034427642822,2.9737503528595,39.6186370849609,22.3481044769287,200.230499267578
"Reynoutria_japonica",14.0136412468546,58.4845775762497,7.16149616241455,27.0387153625488,26.6616668701172,16.2178688049316,1.77930676937103,27.4844226837158,30.9260635375977,204.290542602539
"Reynoutria_japonica",14.0144217903284,66.7167042681938,-0.795854985713959,19.4877510070801,21.9636325836182,-3.75096011161804,1.59246742725372,95.684326171875,31.8028373718262,390.135040283203
"Reynoutria_japonica",14.0177370273796,50.4868799960422,9.76259231567383,30.2081871032715,27.2523384094238,18.7564353942871,1.90045022964478,24.7486114501953,35.8091011047363,190.814208984375
"Reynoutria_japonica",14.0182658375309,66.1927385102181,1.58209455013275,20.3842678070068,24.5691013336182,-1.84519374370575,8.58051776885986,75.3058853149414,34.1071739196777,286.777526855469
"Reynoutria_japonica",14.0342661465689,66.8107745576719,1.95059645175934,19.1218719482422,21.4755191802979,-0.94252073764801,8.0113582611084,99.6692733764648,33.5661163330078,389.700225830078
"Reynoutria_japonica",14.0515595292685,66.5034742982798,1.9983286857605,19.9131641387939,23.385929107666,-1.21938979625702,8.64184284210205,79.5229187011719,34.328540802002,312.984375
"Reynoutria_japonica",14.0646317365549,48.6565264045079,7.26181983947754,30.2201061248779,27.7567157745361,16.2711868286133,2.85226821899414,55.3903045654297,31.1908836364746,377.050811767578
"Reynoutria_japonica",14.0663418261463,66.6635270017704,-1.04607450962067,19.7808361053467,22.5841884613037,-4.10149335861206,5.33470439910889,88.1495513916016,33.830451965332,351.011108398438
"Reynoutria_japonica",14.0664297420405,66.5694204451852,-1.59314072132111,19.9642887115479,23.019868850708,-4.71792936325073,4.91296005249023,107.363861083984,34.6622734069824,418.929138183594
"Reynoutria_japonica",14.0708227815793,55.8236719925521,7.99214553833008,22.4589614868164,22.2999801635742,5.20618343353271,2.67480945587158,38.1677169799805,20.790096282959,173.363006591797
"Reynoutria_japonica",14.0809457340146,66.7864258371991,1.80862951278687,19.3345012664795,21.8788032531738,-1.15493965148926,4.16629648208618,78.6351089477539,32.0549392700195,320.664459228516
"Reynoutria_japonica",14.0812901714158,48.0058901004586,9.7291431427002,30.7547645568848,28.4380130767822,18.8678512573242,5.23706340789795,70.2613677978516,32.7100486755371,450.639434814453
"Reynoutria_japonica",14.0864257616598,48.8181060954236,7.26976013183594,30.0440654754639,27.6902198791504,16.2863960266113,2.8537130355835,43.9462585449219,32.1344871520996,282.775146484375
"Reynoutria_japonica",14.0881305492918,66.5994675735213,-1.58862113952637,19.9167900085449,22.9179382324219,-4.69137239456177,0.980310559272766,90.779296875,33.3534774780273,373.736389160156
"Reynoutria_japonica",14.0956211840551,66.9624741142352,3.86001992225647,18.5836696624756,20.440357208252,1.1275999546051,5.93346977233887,81.9895553588867,31.5603561401367,325.0908203125
"Reynoutria_japonica",14.0964185300737,51.5080395102038,10.141149520874,28.7523498535156,26.2731761932373,18.9953117370605,5.53215551376343,33.6966590881348,24.2316513061523,200.493835449219
"Reynoutria_japonica",14.1063205450453,48.5068858635005,8.2847728729248,30.2082042694092,27.9665412902832,17.3473091125488,3.81650829315186,54.0780220031738,33.7921752929688,368.984283447266
"Reynoutria_japonica",14.1252729093586,57.7638437311401,7.17920017242432,27.5387725830078,26.3364791870117,16.0115776062012,1.82904469966888,32.2739753723145,26.6221942901611,200.37580871582
"Reynoutria_japonica",14.1325183640006,47.4612160110483,6.07202529907227,31.6644668579102,28.5269546508789,15.1384143829346,1.58024156093597,60.001033782959,41.2483215332031,484.83154296875
"Reynoutria_japonica",14.133878265898,46.5245612673436,9.35645389556885,30.9001941680908,29.6890068054199,17.6156883239746,-0.22463683784008,79.3928451538086,24.0387020111084,443.045928955078
"Reynoutria_japonica",14.1427590846427,46.6479164706716,9.85869693756104,30.9860343933105,29.7459487915039,18.1233425140381,0.243813395500183,50.7414588928223,33.2139015197754,390.886596679688
"Reynoutria_japonica",14.1466079209784,47.737473540803,6.09982490539551,31.4596900939941,28.2934856414795,15.1131601333618,1.63463842868805,62.7326126098633,33.1072616577148,421.211395263672
"Reynoutria_japonica",14.1718929494817,47.6777215775821,5.7085223197937,31.5236949920654,28.2864570617676,14.7144861221313,1.24816465377808,71.4622116088867,37.2480163574219,510.208557128906
"Reynoutria_japonica",14.2141969533973,51.1386233399267,9.13116836547852,29.2798862457275,26.5598411560059,18.0056896209717,4.53226184844971,42.7113418579102,21.1951084136963,230.968658447266
"Reynoutria_japonica",14.2304592451014,66.5357027125563,-0.097983181476593,20.1317024230957,23.7017135620117,-3.34055995941162,2.61877489089966,87.2474365234375,35.8416595458984,346.281890869141
"Reynoutria_japonica",14.2340031674247,66.1698156773464,1.01737642288208,20.4510822296143,24.979887008667,-2.46765327453613,4.00263071060181,59.2911071777344,32.4899597167969,253.357086181641
"Reynoutria_japonica",14.2345260035908,66.6231646248819,-2.27135300636292,20.1002082824707,23.1801414489746,-5.40484046936035,0.344006240367889,89.2185363769531,35.2490005493164,358.591552734375
"Reynoutria_japonica",14.2392623044856,48.7527594975206,7.91053438186646,29.9387435913086,27.7904930114746,16.9718112945557,-1.2656329870224,41.0465888977051,41.9862403869629,314.748352050781
"Reynoutria_japonica",14.2476527073018,66.8744251152332,1.73054230213165,19.2908763885498,21.723539352417,-1.2075309753418,7.8701491355896,90.1822128295898,34.8293800354004,358.148223876953
"Reynoutria_japonica",14.2499731660613,66.8780767962107,1.20757532119751,19.1990814208984,21.5141372680664,-1.68489408493042,3.48950743675232,82.6495971679688,33.2058563232422,339.751434326172
"Reynoutria_japonica",14.2607316729199,46.7844892539884,7.75945281982422,31.276704788208,29.480640411377,17.1115074157715,-1.73442828655243,40.6611747741699,41.1764526367188,404.557647705078
"Reynoutria_japonica",14.276465359603,48.6033077941208,7.37875843048096,30.1808414459229,27.8189926147461,16.4144630432129,2.93831515312195,42.0664482116699,41.2159538269043,316.054504394531
"Reynoutria_japonica",14.2810705621961,48.6848560990807,7.52991914749146,30.0468826293945,27.8144855499268,16.5827465057373,-0.229446232318878,41.3855056762695,39.8842544555664,300.974670410156
"Reynoutria_japonica",14.2851112856427,50.4756961395706,9.99743556976318,30.0738887786865,27.382360458374,19.0291481018066,5.40741968154907,27.8598594665527,36.1310920715332,218.787109375
"Reynoutria_japonica",14.2879610868902,66.6541213803985,-1.21567261219025,19.9905624389648,23.1123847961426,-4.3488597869873,1.3793820142746,68.1660232543945,33.0085563659668,293.0234375
"Reynoutria_japonica",14.3000547675311,46.4983537104718,6.64487886428833,31.2556381225586,29.4416084289551,14.8045425415039,-2.79870748519897,95.3108673095703,23.174072265625,524.123474121094
"Reynoutria_japonica",14.3046415148833,66.2963934135495,3.90777921676636,20.2243480682373,24.9241981506348,0.403910607099533,6.86998748779297,48.9847526550293,32.5139274597168,213.667572021484
"Reynoutria_japonica",14.304887199024,66.8110761970398,1.60979759693146,19.5361347198486,22.2469844818115,-1.41029798984528,4.0343918800354,75.1616973876953,33.9251365661621,313.966674804688
"Reynoutria_japonica",14.3058664533815,56.0390522553342,8.50656700134277,23.4108772277832,22.9852237701416,16.2368869781494,3.18057107925415,36.7621650695801,22.3027591705322,184.174957275391
"Reynoutria_japonica",14.3109057078968,66.4755258062693,3.06934905052185,20.0996360778809,24.2407817840576,-0.298930168151855,5.88441276550293,65.2984466552734,35.8319664001465,263.225982666016
"Reynoutria_japonica",14.3261995269237,47.525747557048,6.66293239593506,31.4471092224121,28.5655059814453,15.7679376602173,2.17986512184143,52.8006591796875,43.5052680969238,431.064575195312
"Reynoutria_japonica",14.3394947531928,49.7741661744471,9.14656352996826,29.9047794342041,27.5870208740234,18.2375755310059,0.066905103623867,25.5550117492676,43.8835372924805,225.899200439453
"Reynoutria_japonica",14.3560330951248,56.1962423291074,8.07348346710205,24.9804363250732,23.789665222168,15.812292098999,2.76597332954407,36.3533172607422,22.7788925170898,187.464477539062
"Reynoutria_japonica",14.3671484083199,50.5168694995485,9.47716903686523,30.0592422485352,27.3099403381348,18.485013961792,4.87998104095459,34.1340217590332,31.3923606872559,239.610076904297
"Reynoutria_japonica",14.3954021080749,66.6905348974696,-1.17520201206207,19.9836273193359,23.1946544647217,-4.31315135955811,1.42720925807953,74.8867797851562,35.9721717834473,302.9248046875
"Reynoutria_japonica",14.3976714862254,47.4936281577765,2.70599961280823,31.9332542419434,28.1386260986328,11.6300735473633,-1.75085806846619,61.6096954345703,43.8674392700195,515.782287597656
"Reynoutria_japonica",14.3992431497229,46.4408542198198,4.94426488876343,31.4710311889648,29.2613105773926,13.0427532196045,-4.39911842346191,93.6087493896484,24.2285346984863,528.871704101562
"Reynoutria_japonica",14.4056187169418,66.54242075368,1.98518419265747,20.0674057006836,23.9998588562012,-1.32719218730927,4.74484539031982,60.7256469726562,35.7090682983398,249.224853515625
"Reynoutria_japonica",14.4092024058571,48.5720649915275,8.12826442718506,30.0616188049316,27.959415435791,17.2203502655029,3.63942122459412,39.2543983459473,42.6120452880859,306.008361816406
"Reynoutria_japonica",14.4297851214475,46.7726210460979,9.39148616790771,31.0028324127197,29.6936740875244,18.8454399108887,-0.230368569493294,39.0789642333984,41.3031425476074,380.791351318359
"Reynoutria_japonica",14.4560353367463,57.8580252362909,6.3673038482666,27.5087642669678,26.2720012664795,15.1991672515869,1.01116240024567,30.5876693725586,28.8660335540771,212.833312988281
"Reynoutria_japonica",14.4635429234989,46.7715783079647,9.23090744018555,31.0151710510254,29.6668605804443,18.6812133789062,-0.38791835308075,40.2580718994141,41.5772743225098,386.582672119141
"Reynoutria_japonica",14.4675358434114,50.6694479923009,9.15892696380615,29.8671360015869,27.1545143127441,18.1468887329102,4.55073404312134,35.3360939025879,25.8579940795898,208.662307739258
"Reynoutria_japonica",14.4695395144361,66.7554523725147,-0.70614629983902,19.8523006439209,22.8835391998291,-3.80070757865906,1.83015060424805,70.2909164428711,34.3449478149414,298.385589599609
"Reynoutria_japonica",14.5009110004072,51.0336822310302,8.5844898223877,29.3973255157471,26.7821941375732,17.4999198913574,3.9686963558197,46.5645179748535,21.3708572387695,244.437362670898
"Reynoutria_japonica",14.5041171782197,56.2503841410962,8.05441570281982,25.2384910583496,24.020170211792,15.8142528533936,2.74023199081421,34.0860252380371,21.9487628936768,172.287445068359
"Reynoutria_japonica",14.5059172281003,46.5564600811944,10.0428457260132,30.7623386383057,29.9455718994141,19.5759811401367,0.342800050973892,57.7768478393555,30.6420764923096,404.403869628906
"Reynoutria_japonica",14.5083821064495,59.1895195495052,6.55155467987061,26.5248222351074,27.5186901092529,16.0167007446289,1.045254945755,34.2823524475098,30.2630939483643,239.81298828125
"Reynoutria_japonica",14.5136478152735,46.7151664798524,9.19533252716064,30.9588356018066,29.7179565429688,18.6554412841797,-0.435207933187485,39.0892219543457,40.0136566162109,366.441955566406
"Reynoutria_japonica",14.5284851877918,46.6160722570241,10.4039154052734,30.7283973693848,29.9733352661133,19.952953338623,0.680975735187531,49.4124221801758,33.0912132263184,374.527526855469
"Reynoutria_japonica",14.5316282061424,57.9213604721134,6.53317546844482,27.3851509094238,26.3664855957031,15.4053144454956,1.15577256679535,28.1151065826416,28.8375701904297,194.428512573242
"Reynoutria_japonica",14.5414822866974,49.6424560278796,8.7058219909668,29.7958869934082,27.5247802734375,17.7851238250732,-0.378632098436356,31.5835285186768,41.9229316711426,268.140045166016
"Reynoutria_japonica",14.5438487194817,50.4868200530198,8.94512367248535,30.0610294342041,27.3328838348389,17.9555320739746,4.34569072723389,35.3505897521973,31.2874889373779,243.31982421875
"Reynoutria_japonica",14.5980682201591,48.5706687176355,6.69967412948608,30.1924419403076,27.7992000579834,15.7368249893188,2.27259922027588,51.3587760925293,41.2839698791504,392.707092285156
"Reynoutria_japonica",14.6020404167432,48.4801544409129,7.60279035568237,30.1703033447266,27.954626083374,16.690055847168,3.1262903213501,52.6240005493164,37.846118927002,367.271820068359
"Reynoutria_japonica",14.6075019989028,57.4313995175844,6.51814794540405,27.5109252929688,26.0146064758301,15.2508544921875,1.1640909910202,37.1336479187012,27.4816093444824,235.775909423828
"Reynoutria_japonica",14.6139623358236,66.3871204375441,3.38745808601379,20.2041149139404,25.2001304626465,-0.15802675485611,6.39271831512451,55.7749633789062,34.499813079834,232.704742431641
"Reynoutria_japonica",14.6261280069703,66.4794635103843,-0.576683104038239,20.3740673065186,24.7326393127441,-3.98541808128357,2.32922053337097,58.0460243225098,34.4501953125,245.714172363281
"Reynoutria_japonica",14.6464702661313,49.7976523397107,9.37184047698975,29.791145324707,27.5921230316162,18.4877662658691,0.257126301527023,28.2160930633545,42.0073661804199,243.426910400391
"Reynoutria_japonica",14.781525091848,57.2979886481653,6.6929931640625,27.3404769897461,25.8383522033691,15.3977346420288,1.32526588439941,36.8447074890137,26.605016708374,226.772796630859
"Reynoutria_japonica",14.8033870001066,50.9514687856909,8.91480159759521,29.3197345733643,27.0675773620605,17.9148998260498,4.28282976150513,43.1965179443359,22.5886688232422,239.604431152344
"Reynoutria_japonica",14.8185321056234,66.4692104969256,0.389120817184448,20.3005599975586,25.093074798584,-3.1019561290741,3.36830902099609,51.8813171386719,33.9551010131836,222.470489501953
"Reynoutria_japonica",14.818834741793,66.5917992211003,-1.13718950748444,20.3267154693604,24.4810905456543,-4.50854110717773,1.71910417079926,52.1994361877441,34.1442222595215,226.196807861328
"Reynoutria_japonica",14.8420496441729,66.2939425102506,1.79770183563232,20.269998550415,25.8123664855957,-1.85185110569,4.92972850799561,46.0910110473633,32.0100860595703,202.052612304688
"Reynoutria_japonica",14.8724331101839,51.1952120856425,9.08969211578369,28.9079341888428,26.8554267883301,18.0720806121826,4.44829940795898,40.7171745300293,26.124324798584,249.498260498047
"Reynoutria_japonica",14.8866211967298,55.1727515913745,8.47282314300537,12.3334894180298,18.5052795410156,9.94009113311768,3.08793711662292,30.6732234954834,24.2250080108643,143.75048828125
"Reynoutria_japonica",14.9151325481065,55.1060349918293,8.48865985870361,12.1977939605713,18.4460430145264,9.96710395812988,3.11007213592529,31.431058883667,25.9522647857666,153.022125244141
"Reynoutria_japonica",14.9197504175752,53.6918999959632,9.24018669128418,26.2356929779053,24.5594921112061,17.779935836792,4.3141975402832,32.6031074523926,27.6352443695068,205.333267211914
"Reynoutria_japonica",14.9738780542062,66.3801216094387,-0.135136440396309,20.3389701843262,25.6459293365479,-3.73127055168152,2.96530985832214,50.1163291931152,31.7777442932129,228.484710693359
"Reynoutria_japonica",15.00408984266,66.4074212750118,-0.0846231430768967,20.3296489715576,25.7246971130371,-3.69470739364624,3.03116703033447,44.0121421813965,30.9251747131348,206.21760559082
"Reynoutria_japonica",15.0411467326817,55.0491276194458,8.69355487823486,12.1506767272949,18.4451389312744,10.1812200546265,3.30963778495789,32.3644218444824,25.9763832092285,152.753036499023
"Reynoutria_japonica",15.0731066132508,55.0880605482983,8.58760738372803,12.1180152893066,18.4178066253662,10.0733327865601,3.20266032218933,31.6624946594238,24.2464962005615,139.547286987305
"Reynoutria_japonica",15.1121966632281,47.0175768387252,9.14215850830078,30.5987606048584,29.4635105133057,18.5817279815674,-0.485447913408279,31.0200462341309,52.2346382141113,394.873046875
"Reynoutria_japonica",15.1315074299394,46.8742848090591,8.11344337463379,30.6820163726807,29.4623336791992,17.5317554473877,-1.48491144180298,33.4367065429688,44.0304527282715,364.19775390625
"Reynoutria_japonica",15.1330744068689,47.2089863731278,6.33669900894165,30.9827327728271,28.909309387207,15.5881900787354,-3.05421805381775,34.4176940917969,48.729923248291,373.351531982422
"Reynoutria_japonica",15.1383173294076,56.6496539683182,7.54161405563354,25.8771743774414,24.7053546905518,16.0260181427002,2.17080140113831,34.4431991577148,25.8118534088135,202.390960693359
"Reynoutria_japonica",15.1744993191807,61.0975600471581,5.01641702651978,25.8263740539551,29.4437828063965,15.3077030181885,-0.658804774284363,23.0249404907227,37.1326446533203,203.323852539062
"Reynoutria_japonica",15.1830426551795,56.289138676373,8.3327054977417,23.6593170166016,23.3665046691895,5.35700082778931,2.95727038383484,32.2642822265625,23.888973236084,166.072006225586
"Reynoutria_japonica",15.1946119221548,52.0598754609782,10.0966691970825,28.0389652252197,26.3976860046387,19.0692672729492,5.40142297744751,32.5059776306152,26.3916149139404,190.671051025391
"Reynoutria_japonica",15.2385690450708,56.3484020307456,7.98209667205811,24.1990051269531,23.6523666381836,15.7819766998291,2.60543060302734,34.6667289733887,23.8687992095947,179.601974487305
"Reynoutria_japonica",15.2387261412914,47.116767364809,9.11584758758545,30.5166835784912,29.4007816314697,18.5506744384766,-0.507698833942413,34.1058807373047,47.0688552856445,376.517272949219
"Reynoutria_japonica",15.2409283649486,47.1857603078413,7.96496105194092,30.6818294525146,29.1749267578125,17.3188247680664,-1.55803453922272,35.1308250427246,49.64794921875,392.263732910156
"Reynoutria_japonica",15.251003037199,53.7213119615159,9.19963645935059,26.233325958252,24.6557750701904,17.1140174865723,4.26640796661377,34.9130363464355,26.6689872741699,210.825592041016
"Reynoutria_japonica",15.3253755794682,47.1514472399423,9.79903125762939,30.3767738342285,29.4598388671875,19.2686157226562,0.131267502903938,29.0176944732666,49.5946960449219,333.237731933594
"Reynoutria_japonica",15.3472472428064,47.1165935706236,9.65345191955566,30.3492412567139,29.4772796630859,19.1273040771484,-0.022116145119071,36.1658363342285,50.5638771057129,420.063415527344
"Reynoutria_japonica",15.3475214449632,54.0962863026378,9.31367301940918,23.1123924255371,22.959020614624,17.1932125091553,4.24859619140625,34.6388702392578,27.2084808349609,211.652130126953
"Reynoutria_japonica",15.3881769129325,47.3717181640814,6.91614007949829,30.6963691711426,28.9104461669922,16.200216293335,-2.52025556564331,45.9526596069336,47.2668952941895,460.957550048828
"Reynoutria_japonica",15.399014336635,61.1686921143145,4.35466527938843,25.8885555267334,29.3175354003906,14.6023979187012,-1.30238282680511,27.0464935302734,37.0261154174805,238.264465332031
"Reynoutria_japonica",15.3998797152519,68.5153186536466,2.44787693023682,16.7268676757812,17.5281982421875,0.0741161033511162,7.39445209503174,82.8354797363281,34.1627311706543,277.837921142578
"Reynoutria_japonica",15.4180904528956,47.3624060093846,5.56542015075684,30.8557415008545,28.7390403747559,14.7791290283203,-3.78489255905151,48.5439987182617,47.0886421203613,477.527709960938
"Reynoutria_japonica",15.4526871413808,46.8098979096781,10.509596824646,30.1139717102051,29.7963676452637,20.0861339569092,0.712980329990387,45.3028717041016,42.7314147949219,449.626922607422
"Reynoutria_japonica",15.4528766295217,47.2469225306971,7.35927391052246,30.6434020996094,29.0661087036133,16.6871662139893,-2.13938188552856,42.6384010314941,50.431037902832,474.658752441406
"Reynoutria_japonica",15.482969781419,48.2971897873386,9.21366596221924,29.9974689483643,28.4241218566895,18.5018348693848,-0.201253339648247,37.2267303466797,42.5188293457031,319.863525390625
"Reynoutria_japonica",15.5113651003396,48.1413582913915,10.4637832641602,29.913537979126,28.7090263366699,19.8444137573242,5.70514345169067,41.1502113342285,40.1918640136719,335.002075195312
"Reynoutria_japonica",15.5120193991376,47.3328033441798,6.97374534606934,30.625358581543,28.9574413299561,16.2808437347412,-2.4885630607605,38.8752021789551,45.1733627319336,365.5458984375
"Reynoutria_japonica",15.5311382132968,57.6374103064016,7.00940799713135,26.0880908966064,25.5141468048096,15.800238609314,1.55032157897949,30.7280941009521,31.1909160614014,218.443389892578
"Reynoutria_japonica",15.5473493218266,68.4452406356986,3.01845526695251,17.4055423736572,18.730655670166,0.419690936803818,8.33392810821533,81.4205169677734,32.1394348144531,271.905212402344
"Reynoutria_japonica",15.5531386228459,46.8473313142098,11.0989036560059,29.9774208068848,29.8411102294922,20.7146453857422,1.25394201278687,34.2419776916504,42.9171333312988,344.917541503906
"Reynoutria_japonica",15.5573198734159,53.9062157807315,9.06079006195068,25.3713340759277,24.1956233978271,16.975378036499,4.07838439941406,36.4506340026855,28.2312431335449,229.913421630859
"Reynoutria_japonica",15.5582169719272,68.7218245906491,4.40916776657104,17.0822792053223,17.7182216644287,1.99548399448395,9.39920806884766,67.414680480957,33.0504760742188,228.911712646484
"Reynoutria_japonica",15.5671983177558,47.3576028133614,5.44875621795654,30.7910213470459,28.7356147766113,14.6697196960449,-3.90756869316101,43.162166595459,47.4991683959961,442.620910644531
"Reynoutria_japonica",15.606081628714,47.0187577864267,10.1713380813599,30.0917167663574,29.6097679138184,19.7055912017822,0.415651798248291,35.0628700256348,46.6648788452148,379.634826660156
"Reynoutria_japonica",15.6105975244818,46.6485520421442,10.8493747711182,29.972713470459,29.9052696228027,20.4719123840332,0.99809718132019,44.3009872436523,36.232063293457,360.969787597656
"Reynoutria_japonica",15.6332664312733,51.836863180337,9.99115085601807,28.2978248596191,26.7008571624756,19.0375118255615,5.28008937835693,33.5702590942383,29.4727802276611,211.251678466797
"Reynoutria_japonica",15.6508608628877,56.4451495156206,7.88606452941895,23.060941696167,23.1030693054199,15.7174434661865,2.47419142723083,32.5759048461914,24.522123336792,179.673217773438
"Reynoutria_japonica",15.6807075560532,47.0258160709275,10.3167104721069,30.0183391571045,29.6368370056152,19.8696250915527,0.537029027938843,31.9202823638916,47.7458229064941,354.767150878906
"Reynoutria_japonica",15.710593866366,46.7095619408399,11.4039096832275,29.8119277954102,29.9212608337402,21.0621185302734,1.5062290430069,38.6845169067383,37.1167869567871,320.820129394531
"Reynoutria_japonica",15.7146894788846,48.3881973906849,10.9770078659058,29.6338958740234,28.7237071990967,20.3918952941895,6.18133640289307,24.7403297424316,46.3999328613281,247.023986816406
"Reynoutria_japonica",15.7149924041879,50.9789457967237,8.35846710205078,29.2154636383057,27.4418144226074,17.470588684082,3.65385890007019,57.0476226806641,27.6448516845703,336.806762695312
"Reynoutria_japonica",15.7180366692779,50.7231833758357,3.62627911567688,30.0956954956055,26.9853820800781,12.4954805374146,-1.0538729429245,65.5913391113281,22.377908706665,340.419097900391
"Reynoutria_japonica",15.7224967519382,47.2438192052867,9.57862854003906,30.0947761535645,29.3933258056641,19.0670680999756,-0.113799177110195,34.893741607666,48.2453536987305,365.248840332031
"Reynoutria_japonica",15.7355679414305,50.6612668205991,5.37024164199829,29.8677883148193,27.2814865112305,14.3486824035645,0.685981214046478,63.4928932189941,19.7236270904541,356.366302490234
"Reynoutria_japonica",15.7474272890717,68.7208286237241,4.15408182144165,17.6523685455322,18.690372467041,1.56054282188416,9.44379615783691,60.3583984375,32.2396278381348,208.335052490234
"Reynoutria_japonica",15.7612404412465,48.3258898835212,10.5769681930542,29.769868850708,28.7139587402344,19.984712600708,1.02303373813629,30.4527988433838,44.1410598754883,285.404907226562
"Reynoutria_japonica",15.7847225354418,53.8827782909262,8.94566631317139,25.5675868988037,24.3574867248535,16.8767433166504,3.95785880088806,34.8453636169434,30.3415946960449,235.523300170898
"Reynoutria_japonica",15.8114983873309,50.9439471626049,7.89044857025146,29.3093357086182,27.4598503112793,16.9932250976562,3.17943835258484,57.0379295349121,25.6054000854492,324.497985839844
"Reynoutria_japonica",15.8421710285343,46.6599673489725,11.2206544876099,29.7674102783203,29.8901062011719,20.8724517822266,1.32954978942871,46.2475280761719,34.2179870605469,348.523498535156
"Reynoutria_japonica",15.8821960760331,58.8513153702602,7.15294981002808,26.3144359588623,27.4055442810059,16.5767688751221,1.55973649024963,28.6208934783936,29.4637203216553,201.540802001953
"Reynoutria_japonica",15.8867015261335,68.5799348375292,2.54158425331116,18.4752292633057,20.3901634216309,-0.351192116737366,8.34706115722656,74.1558609008789,33.8498992919922,263.758392333984
"Reynoutria_japonica",15.9123033423716,57.269252008914,7.66317892074585,23.8157405853271,24.0686492919922,16.286283493042,2.18457722663879,26.7423057556152,28.1868019104004,185.350219726562
"Reynoutria_japonica",15.9242832967163,56.2319420237962,8.52766895294189,19.3317337036133,21.3980236053467,5.85940885543823,3.07186198234558,29.6053657531738,22.8831729888916,150.048370361328
"Reynoutria_japonica",15.9260851946682,60.9147721849639,4.25857067108154,26.0895366668701,29.1282062530518,14.4116201400757,-1.4080958366394,28.3254585266113,36.187141418457,237.52131652832
"Reynoutria_japonica",15.9377448790728,53.4816520081712,8.76049327850342,27.3904571533203,25.6662311553955,17.5356712341309,3.86380386352539,35.6502571105957,26.3686256408691,223.723770141602
"Reynoutria_japonica",15.9676716934447,57.1435404588596,7.64106941223145,22.770191192627,23.4843006134033,16.1873874664307,2.1631121635437,28.0090351104736,27.1111755371094,189.084411621094
"Reynoutria_japonica",15.9976994920406,48.0086066602379,9.03682708740234,30.0952320098877,28.7738838195801,18.425199508667,-0.495493352413177,43.0133666992188,32.2902412414551,288.53271484375
"Reynoutria_japonica",16.0656363503076,51.0676867115066,8.58964347839355,29.1407585144043,27.4949932098389,17.7366847991943,-0.524500370025635,34.9059753417969,39.1979751586914,271.725738525391
"Reynoutria_japonica",16.0732620695973,46.7475382362609,11.5249366760254,29.6223526000977,29.877477645874,21.2116966247559,1.59487366676331,39.2180709838867,34.2313499450684,294.613098144531
"Reynoutria_japonica",16.1311702110767,53.8772039140774,8.91951274871826,26.0391368865967,24.7215538024902,16.8899669647217,3.90312314033508,31.3769416809082,29.6288414001465,220.453277587891
"Reynoutria_japonica",16.1344868859383,61.7846925736075,5.35453796386719,24.6961612701416,29.2031707763672,15.6562995910645,-0.338072180747986,22.6248474121094,38.9964485168457,197.095611572266
"Reynoutria_japonica",16.1623355274893,59.5028373805161,6.99064016342163,26.6007308959961,28.8004055023193,16.8919792175293,1.33259761333466,28.9918117523193,31.991174697876,213.696380615234
"Reynoutria_japonica",16.1669944333538,50.9434347803361,8.91297817230225,29.1399593353271,27.6768188476562,18.1115989685059,0.740525484085083,34.5347747802734,38.4846000671387,261.015808105469
"Reynoutria_japonica",16.1671686964494,58.4401936551864,7.37579774856567,25.1319904327393,26.073335647583,16.5115528106689,1.81019771099091,29.194164276123,28.8464832305908,204.492233276367
"Reynoutria_japonica",16.2064220129563,61.9031306805585,4.33419227600098,24.6984882354736,29.1371765136719,14.5893249511719,-1.3253082036972,27.2612705230713,37.317813873291,221.600006103516
"Reynoutria_japonica",16.2501173583367,68.6364753560964,1.95836472511292,19.6525058746338,22.4766025543213,-1.30026352405548,8.39438724517822,51.7827758789062,29.9646377563477,209.768753051758
"Reynoutria_japonica",16.2569438552193,68.6046645847187,2.06997871398926,19.6943511962891,22.6524982452393,-1.22270584106445,8.55533027648926,56.9458808898926,31.1410026550293,222.870971679688
"Reynoutria_japonica",16.2569903430188,51.0307746625376,9.34334850311279,29.042444229126,27.686014175415,18.5584945678711,0.135049417614937,33.0512008666992,41.0994262695312,265.577392578125
"Reynoutria_japonica",16.2922943986714,59.8636542034529,6.51040554046631,26.6262626647949,29.2184295654297,16.5695858001709,0.833324074745178,26.3834342956543,32.0201568603516,196.017028808594
"Reynoutria_japonica",16.3402978087583,50.8846159896327,9.13293838500977,29.1237640380859,27.7763290405273,18.362117767334,-0.105512179434299,32.5678100585938,41.584285736084,260.017883300781
"Reynoutria_japonica",16.3506070943354,50.2955648493117,6.20156002044678,29.5825443267822,27.6957931518555,15.3184299468994,1.48885977268219,48.3342132568359,28.707181930542,325.893371582031
"Reynoutria_japonica",16.3588853200377,51.0429189365825,9.39278411865234,28.9945812225342,27.6780414581299,18.6157779693604,0.183601573109627,32.1921882629395,42.9933586120605,269.289794921875
"Reynoutria_japonica",16.3672364700368,50.3562469948217,5.77259159088135,29.6668891906738,27.6161785125732,14.8618907928467,1.05531454086304,51.7190589904785,31.7376155853271,348.568267822266
"Reynoutria_japonica",16.3759683603856,62.0946442627889,3.89451169967651,24.3588123321533,29.0551242828369,14.1358699798584,-1.77422904968262,29.6666355133057,34.9947891235352,225.364044189453
"Reynoutria_japonica",16.3993463896058,47.7973617544786,10.9583358764648,29.7178192138672,29.4112186431885,20.5873794555664,1.13405644893646,34.089786529541,35.7400245666504,252.075775146484
"Reynoutria_japonica",16.4360533439432,50.3612624749954,6.20368766784668,29.5951251983643,27.6875305175781,15.3274631500244,1.47686588764191,46.3459777832031,34.6549758911133,309.370239257812
"Reynoutria_japonica",16.4856160857164,50.2116677593788,6.04794406890869,29.613489151001,27.66725730896,15.1659860610962,1.32491147518158,46.0953407287598,28.815393447876,311.702209472656
"Reynoutria_japonica",16.4871265403884,57.3437386983417,8.09584140777588,18.7935619354248,21.9723472595215,16.6121711730957,2.56762194633484,28.9090824127197,24.5666179656982,182.396041870117
"Reynoutria_japonica",16.4932651421901,54.0568484675176,8.70052623748779,25.3425598144531,24.329402923584,16.6674556732178,3.60360956192017,29.804328918457,31.2838134765625,217.132995605469
"Reynoutria_japonica",16.5158708709577,51.1272919075208,9.71154499053955,28.8603839874268,27.6610908508301,18.9657669067383,0.48677322268486,29.4118576049805,43.4587059020996,248.568939208984
"Reynoutria_japonica",16.5763871714547,49.2800179534269,9.7098503112793,28.8681087493896,28.3294868469238,19.1217269897461,0.192767098546028,25.8769874572754,43.3277778625488,225.461364746094
"Reynoutria_japonica",16.5814231772124,50.3871249832328,8.60065364837646,29.2315063476562,28.0196514129639,17.8756980895996,3.84203290939331,35.3566131591797,37.9562149047852,257.374206542969
"Reynoutria_japonica",16.5893170123532,47.8882339661274,10.5881261825562,29.6971454620361,29.4252319335938,20.2405529022217,0.742133378982544,35.8531761169434,31.2362747192383,238.643585205078
"Reynoutria_japonica",16.5961698802916,51.0964108483515,9.65837287902832,28.8714981079102,27.7155952453613,18.9218463897705,0.421187430620193,30.2927055358887,44.4323272705078,257.899566650391
"Reynoutria_japonica",16.6567283277884,50.9821705128552,9.63004779815674,28.9713439941406,27.7918224334717,18.91259765625,0.352321535348892,28.9702587127686,44.5230445861816,244.923950195312
"Reynoutria_japonica",16.6900484277058,61.3819160123516,5.39273118972778,23.2454147338867,27.5003852844238,14.4224910736084,-0.343643993139267,33.0201416015625,30.9115447998047,229.272476196289
"Reynoutria_japonica",16.7080557590912,58.5104141647836,7.59779739379883,22.6283683776855,24.9243659973145,16.6989402770996,1.97984313964844,26.3804225921631,29.7217655181885,187.171295166016
"Reynoutria_japonica",16.7168935908037,47.9536446985901,11.3272409439087,29.5380363464355,29.6218929290771,21.0604209899902,1.3833976984024,30.0250358581543,29.7830677032471,188.891860961914
"Reynoutria_japonica",16.7179235243159,54.0056613656134,8.20540714263916,26.2240314483643,24.8438415527344,16.1897506713867,3.11273717880249,34.8320007324219,31.4806995391846,251.036895751953
"Reynoutria_japonica",16.755742633453,54.5028345823531,8.97831344604492,21.5420417785645,22.4130992889404,16.9157485961914,3.73402667045593,33.1094589233398,31.0819339752197,215.980987548828
"Reynoutria_japonica",16.7668729753696,49.3099128833927,8.52826118469238,28.9814052581787,28.2434272766113,17.8906173706055,-0.934393703937531,30.8215522766113,41.6064376831055,253.762161254883
"Reynoutria_japonica",16.7688321287418,52.4546058700877,9.47759819030762,27.8725109100342,26.8433685302734,18.6340293884277,4.63379621505737,27.8014125823975,34.4557838439941,194.571014404297
"Reynoutria_japonica",16.7739683255704,52.3375172771325,9.55618572235107,27.838357925415,26.9396514892578,18.7273445129395,4.71935558319092,27.5658359527588,34.873664855957,194.392944335938
"Reynoutria_japonica",16.7880291408397,61.6588768899658,4.93847894668579,22.6903705596924,27.2442073822021,13.993052482605,-0.794470608234406,31.885929107666,30.2760791778564,216.497589111328
"Reynoutria_japonica",16.7964601688422,50.2284902399808,5.05608320236206,29.725887298584,27.5782470703125,14.1418008804321,0.315178096294403,57.6152458190918,38.8459739685059,408.040466308594
"Reynoutria_japonica",16.8083553251678,48.6675213754702,10.8504734039307,29.0937900543213,29.0750408172607,18.936164855957,6.30959987640381,28.243200302124,34.182731628418,191.142211914062
"Reynoutria_japonica",16.8449786204075,49.6145037216772,8.18412685394287,28.9735736846924,28.1198024749756,17.4976005554199,-1.23294579982758,34.7688484191895,40.5621910095215,265.152374267578
"Reynoutria_japonica",16.8861903059401,62.5575099072081,4.23382520675659,23.7336368560791,29.4436798095703,13.5729579925537,-1.52141332626343,29.8739757537842,32.2080726623535,210.351150512695
"Reynoutria_japonica",16.9156905544333,48.6598998438794,11.0420732498169,28.9926528930664,29.2282543182373,19.1691284179688,6.49701976776123,28.3389167785645,33.181224822998,187.72998046875
"Reynoutria_japonica",16.9161224408333,60.9244719796996,6.26453542709351,23.5579223632812,27.5630874633789,16.1721706390381,0.498522311449051,28.2597637176514,31.391040802002,210.143905639648
"Reynoutria_japonica",16.9278480948792,60.6733743354613,6.23489618301392,24.4363021850586,28.0376853942871,16.1782073974609,0.487472981214523,30.8263530731201,32.4921722412109,225.713226318359
"Reynoutria_japonica",16.9527870987264,48.5303366944044,11.1589488983154,29.0882587432861,29.3871517181396,20.8570232391357,6.62605333328247,30.6484718322754,31.4788913726807,194.86164855957
"Reynoutria_japonica",16.9647036132823,57.1443752075335,8.3585262298584,13.5790061950684,19.8388137817383,16.4638576507568,2.79077959060669,25.8778343200684,23.8743438720703,136.880096435547
"Reynoutria_japonica",16.9893730077822,48.354477837352,11.2196407318115,29.1738166809082,29.5696296691895,20.972110748291,6.68595600128174,34.1916236877441,29.7184314727783,208.053085327148
"Reynoutria_japonica",17.0934794595184,54.3092379069048,8.30768013000488,25.2858753204346,24.3627300262451,16.3069171905518,3.13725638389587,36.3091773986816,30.7630271911621,242.486679077148
"Reynoutria_japonica",17.0938883261854,61.6638690189193,6.11921501159668,20.4757862091064,25.9157657623291,15.1698904037476,0.31986990571022,31.9658355712891,26.6021289825439,191.085174560547
"Reynoutria_japonica",17.0978590849592,61.222690519728,6.3689398765564,21.0043754577637,26.0425682067871,15.3320159912109,0.575411796569824,30.2736949920654,28.3076229095459,197.498626708984
"Reynoutria_japonica",17.1173047496284,58.8739995379124,7.35375595092773,21.9004383087158,24.9728946685791,16.5864295959473,1.69337260723114,25.4386825561523,31.2362728118896,182.470489501953
"Reynoutria_japonica",17.1233539889187,50.1794733588581,4.89973545074463,29.701904296875,27.5568943023682,13.9801301956177,-4.22506189346313,53.6330337524414,44.587474822998,423.681396484375
"Reynoutria_japonica",17.1367452989067,69.3195092874956,3.24665760993958,19.8233966827393,20.6915855407715,0.310266703367233,9.07816791534424,51.5353393554688,29.4669914245605,186.649887084961
"Reynoutria_japonica",17.1451058113378,59.8443468092651,6.54375553131104,25.6135540008545,28.466438293457,16.4280052185059,0.819141864776611,26.6773643493652,33.8514251708984,201.105422973633
"Reynoutria_japonica",17.1707819799276,69.2820673144519,2.52123713493347,20.0055847167969,21.3797264099121,-0.53252387046814,8.56130313873291,57.3951072692871,28.7410755157471,207.866165161133
"Reynoutria_japonica",17.1711076543922,62.6505622683296,4.42510366439819,23.1715869903564,29.2166862487793,13.8127746582031,-1.3790180683136,29.8574123382568,29.9691047668457,193.988616943359
"Reynoutria_japonica",17.1770366981886,54.6472985193912,8.91744041442871,22.8987216949463,23.1065044403076,16.9067783355713,3.66483449935913,34.1275291442871,31.4697303771973,227.876037597656
"Reynoutria_japonica",17.2033486448942,47.8037082196603,11.5949811935425,29.2911071777344,30.0755939483643,21.4772853851318,7.06839370727539,34.642635345459,28.8877716064453,213.363677978516
"Reynoutria_japonica",17.2173019598623,54.5609597762941,8.65822696685791,23.8552398681641,23.5812530517578,16.6583957672119,3.43318128585815,34.8128929138184,31.2473793029785,229.843200683594
"Reynoutria_japonica",17.2214322978298,50.3552604995704,9.07902431488037,29.0746631622314,28.1001510620117,18.4031715393066,-0.339356929063797,35.8415985107422,49.5990524291992,343.495635986328
"Reynoutria_japonica",17.2216284700544,50.6421301494072,9.41778945922852,28.9734401702881,28.0092716217041,18.742919921875,0.0373160652816296,31.4740715026855,48.084114074707,288.892425537109
"Reynoutria_japonica",17.2237185351597,47.8828543202921,11.5438070297241,29.2357578277588,30.0889873504639,21.433931350708,6.99157953262329,34.404613494873,27.9056415557861,210.971572875977
"Reynoutria_japonica",17.2363805405341,58.9663320291688,7.16662836074829,22.3462142944336,25.3589649200439,16.4608097076416,1.49801099300385,26.5081405639648,32.5642776489258,193.727722167969
"Reynoutria_japonica",17.2999077149686,50.1112729478556,5.7824182510376,29.4723129272461,27.7066822052002,14.9143695831299,-3.4294900894165,38.5003280639648,45.3144149780273,330.375427246094
"Reynoutria_japonica",17.3046286696909,49.8931201013259,7.22894906997681,29.1223487854004,27.9882354736328,16.462194442749,-2.12901020050049,48.1479530334473,40.8095779418945,351.334869384766
"Reynoutria_japonica",17.3379101419377,59.2226388304006,7.04221868515015,23.745964050293,26.4798393249512,16.5160007476807,1.35635614395142,25.1162357330322,33.7535781860352,194.129974365234
"Reynoutria_japonica",17.3577315067624,50.2082162149025,6.8315281867981,29.3615760803223,27.8048477172852,16.0195217132568,-2.44048166275024,37.007152557373,50.6023979187012,368.091125488281
"Reynoutria_japonica",17.3715958977974,62.5893664360689,4.87370300292969,22.4571971893311,28.6331672668457,14.2598972320557,-0.966078400611877,31.1024932861328,28.674768447876,190.800369262695
"Reynoutria_japonica",17.4132004406053,62.585648143907,5.12013483047485,22.2624073028564,28.5161972045898,14.5142288208008,-0.732172548770905,30.6471519470215,28.0132675170898,180.695526123047
"Reynoutria_japonica",17.4491762422579,69.3430819935937,3.54633736610413,19.864049911499,20.7638874053955,4.2259955406189,9.39962196350098,47.4809417724609,27.5899314880371,175.579391479492
"Reynoutria_japonica",17.4658965394081,48.5008238257676,10.6163864135742,28.8507041931152,29.6488552093506,20.4106540679932,6.00563764572144,30.0451755523682,26.2099723815918,177.157836914062
"Reynoutria_japonica",17.4999987602988,48.5918232645309,9.77844047546387,28.9045944213867,29.4427947998047,19.5056762695312,5.16096782684326,36.4769897460938,29.2912120819092,221.64697265625
"Reynoutria_japonica",17.5130366523972,48.9727921729606,10.2198257446289,28.55491065979,29.0980339050293,19.8743877410889,5.57918119430542,35.6404724121094,35.4840965270996,233.200378417969
"Reynoutria_japonica",17.5719626387806,54.339185320848,8.22969150543213,25.9728260040283,24.9404716491699,16.2890663146973,3.05371785163879,34.478401184082,31.3663291931152,235.165649414062
"Reynoutria_japonica",17.6067086102366,50.1458977283203,8.56049728393555,28.9629936218262,28.0554161071777,16.3483848571777,-0.865391373634338,31.1023998260498,45.4530410766602,274.813537597656
"Reynoutria_japonica",17.6099268395333,48.9350934279263,9.64791488647461,28.61594581604,29.0843200683594,19.2768230438232,5.00948715209961,37.9031524658203,39.026309967041,262.420806884766
"Reynoutria_japonica",17.6190972349246,69.3502092061684,1.83352744579315,19.9215774536133,21.1081123352051,2.51888155937195,4.24286890029907,55.0777397155762,28.2179012298584,204.070495605469
"Reynoutria_japonica",17.7194575429312,47.700146129242,11.4919319152832,29.2301712036133,30.5090732574463,21.5117645263672,6.88019466400146,34.0557174682617,26.7066860198975,205.256378173828
"Reynoutria_japonica",17.7349902877671,69.3413131191682,2.27134084701538,19.9421443939209,21.3601322174072,2.94334745407104,4.73782587051392,53.2556228637695,26.9849796295166,204.366592407227
"Reynoutria_japonica",17.7368500246595,60.0482653148036,6.76523160934448,22.3497982025146,26.4225387573242,16.3832912445068,0.975394546985626,25.6676712036133,34.7823829650879,199.535614013672
"Reynoutria_japonica",17.7482659853152,54.0368927021755,7.97805643081665,27.1472911834717,25.8822784423828,16.8457908630371,2.85709500312805,32.4991989135742,32.2281150817871,237.314163208008
"Reynoutria_japonica",17.7809402160243,69.4937887366836,2.9397509098053,19.3608665466309,19.6274909973145,3.66689562797546,5.04917335510254,53.0558128356934,26.5689792633057,201.339569091797
"Reynoutria_japonica",17.7889368092123,69.2166925522331,3.37278890609741,20.3938846588135,23.2777519226074,3.96284699440002,6.22045469284058,50.7622566223145,26.3393135070801,197.615341186523
"Reynoutria_japonica",17.8504102126834,60.2023408134587,6.73311519622803,20.8011035919189,25.6147193908691,16.2366371154785,0.916230499744415,26.552188873291,32.6966857910156,194.771209716797
"Reynoutria_japonica",17.8570589925823,52.0527754224808,9.49665069580078,27.622371673584,27.375020980835,18.8582592010498,4.56128931045532,26.8900699615479,39.7422523498535,208.979583740234
"Reynoutria_japonica",17.8734346560075,50.20520843627,9.38461208343506,28.7643051147461,28.0847721099854,17.221773147583,-0.0922587886452675,31.3179302215576,44.9651641845703,272.726776123047
"Reynoutria_japonica",17.8762764759988,58.9755545513736,7.27227783203125,19.5145454406738,23.7881965637207,16.3617706298828,1.57039999961853,25.69091796875,30.3907985687256,167.954544067383
"Reynoutria_japonica",17.8927558498242,49.1265178834493,8.95965576171875,28.3358478546143,28.8234996795654,16.9703521728516,4.294602394104,42.3745880126953,30.4655838012695,258.042724609375
"Reynoutria_japonica",17.9160111908218,58.846718536673,7.5297269821167,18.2869834899902,23.0668334960938,4.34328508377075,1.82791364192963,23.7115287780762,29.8269939422607,153.353790283203
"Reynoutria_japonica",17.9168545391825,49.1261615206853,9.15353202819824,28.294620513916,28.8415603637695,17.1818923950195,4.48793745040894,38.9364700317383,28.7494716644287,235.117279052734
"Reynoutria_japonica",17.9176697055401,53.8137601224356,8.34066390991211,27.3201065063477,26.3308143615723,17.3323020935059,3.237948179245,26.9424953460693,35.1757545471191,211.917266845703
"Reynoutria_japonica",17.9318206207878,59.747609262659,6.84545183181763,21.8416957855225,25.8395309448242,16.3171119689941,1.06451141834259,24.0170345306396,36.5202674865723,196.463150024414
"Reynoutria_japonica",17.9483079758694,50.0826727484274,9.45143604278564,28.6596851348877,28.129524230957,17.302360534668,-0.0601427741348743,30.4856472015381,45.6168479919434,271.145599365234
"Reynoutria_japonica",17.9580343368143,54.5210596829156,8.08678340911865,24.4404354095459,24.2010631561279,16.1688137054443,2.8512659072876,33.1038131713867,33.0071716308594,235.596801757812
"Reynoutria_japonica",17.9588397764096,59.7813823084602,6.80871391296387,21.4360542297363,25.6137981414795,16.2595958709717,1.01986813545227,25.3783531188965,36.3347244262695,203.251007080078
"Reynoutria_japonica",18.0021993845502,54.1269662455074,7.93642997741699,26.3002872467041,25.4966583251953,16.7575454711914,2.77523756027222,30.9830589294434,33.1309127807617,228.665893554688
"Reynoutria_japonica",18.0502716203885,50.0476630217227,9.73066520690918,28.5339241027832,28.1540603637695,17.5975303649902,0.194043874740601,31.008659362793,43.7443962097168,260.228698730469
"Reynoutria_japonica",18.0719053288325,48.1665934418968,11.2432518005371,28.8044090270996,30.3628616333008,19.681827545166,6.5884222984314,33.1864471435547,23.9327201843262,181.854583740234
"Reynoutria_japonica",18.1428907461099,48.883929227184,9.17610740661621,28.3380336761475,29.1838569641113,18.8431854248047,4.50822591781616,47.0941162109375,31.4674968719482,299.886291503906
"Reynoutria_japonica",18.1557681721029,50.5753520673293,9.65329265594482,28.6860618591309,27.9697399139404,17.5020427703857,4.84428071975708,36.0145874023438,40.9112777709961,260.70703125
"Reynoutria_japonica",18.1716155762755,50.599235886649,9.6800479888916,28.6623039245605,27.9471988677979,17.528507232666,4.87063980102539,36.3774108886719,38.7380409240723,250.85026550293
"Reynoutria_japonica",18.194660388353,54.7379157388154,8.54724216461182,21.1937885284424,22.6659202575684,16.639892578125,3.20970511436462,28.0257892608643,33.6524772644043,215.923767089844
"Reynoutria_japonica",18.1966426825854,60.180367467068,6.80658340454102,17.9904537200928,24.0350875854492,16.0783500671387,0.947667419910431,26.6789646148682,31.5885009765625,189.701553344727
"Reynoutria_japonica",18.2054301809114,48.7586521628098,10.3071708679199,28.287353515625,29.5335826873779,18.5662803649902,5.63595294952393,36.5651779174805,24.2823791503906,200.540985107422
"Reynoutria_japonica",18.2172022944395,57.5759460189093,7.99499034881592,10.6687955856323,18.8505592346191,5.63570499420166,2.34099769592285,23.4902591705322,27.9265289306641,149.372802734375
"Reynoutria_japonica",18.243999961699,54.532214271694,7.9404354095459,22.9655342102051,23.6254482269287,16.5048160552979,2.66165804862976,29.0453643798828,36.2375335693359,238.991058349609
"Reynoutria_japonica",18.2469487965341,48.3466060791925,10.7447700500488,28.6241512298584,30.1444396972656,19.1422634124756,6.07666492462158,34.0919532775879,22.6182479858398,178.954833984375
"Reynoutria_japonica",18.2951015735951,49.4347986415233,7.2861385345459,28.3102207183838,28.2016372680664,16.637601852417,2.60239219665527,57.1671524047852,32.2364234924316,370.842163085938
"Reynoutria_japonica",18.2991955617348,48.4399758038621,10.1019258499146,28.5974922180176,29.9736747741699,18.4520740509033,5.42812871932983,35.934398651123,20.6365871429443,178.838592529297
"Reynoutria_japonica",18.3204221304558,53.0442977044576,9.17554664611816,27.3143863677979,27.2091865539551,18.4813804626465,4.13351058959961,23.1492710113525,44.5062408447266,203.586074829102
"Reynoutria_japonica",18.3334155234637,54.5823582550438,8.29473114013672,21.6719703674316,23.1104373931885,16.8190898895264,2.9860737323761,24.3363761901855,35.5975189208984,204.365356445312
"Reynoutria_japonica",18.3356407014126,54.3484705295106,8.10613059997559,23.6257438659668,24.195972442627,16.7816638946533,2.84936165809631,25.3060703277588,35.5667457580566,206.96028137207
"Reynoutria_japonica",18.3455250826137,50.5383872018493,9.41543102264404,28.636417388916,27.9179859161377,17.2445468902588,4.61972713470459,37.4493179321289,40.5852279663086,265.910034179688
"Reynoutria_japonica",18.3480859606786,60.2424561207156,6.81105661392212,16.3556175231934,23.2367248535156,15.9657516479492,0.924478352069855,26.2618350982666,30.8508529663086,184.238952636719
"Reynoutria_japonica",18.3482241445181,57.2360079927291,8.27155494689941,10.3225336074829,18.7217140197754,5.98145866394043,2.61645317077637,24.0672950744629,27.619441986084,153.715393066406
"Reynoutria_japonica",18.3587759963608,69.248243482606,2.82559466362,20.0805149078369,24.72287940979,3.33249425888062,6.0320520401001,44.2857398986816,25.2308387756348,187.100524902344
"Reynoutria_japonica",18.373113552446,54.1874388855604,7.62864923477173,24.9588146209717,24.9450550079346,16.4049682617188,2.42481565475464,29.0721874237061,36.8743324279785,238.711242675781
"Reynoutria_japonica",18.3835391596128,57.3596588188381,7.97521495819092,10.363959312439,18.7459297180176,5.67489576339722,9.13525199890137,24.7112464904785,27.9732704162598,156.08235168457
"Reynoutria_japonica",18.4016065980263,60.1112175987484,6.82325124740601,16.5170803070068,23.2279529571533,15.9701271057129,0.944770157337189,26.9042816162109,31.8355503082275,192.479721069336
"Reynoutria_japonica",18.4109965399501,49.1186645898556,9.29788875579834,28.0321674346924,28.9074726104736,18.9041404724121,4.61740207672119,47.2200469970703,27.4475555419922,287.791717529297
"Reynoutria_japonica",18.4209663540722,47.6042097419294,10.1606502532959,29.4545402526855,30.7867584228516,20.2298603057861,5.4754433631897,34.6234359741211,21.7459621429443,197.027374267578
"Reynoutria_japonica",18.4382287729066,54.5007462969169,8.29311561584473,21.5057506561279,23.1184196472168,16.831335067749,2.9770336151123,23.2269172668457,36.3511276245117,200.051208496094
"Reynoutria_japonica",18.4543215623309,57.5469674234635,8.07601451873779,10.4571313858032,18.8625507354736,5.74057722091675,9.25802803039551,23.80592918396,28.9205570220947,151.935440063477
"Reynoutria_japonica",18.4615225178823,69.1626529638945,1.77537608146667,20.198413848877,26.101110458374,-2.22474503517151,5.27102279663086,42.5744934082031,23.4435787200928,196.364227294922
"Reynoutria_japonica",18.4627695520779,49.7424855019965,9.37368965148926,28.1571445465088,28.2175254821777,17.2909030914307,-0.261262744665146,49.2437629699707,40.4675369262695,358.734008789062
"Reynoutria_japonica",18.4701751739364,48.1080109860268,10.9310989379883,28.7726917266846,30.564826965332,19.4340782165527,6.24952459335327,33.8635292053223,23.2266483306885,186.956893920898
"Reynoutria_japonica",18.4776410434606,54.3048972507479,8.2469539642334,23.3070640563965,24.1901092529297,16.9495449066162,2.98185563087463,25.1889877319336,37.5862121582031,215.633224487305
"Reynoutria_japonica",18.5031154106603,49.9623222512249,9.51728057861328,28.3722438812256,28.0874729156494,17.3931522369385,-0.0380596928298473,43.4480934143066,38.5374717712402,309.432281494141
"Reynoutria_japonica",18.5047042127155,50.6034215148049,9.40367317199707,28.5269927978516,27.8955192565918,17.2474632263184,4.59652853012085,40.1883277893066,37.3770751953125,264.569976806641
"Reynoutria_japonica",18.5148103157266,49.8682930162521,9.78068256378174,28.2335453033447,28.1718578338623,17.6911067962646,0.166401579976082,40.901741027832,42.0895919799805,317.620727539062
"Reynoutria_japonica",18.5404785773082,54.4667288557179,8.48937034606934,21.3449249267578,23.2029190063477,17.0587711334229,3.17168784141541,22.519718170166,36.1063079833984,192.827011108398
"Reynoutria_japonica",18.5822045482901,48.351953483195,10.1335611343384,28.5569267272949,30.1612319946289,18.5311946868896,5.45465421676636,37.1610336303711,20.6556053161621,193.317733764648
"Reynoutria_japonica",18.5943552835251,48.9422167766965,7.39522552490234,28.3006992340088,28.8947105407715,15.42737865448,2.72083759307861,44.9429664611816,23.1360778808594,260.45166015625
"Reynoutria_japonica",18.6002504790288,59.6557171822615,6.9847412109375,15.448468208313,22.362699508667,15.9744653701782,1.1351466178894,25.4807529449463,32.891471862793,189.390029907227
"Reynoutria_japonica",18.6004973860941,69.1885971062848,2.89853096008301,19.9273071289062,26.0159606933594,-1.10010504722595,6.37643480300903,45.1966133117676,27.9243087768555,190.444137573242
"Reynoutria_japonica",18.6010559557481,48.6267189615946,7.163330078125,28.5969390869141,29.2818069458008,16.8230514526367,2.48724865913391,49.9374122619629,28.9412078857422,311.964691162109
"Reynoutria_japonica",18.6814717350052,49.7070085707506,9.07675075531006,28.1639766693115,28.2146816253662,18.4704189300537,-0.559203088283539,53.414306640625,41.181884765625,395.596984863281
"Reynoutria_japonica",18.7136568752756,69.496151923067,1.32031810283661,18.9551582336426,22.576488494873,-2.02207684516907,4.11536931991577,54.1205635070801,26.6592807769775,216.292510986328
"Reynoutria_japonica",18.7427441028706,59.9329393407131,6.85540962219238,14.038743019104,21.9335060119629,15.5703468322754,0.949342668056488,27.3639526367188,31.6870613098145,188.584838867188
"Reynoutria_japonica",18.7560306944195,59.9574090123053,6.85722684860229,13.7053852081299,21.8052234649658,15.5719842910767,0.944268226623535,27.284330368042,31.4959659576416,187.082260131836
"Reynoutria_japonica",18.7650189949034,49.7041581739916,7.73168420791626,28.3764514923096,28.0167427062988,17.0462875366211,-1.79884552955627,63.7596244812012,40.6177864074707,464.009704589844
"Reynoutria_japonica",18.7658076221987,52.8632022599376,9.07027626037598,27.0369720458984,27.4439067840576,18.4761371612549,0.602403104305267,24.3183994293213,45.1823959350586,209.80339050293
"Reynoutria_japonica",18.8067707391632,69.3798079474995,0.565314471721649,19.2828369140625,23.9459667205811,-3.03519058227539,3.64776158332825,60.2532691955566,26.9530086517334,244.496856689453
"Reynoutria_japonica",18.8279908855656,50.8853409837872,8.96477603912354,28.2186832427979,27.8448390960693,16.8413372039795,4.1137866973877,40.0543060302734,39.1649971008301,272.216735839844
"Reynoutria_japonica",18.8458845180236,57.7637075959734,8.04053020477295,10.1733961105347,18.959114074707,5.68599700927734,2.32894110679626,25.6779289245605,31.9571533203125,166.088180541992
"Reynoutria_japonica",18.8768615037786,48.2964122943592,9.14521789550781,28.6226215362549,30.1410160064697,17.525857925415,4.447181224823,42.3284721374512,20.5544948577881,216.966491699219
"Reynoutria_japonica",18.8796080800834,49.7087945443283,7.98918485641479,28.3829860687256,28.0205173492432,15.8356828689575,-1.54662907123566,50.3613166809082,43.8430023193359,406.969970703125
"Reynoutria_japonica",18.8940751852879,57.7732539239989,8.09993457794189,10.1494398117065,18.9660987854004,16.3991470336914,2.38229966163635,24.6961879730225,31.8480415344238,158.952651977539
"Reynoutria_japonica",18.8951887778979,49.8056703784191,9.04942035675049,28.2792358398438,28.1288566589355,18.41774559021,-0.535206258296967,48.3567047119141,45.015495300293,402.777038574219
"Reynoutria_japonica",18.9710593033388,53.9348838674938,8.73313522338867,24.8431282043457,25.9694480895996,17.7991561889648,3.53040313720703,25.4137420654297,41.804027557373,235.161407470703
"Reynoutria_japonica",18.9831673875546,48.8501316832502,6.16529607772827,28.4282398223877,28.8803386688232,15.7277860641479,1.4788910150528,50.0583534240723,23.7199611663818,304.502777099609
"Reynoutria_japonica",18.9989843973225,48.6854219838052,6.32075071334839,28.5028629302979,29.1664371490479,14.4098148345947,1.6317663192749,51.098258972168,19.2364959716797,280.232849121094
"Reynoutria_japonica",19.0322838393528,48.3468195237378,9.49142837524414,28.4626331329346,30.1783905029297,17.9136009216309,4.78398609161377,39.5280952453613,19.9623680114746,195.707946777344
"Reynoutria_japonica",19.065206339741,49.1233486711164,8.4912109375,28.0099773406982,28.8663902282715,18.1090621948242,3.77353882789612,47.1477661132812,30.6652717590332,306.738647460938
"Reynoutria_japonica",19.0875505615447,48.9402808489464,4.5698413848877,28.5948848724365,28.5439796447754,14.0123949050903,-0.119923166930676,60.9273414611816,27.4944648742676,362.526672363281
"Reynoutria_japonica",19.0938433380156,48.108974123966,10.796425819397,28.6005229949951,30.7590103149414,19.3834972381592,6.07547760009766,33.9385414123535,20.6987724304199,175.829177856445
"Reynoutria_japonica",19.0941542728924,50.729464158654,8.96994304656982,28.2411441802979,27.9162921905518,16.861572265625,-0.494406282901764,36.5597190856934,41.4739418029785,264.437469482422
"Reynoutria_japonica",19.1088639258006,54.0707139594439,9.03244209289551,23.7282791137695,25.4260425567627,18.0409412384033,3.78966903686523,24.8553409576416,40.4012718200684,220.06428527832
"Reynoutria_japonica",19.1640519831583,48.159735870179,10.078893661499,28.6583671569824,30.5859565734863,18.6030788421631,5.35767984390259,37.1110572814941,20.4127540588379,189.675201416016
"Reynoutria_japonica",19.1717834758051,49.3115728259306,5.7181830406189,28.4601573944092,28.223690032959,15.0968255996704,1.00162196159363,63.1391983032227,32.0523262023926,400.427947998047
"Reynoutria_japonica",19.1729643821083,48.2946100943169,8.73293495178223,28.5891780853271,30.1610260009766,17.1302261352539,4.01835632324219,43.4070587158203,23.4658985137939,245.780242919922
"Reynoutria_japonica",19.1873393243774,50.8267013226861,9.01820850372314,28.135196685791,27.9420795440674,16.9326286315918,4.17585563659668,38.1146354675293,39.4873733520508,261.568572998047
"Reynoutria_japonica",19.222384179226,49.0594292509302,5.76094388961792,28.4028263092041,28.5797920227051,15.2515668869019,-2.30834984779358,60.3309173583984,32.8364562988281,371.531768798828
"Reynoutria_japonica",19.2249202637346,53.9466396657979,8.67757987976074,24.6266536712646,26.0995197296143,17.7907314300537,3.46488642692566,27.2894115447998,40.7154846191406,239.84065246582
"Reynoutria_japonica",19.2279697282187,49.6497781285705,8.12591648101807,28.3845825195312,28.1798210144043,17.523811340332,3.66632318496704,51.5839042663574,45.7727355957031,434.615356445312
"Reynoutria_japonica",19.2295979139736,49.5021252153933,5.29347133636475,28.7058372497559,27.9173183441162,14.5674905776978,0.578332424163818,67.9444732666016,36.8650817871094,456.518585205078
"Reynoutria_japonica",19.2606918093411,49.5604866871503,5.37742900848389,28.7090663909912,27.9082641601562,14.6479730606079,1.04177415370941,55.4191055297852,44.5273399353027,458.328918457031
"Reynoutria_japonica",19.2681516296836,48.4797294307852,7.32229614257812,28.5596103668213,29.7212142944336,15.5837755203247,2.60517644882202,53.8674850463867,26.7469081878662,301.187194824219
"Reynoutria_japonica",19.3097654235516,49.7034423872876,8.07989120483398,28.4409675598145,28.16774559021,17.4724216461182,3.34021019935608,54.6218338012695,41.8032684326172,419.616363525391
"Reynoutria_japonica",19.3771468017225,53.998381911996,8.95035076141357,24.2385864257812,26.0920372009277,18.0975074768066,3.70996856689453,27.3370361328125,39.6253776550293,233.914443969727
"Reynoutria_japonica",19.3898292412915,49.6226461452684,6.83724308013916,28.5688762664795,28.0966396331787,16.194637298584,2.43191528320312,53.5801391601562,44.8239326477051,444.110687255859
"Reynoutria_japonica",19.4959797743529,48.9728965023847,4.1482720375061,28.6634845733643,28.5594825744629,13.591498374939,-3.86061477661133,63.8106346130371,36.1949272155762,425.91162109375
"Reynoutria_japonica",19.5257866354852,49.5526529541023,4.08966493606567,28.9803104400635,27.8063621520996,13.3183164596558,-0.650558352470398,65.5514373779297,38.6517105102539,468.793395996094
"Reynoutria_japonica",19.5329352132552,54.1520013300279,8.35831451416016,23.0509262084961,25.3073329925537,16.7311744689941,3.08316230773926,34.3126602172852,35.2957534790039,264.986450195312
"Reynoutria_japonica",19.5488938978747,48.6954025224261,6.42655754089355,28.4453258514404,29.3353881835938,14.6004734039307,1.69776010513306,52.6663513183594,30.7518711090088,308.27783203125
"Reynoutria_japonica",19.5647652926952,48.937467746926,2.46616053581238,28.9539661407471,28.3995494842529,10.2656946182251,-7.07745885848999,65.2594833374023,31.5747947692871,385.250366210938
"Reynoutria_japonica",19.5784002795528,54.0083232111404,8.79861927032471,24.0323963165283,26.083812713623,17.9464702606201,3.54593086242676,29.6369876861572,40.0821304321289,253.550598144531
"Reynoutria_japonica",19.5802803197574,49.4397140625749,7.36155605316162,28.4412021636963,28.4237174987793,16.838565826416,2.59695053100586,48.2270126342773,37.1052169799805,334.148620605469
"Reynoutria_japonica",19.5881754149467,60.2456907280979,6.9034276008606,10.7902173995972,20.5310878753662,15.6583671569824,0.827458918094635,22.1332702636719,31.8951606750488,163.60188293457
"Reynoutria_japonica",19.6019918061238,48.5064106980232,7.44417285919189,28.45725440979,29.7465896606445,15.7410135269165,2.71045327186584,48.7321395874023,26.1188430786133,272.619934082031
"Reynoutria_japonica",19.6110627762287,49.6193277748612,4.92552042007446,28.9044303894043,27.9054679870605,14.1981811523438,-4.4854998588562,53.9405174255371,43.7476234436035,446.638122558594
"Reynoutria_japonica",19.6256237156267,48.545185077641,7.04416275024414,28.4518985748291,29.6522064208984,15.3050146102905,2.31214737892151,47.4042358398438,27.7297401428223,271.923858642578
"Reynoutria_japonica",19.6266850047031,48.9726881111907,3.52432751655579,28.8218059539795,28.4975051879883,11.3947515487671,-4.44974899291992,57.8075294494629,38.9825782775879,421.104370117188
"Reynoutria_japonica",19.6383176743432,49.8686836983192,8.67617797851562,28.5446357727051,28.2119998931885,18.0962371826172,3.90424633026123,45.8337860107422,45.5851631164551,388.710968017578
"Reynoutria_japonica",19.6450850253574,49.3755962778295,7.23943328857422,28.4427642822266,28.490701675415,16.7386779785156,2.46462416648865,52.5936012268066,43.3414993286133,422.549743652344
"Reynoutria_japonica",19.6609175404976,49.9646134270258,9.52017498016357,28.4727725982666,28.256160736084,17.5056743621826,-0.10327210277319,37.3037185668945,43.9999618530273,305.225708007812
"Reynoutria_japonica",19.6699834694595,48.967140660349,4.65206527709961,28.6327953338623,28.6899566650391,12.61350440979,-5.05829000473022,52.2360458374023,39.8974876403809,386.892608642578
"Reynoutria_japonica",19.6730867495355,49.2125195017915,2.48745846748352,29.0639209747314,28.0205459594727,11.7652072906494,-6.92753124237061,63.3032455444336,45.004566192627,527.73193359375
"Reynoutria_japonica",19.7296657097799,50.0830227720608,9.26073551177979,28.545015335083,28.1766872406006,17.2169952392578,4.48969888687134,38.7295989990234,39.7200126647949,281.700225830078
"Reynoutria_japonica",19.7674694629892,49.3444345035052,6.348557472229,28.5754814147949,28.4714736938477,15.8224983215332,-1.6600706577301,54.633975982666,48.6330108642578,497.338562011719
"Reynoutria_japonica",19.7942794806219,49.5907372055434,7.64880180358887,28.563512802124,28.3808097839355,17.1105461120605,-1.99486899375916,42.5183067321777,47.8016967773438,382.112548828125
"Reynoutria_japonica",19.7982486990201,49.533372459805,6.25731945037842,28.7308483123779,28.2470302581787,15.6699104309082,1.47611284255981,62.6862106323242,41.5575942993164,474.827087402344
"Reynoutria_japonica",19.8118224213665,49.0964983844785,6.41716146469116,28.4417095184326,28.8170928955078,14.4869022369385,1.64845180511475,57.4041404724121,31.9235687255859,360.496948242188
"Reynoutria_japonica",19.8145475368757,51.7808328707528,8.73086929321289,27.1010761260986,28.1023254394531,18.317943572998,0.101439975202084,30.0319995880127,40.9340324401855,227.240188598633
"Reynoutria_japonica",19.8351333049,49.244633123426,2.92188000679016,29.0154685974121,28.1555290222168,12.2434167861938,-6.54311370849609,58.1908721923828,48.8739356994629,533.332336425781
"Reynoutria_japonica",19.8415454368325,49.1169940953029,6.19562482833862,28.4859924316406,28.7883396148682,14.2509994506836,1.42440462112427,59.9397659301758,32.5769844055176,384.733154296875
"Reynoutria_japonica",19.8444598539143,60.1495293479469,6.91184234619141,10.560152053833,20.4299201965332,15.6658554077148,0.810006260871887,21.5149173736572,33.2207374572754,160.30842590332
"Reynoutria_japonica",19.8558648463211,49.8085865380382,8.09380912780762,28.6721706390381,28.228084564209,17.510217666626,-1.49827766418457,42.6882820129395,50.0663871765137,405.794616699219
"Reynoutria_japonica",19.8654283793146,48.2653597113119,10.2210779190063,28.2697906494141,30.5927257537842,18.8117046356201,5.47221326828003,41.0553398132324,32.5430107116699,261.552368164062
"Reynoutria_japonica",19.8690080448812,49.2761978684922,4.76454544067383,28.7650909423828,28.3877086639404,14.1846494674683,-3.17139768600464,54.7432479858398,49.8185043334961,510.849304199219
"Reynoutria_japonica",19.8750177979066,44.2813570452455,12.7619771957397,30.4958076477051,30.6326503753662,20.9449100494385,2.63219594955444,47.5904922485352,24.9085426330566,231.597076416016
"Reynoutria_japonica",19.8800218972015,48.9641360081865,4.89899349212646,28.6490116119385,28.7796325683594,14.4432191848755,-3.20499300956726,57.454963684082,43.2361640930176,455.065704345703
"Reynoutria_japonica",19.8875027768852,49.7455080476512,7.65493774414062,28.6985092163086,28.2877731323242,17.0802192687988,2.87168622016907,47.4505424499512,43.9382400512695,381.5771484375
"Reynoutria_japonica",19.963421003295,49.5230503354677,6.81014537811279,28.6757774353027,28.3935718536377,16.2716808319092,2.01469802856445,61.552188873291,39.2798042297363,448.503997802734
"Reynoutria_japonica",19.9662304128039,49.2830091221051,4.4301700592041,28.8678569793701,28.3522834777832,13.8403472900391,-3.48786497116089,60.2564697265625,50.8997993469238,574.046142578125
"Reynoutria_japonica",19.9697229653846,48.8431616379551,6.72778224945068,28.368444442749,29.2538452148438,14.9150562286377,1.96458661556244,47.3416481018066,36.6248397827148,312.916046142578
"Reynoutria_japonica",19.9761083531244,44.1486551145847,9.80994319915771,30.9536895751953,30.1380424499512,17.7729949951172,-0.0575639009475708,55.8409423828125,32.0435829162598,329.831329345703
"Reynoutria_japonica",19.9775698555857,49.4698328276003,7.34561395645142,28.5848255157471,28.5309257507324,16.8542251586914,2.54628229141235,55.5755310058594,39.1926803588867,397.540405273438
"Reynoutria_japonica",19.9785139830399,49.4296047725532,7.20741510391235,28.5739593505859,28.5582027435303,16.7254333496094,-2.50160622596741,55.5246124267578,46.3439102172852,468.359710693359
"Reynoutria_japonica",19.9828170066036,49.2191397471508,1.63513576984406,29.2616939544678,27.9951515197754,10.8854780197144,-7.7429051399231,73.4608917236328,45.9651069641113,614.061462402344
"Reynoutria_japonica",19.9832764684221,43.9761033495089,11.1273946762085,30.8674049377441,30.2607154846191,19.1374130249023,6.27976655960083,51.6515769958496,21.6923999786377,234.674163818359
"Reynoutria_japonica",19.9854654176704,49.1568957621348,2.83725333213806,29.0455474853516,28.2644691467285,10.6370725631714,-1.9210352897644,75.2649383544922,34.5222015380859,495.047607421875
"Reynoutria_japonica",19.9904449382947,44.0907596090672,8.83041381835938,31.0978584289551,29.9920845031738,16.7155685424805,-0.947248578071594,66.4736938476562,23.2747592926025,316.366027832031
"Reynoutria_japonica",2.00639268536452,45.0765702518755,11.6895446777344,34.0090560913086,24.5221729278564,5.41815519332886,18.6982440948486,77.6492233276367,11.8934917449951,274.221252441406
"Reynoutria_japonica",2.01265456341134,49.1600977165213,11.0990657806396,35.2091102600098,21.9154453277588,8.1645393371582,7.24953746795654,42.9328956604004,14.7448692321777,189.138824462891
"Reynoutria_japonica",2.02125069720789,44.7663348638316,11.2113056182861,34.324649810791,24.6658992767334,4.92882823944092,18.2553024291992,82.9119033813477,12.2763719558716,266.212982177734
"Reynoutria_japonica",2.02152051168572,42.9233581744681,12.5837373733521,34.9503746032715,26.0193138122559,11.4144144058228,20.0308856964111,57.0269165039062,15.1109027862549,184.601593017578
"Reynoutria_japonica",2.03598459277369,50.2118598106089,11.0026340484619,33.7486839294434,19.8210163116455,8.547776222229,9.95058822631836,41.1020240783691,21.7692432403564,224.333923339844
"Reynoutria_japonica",2.03906105346034,44.8043917823085,11.1011095046997,34.2792778015137,24.6415710449219,4.83180236816406,18.1431732177734,85.8324737548828,11.6454744338989,281.605834960938
"Reynoutria_japonica",2.05288637824659,49.5910495515481,10.6894903182983,35.057788848877,21.1488094329834,5.43532371520996,6.87517976760864,41.4998588562012,16.6241149902344,192.081878662109
"Reynoutria_japonica",2.06476575862823,42.7606954726363,8.65448474884033,35.2623634338379,25.8339099884033,7.35633277893066,13.5815172195435,54.9610366821289,14.7227029800415,184.814117431641
"Reynoutria_japonica",2.06957196850975,50.661010709003,10.5199584960938,32.1028251647949,18.6831340789795,8.30608177185059,9.29860591888428,46.7260246276855,22.4690685272217,203.039428710938
"Reynoutria_japonica",2.07660651133934,44.3685997659863,12.3077077865601,34.6838760375977,25.0076885223389,11.3990526199341,19.44309425354,66.2110137939453,9.9173583984375,214.160095214844
"Reynoutria_japonica",2.08633978006035,44.275969353345,12.0172920227051,34.7339973449707,25.0630569458008,11.0967817306519,19.1647300720215,63.6613655090332,10.5167846679688,206.251098632812
"Reynoutria_japonica",2.10734722226497,42.6756537134137,7.44614028930664,35.2944717407227,25.7215251922607,6.10533809661865,-0.0163952503353357,52.5344009399414,14.4385976791382,183.561981201172
"Reynoutria_japonica",2.1139387981252,42.9264700962439,12.6390085220337,34.7699356079102,25.8431606292725,11.4587478637695,20.6635990142822,45.2680473327637,17.8278408050537,144.368194580078
"Reynoutria_japonica",2.11925570868538,42.8882488413275,11.8246870040894,34.8371849060059,25.8297214508057,10.6204328536987,19.2519035339355,55.0481872558594,16.1901626586914,176.977508544922
"Reynoutria_japonica",2.12535690574108,44.2151848396664,11.9528274536133,34.6947479248047,25.1116409301758,11.0178022384644,19.1151657104492,61.7508697509766,11.4775428771973,200.000091552734
"Reynoutria_japonica",2.13006349401239,50.8249947570339,11.1957731246948,31.4604644775391,18.386739730835,9.0326042175293,9.93647384643555,42.055248260498,21.1814727783203,176.032562255859
"Reynoutria_japonica",2.13060933134956,45.7327428837278,9.13036727905273,34.017017364502,23.9801692962646,3.05087041854858,15.9728317260742,74.968376159668,12.4830856323242,254.183990478516
"Reynoutria_japonica",2.13584414174952,45.196536893169,10.7183065414429,33.9188117980957,24.5107021331787,4.47939300537109,17.721305847168,87.9228210449219,11.5700750350952,309.879425048828
"Reynoutria_japonica",2.13592545756332,43.2314618747921,14.7184638977051,34.5889892578125,25.6749725341797,13.6620502471924,22.0862083435059,45.039436340332,17.8906173706055,145.873229980469
"Reynoutria_japonica",2.15434883396355,50.3850704936055,10.9788494110107,33.6300277709961,19.7109451293945,8.54850006103516,9.91358757019043,43.285083770752,22.6389713287354,229.443664550781
"Reynoutria_japonica",2.1672417653288,50.7618159468155,11.1790103912354,31.9807262420654,18.6841239929199,8.95985507965088,9.9600248336792,41.4495048522949,20.1577835083008,172.793121337891
"Reynoutria_japonica",2.17103246383497,43.9616944018373,13.6529140472412,34.6721801757812,25.2984390258789,12.7326545715332,20.8803367614746,49.1055068969727,13.2695007324219,162.423721313477
"Reynoutria_japonica",2.17897763159438,44.3968930010793,11.9907522201538,34.4920501708984,25.0788326263428,11.0698890686035,19.1544208526611,57.1663055419922,11.3606309890747,184.469741821289
"Reynoutria_japonica",2.18118311281588,42.4917119779436,4.84005641937256,35.3289527893066,25.4793128967285,10.5140676498413,-2.50173950195312,44.4448013305664,19.939582824707,246.102310180664
"Reynoutria_japonica",2.18408366746612,42.359845444942,6.45023202896118,35.1150588989258,25.6239814758301,12.1657876968384,-0.94477653503418,32.3593406677246,26.0404834747314,218.623153686523
"Reynoutria_japonica",2.18722007692959,43.6330956775293,13.9519376754761,34.7498626708984,25.378267288208,7.50591373443604,21.2165508270264,55.1115303039551,17.5274486541748,181.161315917969
"Reynoutria_japonica",2.19020921949996,42.3961422834066,2.4690842628479,35.576343536377,25.319896697998,8.04855823516846,-4.77612543106079,34.7843780517578,24.8661766052246,225.518676757812
"Reynoutria_japonica",2.1940777242459,43.3818696131323,11.3510694503784,34.9667663574219,25.2408561706543,5.02739143371582,19.2082786560059,55.3171768188477,20.0727291107178,178.716613769531
"Reynoutria_japonica",2.19495582637289,50.2052715594056,11.0238342285156,34.2929153442383,20.3083572387695,8.46712779998779,10.0312614440918,36.2068710327148,22.7003078460693,211.994079589844
"Reynoutria_japonica",2.19501517737177,42.9152002874083,13.6249713897705,34.389575958252,25.7419586181641,12.4466466903687,21.6647682189941,38.3089866638184,18.5524406433105,120.782867431641
"Reynoutria_japonica",2.19529114359657,44.7751922824077,11.5574932098389,34.1274642944336,24.8596134185791,5.21652841567993,19.3779048919678,61.2524223327637,18.4028072357178,196.926116943359
"Reynoutria_japonica",2.20224462262207,42.5191803286343,7.12847757339478,35.0669250488281,25.631217956543,5.73713731765747,-0.300228923559189,39.5815544128418,17.101526260376,187.967712402344
"Reynoutria_japonica",2.21869141795866,43.5083161626671,13.7738628387451,34.6536445617676,25.3633880615234,12.7653141021729,21.0540466308594,60.5921897888184,17.7523307800293,195.457885742188
"Reynoutria_japonica",2.22383705241583,47.0186321459282,12.4038000106812,33.7116813659668,23.6064548492432,19.972677230835,8.37757301330566,46.6961860656738,13.2157535552979,194.872665405273
"Reynoutria_japonica",2.22409132439741,43.4694022067617,11.7770299911499,34.8374900817871,25.2335739135742,10.7082977294922,19.0126094818115,69.4681396484375,17.992280960083,224.535522460938
"Reynoutria_japonica",2.23285192908609,45.8530070964521,9.90669250488281,33.8991622924805,24.0146179199219,3.7902307510376,5.77988719940186,74.8618316650391,9.58655452728271,270.934875488281
"Reynoutria_japonica",2.24132936088488,46.0060826599326,10.5050172805786,33.8292465209961,23.9269371032715,13.2476615905762,6.4008002281189,70.1388244628906,9.73682117462158,254.521606445312
"Reynoutria_japonica",2.254738966914,45.8245164112783,9.7640209197998,33.8660049438477,24.080997467041,3.63875460624695,5.63011598587036,68.6914825439453,10.1298141479492,252.114639282227
"Reynoutria_japonica",2.26685982151915,43.3863590965668,11.0224418640137,34.7337913513184,25.1528759002686,4.72784948348999,18.867395401001,47.9177398681641,23.3849258422852,155.556335449219
"Reynoutria_japonica",2.27956932273194,42.7269422185067,8.08444404602051,34.5627059936523,25.2249507904053,6.74099922180176,15.9209852218628,60.4771766662598,15.5651979446411,189.419860839844
"Reynoutria_japonica",2.28682423356448,43.3583470084041,12.571346282959,34.559455871582,25.2596988677979,9.20127201080322,20.4686813354492,39.0055541992188,24.7632579803467,127.024749755859
"Reynoutria_japonica",2.29116365383519,42.4893909063559,4.5448145866394,35.0385208129883,25.1696281433105,10.1660928726196,-2.73806118965149,44.9988708496094,18.5519695281982,240.747955322266
"Reynoutria_japonica",2.29808474094035,45.1979078397567,10.4247064590454,33.8515472412109,24.6271896362305,4.16106176376343,17.4634284973145,88.064567565918,10.5180749893188,306.174102783203
"Reynoutria_japonica",2.29980262521948,48.5014305871285,11.7324228286743,34.6317481994629,22.8912925720215,18.968542098999,7.79795932769775,35.6074371337891,15.9617071151733,168.202728271484
"Reynoutria_japonica",2.30354362524105,42.2687440493392,9.47474670410156,34.2699775695801,25.3941459655762,15.2156467437744,2.03972697257996,30.234447479248,24.391902923584,201.032943725586
"Reynoutria_japonica",2.32284248991259,44.4280624024437,11.600643157959,34.3083000183105,25.1354732513428,5.21656799316406,18.7893695831299,72.6886596679688,9.99821472167969,233.805847167969
"Reynoutria_japonica",2.3306847873042,44.0914630593438,12.3066625595093,34.5059127807617,25.2738265991211,11.3569831848145,19.5337219238281,61.9671516418457,10.7558164596558,201.883575439453
"Reynoutria_japonica",2.33079173670671,42.3994025071036,5.22379636764526,34.8136367797852,25.1039161682129,10.8356380462646,-2.06054902076721,33.007999420166,22.1824035644531,197.092895507812
"Reynoutria_japonica",2.33733249372297,42.4795166432121,6.60175752639771,34.4302673339844,25.002965927124,5.15692043304443,-0.709044754505157,44.9845657348633,16.5500621795654,227.861175537109
"Reynoutria_japonica",2.3565814264622,45.2396916724439,10.0858030319214,33.8260803222656,24.628101348877,3.83187294006348,17.1213569641113,96.2146835327148,10.4192838668823,327.433685302734
"Reynoutria_japonica",2.35806346568337,42.5481797612352,11.974024772644,33.8634376525879,25.3230781555176,10.6524238586426,4.46497249603271,36.2336006164551,14.9973964691162,145.56950378418
"Reynoutria_japonica",2.35858043923621,46.0115791449768,10.6348390579224,33.7550086975098,24.0508327484131,13.4101867675781,6.50903367996216,64.7151031494141,11.0941858291626,248.585144042969
"Reynoutria_japonica",2.36035589188421,45.8272141952979,9.4552755355835,33.8617362976074,24.1154251098633,17.0670223236084,5.30983877182007,74.283576965332,10.6735935211182,282.021362304688
"Reynoutria_japonica",2.36718321023717,45.0741811079335,10.5616731643677,33.8545608520508,24.7749462127686,4.26584768295288,17.6415882110596,90.7542572021484,12.1529493331909,287.960083007812
"Reynoutria_japonica",2.3677603191353,42.2441629857905,10.9057559967041,33.8806419372559,25.3125915527344,16.6615867614746,3.4558699131012,33.0373649597168,23.0201396942139,216.322448730469
"Reynoutria_japonica",2.36808782310923,42.451246439421,3.97467494010925,34.7267990112305,24.8421840667725,9.52367401123047,-3.23803615570068,40.1525650024414,19.0794067382812,220.950500488281
"Reynoutria_japonica",2.36890667680258,50.3350781902263,10.6418380737305,34.3271980285645,20.321741104126,8.09165954589844,9.64612197875977,43.0966606140137,21.5105953216553,234.301834106445
"Reynoutria_japonica",2.38285384002367,50.6726510217304,11.1942281723022,33.3531227111816,19.6364803314209,8.77578830718994,10.1159906387329,45.0291748046875,20.2884140014648,199.215621948242
"Reynoutria_japonica",2.38491659147552,43.5303949109777,13.3059816360474,34.2608871459961,25.2148723602295,6.91019773483276,21.2306461334229,57.2904472351074,22.8432464599609,185.513122558594
"Reynoutria_japonica",2.38647312273761,42.8501078834542,11.6430540084839,33.5770378112793,24.8697700500488,8.40717029571533,19.5088443756104,43.8563766479492,22.9863910675049,132.630401611328
"Reynoutria_japonica",2.39073215123014,44.8059043835424,10.2860155105591,34.0089454650879,24.9456100463867,3.96826028823853,17.4177513122559,89.7545394897461,12.8982076644897,285.187561035156
"Reynoutria_japonica",2.40054869615671,42.2148928994821,12.4325313568115,33.5535316467285,25.2621555328369,18.2128314971924,4.95408487319946,29.0569400787354,21.5503311157227,178.831527709961
"Reynoutria_japonica",2.40492186215485,42.9826191518891,11.851188659668,33.677116394043,24.857608795166,8.59231376647949,19.714864730835,38.4493179321289,25.3004627227783,122.202545166016
"Reynoutria_japonica",2.40927709549351,45.3564551320485,10.8061141967773,33.7459945678711,24.6039810180664,4.52830600738525,17.8338718414307,86.3101196289062,11.3197174072266,290.291290283203
"Reynoutria_japonica",2.41397759745911,42.4549193693066,5.45525789260864,34.3786392211914,24.7634811401367,11.0300302505493,-1.78801715373993,39.1901168823242,18.8721122741699,208.08837890625
"Reynoutria_japonica",2.41640262521317,46.0337570444545,10.2430200576782,33.7525634765625,24.065185546875,13.0096302032471,3.94790267944336,69.2223968505859,11.467080116272,270.253173828125
"Reynoutria_japonica",2.41917860644568,42.3957695723073,8.45576953887939,33.8605194091797,24.8361034393311,7.0154447555542,1.13421189785004,37.1333656311035,18.6020889282227,195.012893676758
"Reynoutria_japonica",2.43086204805048,43.2254599193798,15.0061445236206,33.5322380065918,25.0457992553711,11.6095581054688,22.9595890045166,34.9796714782715,25.9935417175293,115.600372314453
"Reynoutria_japonica",2.43449645324448,45.1772546652376,9.67165279388428,33.8046493530273,24.7002925872803,3.41489720344543,16.7252178192139,96.6899719238281,10.2328443527222,327.216003417969
"Reynoutria_japonica",2.44865551775486,45.9409096303138,9.81663227081299,33.791576385498,24.1233501434326,17.4415264129639,3.51180243492126,66.8463973999023,12.2720489501953,271.68359375
"Reynoutria_japonica",2.44901036369954,43.507660476107,12.499005317688,34.2066802978516,25.1166114807129,6.14585733413696,20.3958129882812,57.1711044311523,24.5844593048096,186.039428710938
"Reynoutria_japonica",2.45055436777526,43.2908011218109,14.7554473876953,33.6328392028809,25.0522537231445,11.3569831848145,22.7003154754639,34.2483749389648,26.901029586792,113.620803833008
"Reynoutria_japonica",2.4710587359825,45.8213095011544,9.43949222564697,33.8072738647461,24.2166213989258,6.10573148727417,5.27930355072021,66.5620727539062,11.6718435287476,248.031631469727
"Reynoutria_japonica",2.4792900636244,42.3059221447871,11.9544353485107,33.2934150695801,24.9244327545166,12.8804912567139,4.53662776947021,32.302116394043,19.9175281524658,178.876983642578
"Reynoutria_japonica",2.48293327154501,44.986334633701,9.70812892913818,33.9123382568359,24.8603096008301,3.41343998908997,17.5459613800049,96.4120483398438,14.4294109344482,301.317443847656
"Reynoutria_japonica",2.50685934074856,42.6378837834878,14.0750551223755,32.5954742431641,24.5378150939941,10.8476610183716,21.9524593353271,37.9553871154785,18.4631881713867,116.4365234375
"Reynoutria_japonica",2.51227184957021,45.1973106494155,8.58334732055664,33.8941612243652,24.6795482635498,2.36078262329102,15.6253080368042,100.442825317383,10.5598649978638,340.798583984375
"Reynoutria_japonica",2.51258543542669,45.0749875303835,8.6490478515625,33.9433059692383,24.7663059234619,2.40573024749756,15.7214307785034,105.308799743652,13.3622703552246,329.610076904297
"Reynoutria_japonica",2.51555794345871,42.7056910954248,12.9636669158936,32.6723556518555,24.41819190979,9.76934242248535,20.7992687225342,39.0486602783203,22.1678905487061,117.913604736328
"Reynoutria_japonica",2.52126687126179,45.3012239412993,10.0392389297485,33.7185516357422,24.7007064819336,17.8318157196045,5.80478286743164,86.9289398193359,10.9073638916016,333.833221435547
"Reynoutria_japonica",2.52224156112713,45.4515358952101,10.5416450500488,33.6613883972168,24.6290531158447,7.13082027435303,6.32419013977051,81.6249389648438,12.3333587646484,274.553771972656
"Reynoutria_japonica",2.52274535402968,43.0782188688627,13.7517004013062,32.8943557739258,24.5099010467529,10.4742994308472,21.6058750152588,30.2168464660645,28.6441593170166,100.93204498291
"Reynoutria_japonica",2.53964435764043,43.5112708962595,11.2573118209839,34.0553894042969,24.9185314178467,7.92483425140381,19.1067714691162,52.3759078979492,27.3229656219482,172.916809082031
"Reynoutria_japonica",2.54764884808145,44.9917585758567,8.92294502258301,33.8793716430664,24.8956336975098,2.65186190605164,16.7595920562744,101.509086608887,14.4455966949463,316.048645019531
"Reynoutria_japonica",2.55899608555093,43.3177337150712,14.5936212539673,33.1623840332031,24.7700157165527,11.224796295166,22.5051937103271,29.7815532684326,30.8016681671143,101.265884399414
"Reynoutria_japonica",2.56195462858624,45.2597526120488,8.78802871704102,33.7869644165039,24.6933288574219,2.56414914131165,4.53903532028198,95.4231567382812,10.1578254699707,345.89111328125
"Reynoutria_japonica",2.56216673500598,43.7538032186684,11.0116968154907,34.2206840515137,25.1093826293945,4.68475103378296,18.9085311889648,58.3785400390625,22.798469543457,189.42333984375
"Reynoutria_japonica",2.56470276382856,43.561644914499,10.7720670700073,34.0114288330078,24.8821926116943,4.51415348052979,18.6125793457031,55.7623519897461,26.4357738494873,183.176666259766
"Reynoutria_japonica",2.58715090116291,49.5601058981965,11.1564674377441,34.9053726196289,21.8162822723389,17.9404811859131,7.3099684715271,37.3879508972168,18.1461410522461,187.896850585938
"Reynoutria_japonica",2.58829618535007,45.1716697921117,7.29009342193604,33.9353141784668,24.675350189209,1.11285805702209,14.3214063644409,104.874351501465,11.0788440704346,348.192077636719
"Reynoutria_japonica",2.5887550777079,50.9793607711391,11.2787866592407,32.0998268127441,19.0765647888184,12.326268196106,7.40724420547485,42.4843292236328,19.3708457946777,195.831619262695
"Reynoutria_japonica",2.59291079725445,42.4901797364988,12.0658912658691,32.3941116333008,24.1633110046387,13.0025548934937,4.75506973266602,35.1488952636719,19.216682434082,141.142776489258
"Reynoutria_japonica",2.59876048562872,43.7292263201211,11.3409080505371,34.0290679931641,25.0630683898926,5.01367664337158,19.242603302002,52.7354354858398,24.0251789093018,171.870391845703
"Reynoutria_japonica",2.6012222832268,42.3578024486616,11.2766485214233,32.6184883117676,24.2340431213379,12.2380218505859,3.98613333702087,40.3362808227539,18.1043014526367,194.459671020508
"Reynoutria_japonica",2.6209182434081,42.6039158625931,12.9298515319824,32.1477394104004,24.0261631011963,9.79823112487793,20.6982822418213,49.1191520690918,17.9914665222168,157.994354248047
"Reynoutria_japonica",2.62230523526649,43.6238928220665,10.6340065002441,33.9458656311035,24.8761596679688,4.3795166015625,18.4754600524902,54.8742599487305,26.8133640289307,180.218627929688
"Reynoutria_japonica",2.63678997424154,44.1464856778311,10.2446031570435,34.1335411071777,25.2682342529297,3.87226033210754,17.509069442749,69.4087524414062,11.7141094207764,224.229644775391
"Reynoutria_japonica",2.6400770761689,42.3611584276313,11.754919052124,32.2803611755371,24.0483112335205,12.7197351455688,4.48127555847168,41.0792465209961,17.8980808258057,194.591903686523
"Reynoutria_japonica",2.64801737079192,45.3032335723472,9.07367134094238,33.7033958435059,24.751651763916,2.81594824790955,4.82261180877686,89.2244720458984,10.7359991073608,333.609313964844
"Reynoutria_japonica",2.64909270886831,43.195517557051,15.133469581604,32.3479652404785,24.2705326080322,11.8241176605225,22.9909114837646,31.6187305450439,29.2205772399902,110.587577819824
"Reynoutria_japonica",2.65115980111985,44.8704611684781,10.4600610733032,33.702320098877,25.1601505279541,4.08033084869385,18.4028511047363,87.2672958374023,13.1870403289795,273.597534179688
"Reynoutria_japonica",2.65378807688108,42.4937180085287,13.2997388839722,31.9744834899902,24.0133094787598,14.2270555496216,5.98421478271484,35.3178367614746,18.6063594818115,138.546356201172
"Reynoutria_japonica",2.65942181230005,42.7923946648953,14.7451858520508,31.496789932251,23.796480178833,11.5757369995117,22.5164012908936,27.3607521057129,27.9229125976562,88.6583557128906
"Reynoutria_japonica",2.67230524059551,43.6367329096376,9.71134090423584,33.8040962219238,24.7597560882568,6.42207527160645,17.5262775421143,47.6433868408203,29.7598438262939,157.886108398438
"Reynoutria_japonica",2.68270390724582,45.6977698184649,8.49545001983643,33.7317237854004,24.4332885742188,5.15280961990356,2.14009881019592,73.5196228027344,12.9302730560303,299.969116210938
"Reynoutria_japonica",2.6913635179552,45.6021726773507,8.67534828186035,33.6964645385742,24.5280933380127,16.4112529754639,2.29935073852539,72.7175521850586,12.8053865432739,300.998779296875
"Reynoutria_japonica",2.6933340410304,42.5485809796191,13.7160797119141,31.4922389984131,23.6372604370117,10.6246280670166,21.4383773803711,40.9563293457031,21.9073066711426,129.825317382812
"Reynoutria_japonica",2.69785381070244,45.5363830988191,8.42463970184326,33.7391128540039,24.5625305175781,5.07382917404175,2.04560327529907,84.0016937255859,12.0153036117554,329.748504638672
"Reynoutria_japonica",2.71107458205458,47.3589731863732,11.2746868133545,33.7377967834473,23.752462387085,7.84837484359741,7.23177719116211,45.9650840759277,16.304126739502,226.332046508789
"Reynoutria_japonica",2.71676129303302,42.4810065452536,14.2273139953613,31.2352466583252,23.5750579833984,15.1631135940552,21.9429092407227,41.5801391601562,17.6267871856689,155.111724853516
"Reynoutria_japonica",2.73260234913487,45.6380578494612,8.18714046478271,33.7519149780273,24.4700222015381,15.9029235839844,1.82641410827637,75.8842315673828,13.6734199523926,323.31201171875
"Reynoutria_japonica",2.74018272930163,43.8699311433451,12.4947366714478,33.6694679260254,25.185863494873,9.03638076782227,20.4841804504395,43.3957633972168,24.713207244873,141.577133178711
"Reynoutria_japonica",2.75666875889342,42.7309188417463,15.425971031189,30.3682613372803,23.0708904266357,12.3370962142944,23.0976295471191,27.8913879394531,28.2259426116943,91.2094116210938
"Reynoutria_japonica",2.75787223659611,43.2848867675284,15.2181253433228,31.862211227417,23.9931373596191,11.9277477264404,23.0399017333984,27.3629169464111,31.5685081481934,100.124046325684
"Reynoutria_japonica",2.76292671615673,45.0871691091806,6.61070585250854,33.8928146362305,24.8052711486816,0.417038440704346,2.32429027557373,93.7215042114258,11.1642818450928,301.990875244141
"Reynoutria_japonica",2.77168525788843,44.4936985891296,11.3705158233643,33.6671104431152,25.4452514648438,4.90793895721436,19.4150199890137,72.9969863891602,10.2376661300659,234.849319458008
"Reynoutria_japonica",2.77223715321404,45.2699312048977,8.19917488098145,33.6986198425293,24.8283958435059,16.0193328857422,3.92874193191528,83.560661315918,11.2839212417603,325.228424072266
"Reynoutria_japonica",2.78074020003956,42.5416376244211,15.2702674865723,30.654109954834,23.2173919677734,12.1951236724854,22.9579277038574,36.1009902954102,24.6782093048096,113.22428894043
"Reynoutria_japonica",2.78387715064644,44.1866913335698,9.96303176879883,33.8993072509766,25.2859649658203,3.58727526664734,17.9393119812012,64.1366577148438,10.9061002731323,207.354446411133
"Reynoutria_japonica",2.78963734562695,42.4196520153326,11.9142351150513,31.1939430236816,23.2187385559082,12.9012985229492,19.5265312194824,47.7595291137695,19.8756370544434,175.401031494141
"Reynoutria_japonica",2.8030409307916,42.4005231527061,14.2731103897095,30.7364921569824,23.1717090606689,15.2384262084961,21.9277515411377,33.8951530456543,23.999475479126,121.09204864502
"Reynoutria_japonica",2.81146848634405,43.3252230149368,14.9730682373047,31.793701171875,23.9360656738281,11.6844444274902,22.7864837646484,23.5162353515625,34.687686920166,87.2431030273438
"Reynoutria_japonica",2.81542020185428,44.7653135556768,9.02743625640869,33.733325958252,25.2221641540527,2.6793224811554,16.2414283752441,98.2729415893555,9.47713470458984,312.801025390625
"Reynoutria_japonica",2.82513274724696,45.7009512458997,8.57665920257568,33.6741638183594,24.5318222045898,16.3195915222168,2.19615697860718,58.6155281066895,17.8247528076172,293.493835449219
"Reynoutria_japonica",2.84557721355663,42.8836943789209,13.8316888809204,29.9167671203613,22.5486488342285,10.8193807601929,21.38671875,23.0378360748291,33.7599868774414,82.8837661743164
"Reynoutria_japonica",2.84586398977906,45.8551830609108,9.64619255065918,33.5639152526855,24.5348892211914,17.4032688140869,3.24714994430542,51.2742614746094,18.5057773590088,260.390411376953
"Reynoutria_japonica",2.84675798897724,43.0179776408537,14.9381856918335,30.202033996582,22.8698825836182,11.8371124267578,22.5712223052979,20.9778823852539,33.4639282226562,78.2165679931641
"Reynoutria_japonica",2.84936524252116,45.5046404228581,5.89073657989502,33.9095306396484,24.5092811584473,2.60778832435608,-0.459882408380508,72.5794830322266,14.2174491882324,295.607604980469
"Reynoutria_japonica",2.85149284325493,45.3002168709101,7.71714448928833,33.6954002380371,24.8301277160645,15.5399713516235,1.28813016414642,83.8183517456055,12.0295248031616,338.029449462891
"Reynoutria_japonica",2.85202148539978,42.3576190696304,15.5819778442383,30.3463401794434,23.0416374206543,16.544713973999,23.2449989318848,32.8851776123047,23.4442329406738,116.670402526855
"Reynoutria_japonica",2.8844096587916,42.5847793411347,16.1700267791748,29.3037128448486,22.4056091308594,13.1728553771973,23.7438259124756,29.0369892120361,27.392614364624,96.6316223144531
"Reynoutria_japonica",2.89401139943951,44.6847004276103,7.69791030883789,33.8196754455566,25.2045745849609,1.38966107368469,15.6311826705933,92.2270126342773,9.90041255950928,296.924499511719
"Reynoutria_japonica",2.89629457458028,42.6458026993472,16.1403923034668,29.2409210205078,22.3533821105957,13.1400928497314,23.7098426818848,27.2336940765381,28.8009376525879,91.3945388793945
"Reynoutria_japonica",2.89755435084799,47.4515519080785,12.0470190048218,33.5774955749512,23.8672294616699,8.5791187286377,7.99596357345581,39.1789169311523,15.8601846694946,187.308990478516
"Reynoutria_japonica",2.90671563581698,42.5139722184298,14.9623394012451,29.6224327087402,22.4542217254639,15.9277067184448,22.5191249847412,41.6549644470215,22.5038032531738,136.198684692383
"Reynoutria_japonica",2.91240805020892,45.2702504248224,7.5622239112854,33.6947860717773,24.8701000213623,4.18684053421021,1.12083601951599,74.7431564331055,12.4260368347168,284.231811523438
"Reynoutria_japonica",2.91851063819569,44.7041823332862,7.10776567459106,33.8351249694824,25.1884136199951,0.820283949375153,15.0330324172974,88.1896438598633,10.3941059112549,284.828704833984
"Reynoutria_japonica",2.92002922356843,43.2647018469673,15.6971750259399,30.6573143005371,23.3241405487061,12.478364944458,23.43505859375,20.6640949249268,34.765251159668,79.3306350708008
"Reynoutria_japonica",2.92806759942609,44.3462858406306,10.842155456543,33.4963912963867,25.4660243988037,7.32958126068115,18.9104900360107,63.9801406860352,10.8964490890503,203.242156982422
"Reynoutria_japonica",2.92817313933554,44.9585276966709,8.45262145996094,33.5975952148438,25.1517734527588,5.02621793746948,16.3910007476807,67.8441390991211,15.0683555603027,218.408935546875
"Reynoutria_japonica",2.96012807252024,43.9322122981819,11.7910871505737,33.0166702270508,25.0059585571289,8.35317802429199,19.7838973999023,48.3618812561035,24.7259941101074,160.145690917969
"Reynoutria_japonica",2.96139701584479,44.7162296590142,7.80154132843018,33.7276306152344,25.2524795532227,1.47135996818542,3.45841717720032,77.0592956542969,10.1466226577759,246.516326904297
"Reynoutria_japonica",2.96294838483679,51.0979723845754,11.2156181335449,31.4979438781738,19.139575958252,8.86577224731445,7.3080906867981,43.1650810241699,19.7939224243164,212.284332275391
"Reynoutria_japonica",2.97133232821036,45.0757076217924,8.6510009765625,33.5637474060059,25.1425037384033,5.20888471603394,4.32941484451294,60.5823059082031,11.8611297607422,226.007431030273
"Reynoutria_japonica",2.97727579414355,46.0363314660171,10.2644510269165,33.5219497680664,24.4846496582031,18.0318298339844,3.85051918029785,44.6956214904785,22.419677734375,249.15869140625
"Reynoutria_japonica",2.99374223932837,45.4188901675237,7.77070045471191,33.6802711486816,24.7923965454102,15.5933647155762,1.3311607837677,56.8987274169922,17.0090198516846,283.723297119141
"Reynoutria_japonica",2.99822761956434,45.3575613936351,6.43095588684082,33.7816123962402,24.7666549682617,14.2298316955566,0.0159873962402344,67.6353912353516,15.9565153121948,324.39990234375
"Reynoutria_japonica",20.0001293485635,48.7892843882273,5.66939163208008,28.555004119873,29.2107200622559,13.8054218292236,-4.24753904342651,47.0074348449707,35.0926666259766,305.670593261719
"Reynoutria_japonica",20.0091741996222,49.5516379650393,6.16858959197998,28.7940979003906,28.2745609283447,15.5807981491089,1.37553894519806,67.2477188110352,44.4807662963867,534.044555664062
"Reynoutria_japonica",20.0099429250594,49.1278930067721,1.04750657081604,29.3325233459473,28.0025596618652,8.71450996398926,-3.70337104797363,79.9841842651367,35.4393653869629,513.621215820312
"Reynoutria_japonica",20.015671269263,49.2549909438062,3.91089487075806,28.9391021728516,28.2923202514648,13.2896127700806,-3.97329115867615,65.2107315063477,50.7106094360352,621.035034179688
"Reynoutria_japonica",20.0446231603219,47.6752860780615,11.4276561737061,28.7685012817383,31.398796081543,20.2113704681396,6.65034627914429,33.5109634399414,27.4644050598145,199.841598510742
"Reynoutria_japonica",20.0539058168303,54.7792118531746,8.86764240264893,19.5108985900879,23.6022415161133,17.2737197875977,3.40519523620605,33.3013648986816,29.995288848877,221.729034423828
"Reynoutria_japonica",20.0793155125098,54.8715043815528,8.62784290313721,18.7720584869385,23.1924438476562,17.0208168029785,3.14291763305664,35.0045166015625,30.0209827423096,229.724899291992
"Reynoutria_japonica",20.0836987598451,44.2399008316703,12.5221309661865,30.4664154052734,30.5902786254883,20.6992492675781,4.00667762756348,46.0818824768066,33.9222679138184,288.586730957031
"Reynoutria_japonica",20.0875192461712,49.1312363588751,1.06252944469452,29.340145111084,28.0306816101074,8.74524879455566,-3.69386053085327,72.3567962646484,34.1502227783203,457.087066650391
"Reynoutria_japonica",20.0895621514511,49.2431329070497,3.1848475933075,29.078010559082,28.2455253601074,12.5379219055176,-4.6683292388916,58.1854095458984,46.3490104675293,504.873687744141
"Reynoutria_japonica",20.0896361863519,49.0929686687719,4.94292068481445,28.7275772094727,28.677864074707,12.9272499084473,0.162710577249527,60.9630126953125,29.9485187530518,352.119903564453
"Reynoutria_japonica",20.0983458598761,47.6774727281346,11.4303684234619,28.7508983612061,31.4202651977539,20.2176246643066,6.65060710906982,33.781177520752,27.9846687316895,203.299774169922
"Reynoutria_japonica",20.1045508327732,44.0238696814983,10.5712203979492,30.8529262542725,30.2009582519531,18.5681285858154,0.677927911281586,52.3268699645996,21.1665592193604,232.767242431641
"Reynoutria_japonica",20.1202503165888,52.5873040056951,8.66672897338867,26.3577747344971,28.13743019104,18.3112659454346,-0.0372831672430038,28.3311996459961,37.6115684509277,209.431427001953
"Reynoutria_japonica",20.1250474248547,49.1924889515382,-0.170054540038109,29.5840339660645,27.7982025146484,8.99112129211426,-9.43356037139893,66.1077651977539,44.800235748291,554.875305175781
"Reynoutria_japonica",20.1436386049079,48.9450017148229,4.29104566574097,28.7669410705566,28.8135242462158,12.2833137512207,-5.45002222061157,48.8819770812988,43.6431617736816,409.229736328125
"Reynoutria_japonica",20.1580606229992,49.0680228959364,6.36923265457153,28.4901542663574,28.9674835205078,14.4790182113647,-3.47860527038574,47.146068572998,38.4360656738281,342.969512939453
"Reynoutria_japonica",20.1801729762145,63.8821147829307,4.02828407287598,20.0422534942627,29.2591724395752,13.9484977722168,-2.5125584602356,34.6695518493652,25.9901847839355,201.088287353516
"Reynoutria_japonica",20.1813981110364,49.2120662986557,1.3368114233017,29.3783645629883,28.0027675628662,10.5865707397461,-6.3778510093689,67.2471542358398,46.2043724060059,584.587768554688
"Reynoutria_japonica",20.1854794225452,44.0380027394225,11.393723487854,30.7098693847656,30.3149642944336,19.450855255127,1.42719841003418,46.7035293579102,19.9865493774414,202.470306396484
"Reynoutria_japonica",20.1969301555292,63.7603910283525,4.43220710754395,19.3817920684814,28.5286407470703,14.2870359420776,-2.11813497543335,32.4101638793945,26.341983795166,186.630020141602
"Reynoutria_japonica",20.2325154051179,49.1878662544308,1.41152513027191,29.3338794708252,28.0764427185059,9.11457443237305,-7.98643589019775,53.7610359191895,40.5020179748535,417.917846679688
"Reynoutria_japonica",20.2441659322209,49.3058184498369,5.55908298492432,28.7652282714844,28.5443019866943,15.0430927276611,-2.44274353981018,55.2350120544434,45.9414291381836,475.623229980469
"Reynoutria_japonica",20.2669481081684,49.437363763329,7.51144933700562,28.5685901641846,28.6859111785889,17.0740776062012,-2.25097727775574,52.4456481933594,41.5044326782227,396.295532226562
"Reynoutria_japonica",20.2724121547392,52.4894655860078,8.7298698425293,26.2875709533691,28.2037563323975,18.4097080230713,3.6061692237854,30.3044700622559,37.0649299621582,219.005355834961
"Reynoutria_japonica",20.3051488543223,48.693173321846,8.61692237854004,28.143482208252,29.838249206543,17.0249118804932,-1.61237180233002,36.6312484741211,38.5371513366699,264.951904296875
"Reynoutria_japonica",20.3183236887735,48.8215827233964,7.19826555252075,28.3268795013428,29.4577674865723,15.4602384567261,-2.8531448841095,35.1735534667969,36.6881408691406,247.067291259766
"Reynoutria_japonica",20.3249621910115,49.2137679312017,5.5232195854187,28.7212829589844,28.6646499633789,13.5223541259766,-4.18827629089355,44.4272956848145,41.1791038513184,352.849304199219
"Reynoutria_japonica",20.3603535276564,49.4659754757946,5.97401762008667,28.8261966705322,28.4340229034424,15.4362678527832,1.16338813304901,63.5402336120605,38.6616744995117,439.4072265625
"Reynoutria_japonica",20.4086353683793,49.3675945491202,7.1320333480835,28.5497798919678,28.7754077911377,16.7160320281982,2.56047224998474,49.8797187805176,47.0939102172852,436.989654541016
"Reynoutria_japonica",20.4140965490847,48.9344447768794,6.39806795120239,28.4714279174805,29.1713409423828,14.5627145767212,-3.53240323066711,41.1601867675781,45.6189231872559,368.621185302734
"Reynoutria_japonica",20.4395853296146,49.0992924508618,7.20325946807861,28.4147529602051,29.0709476470947,16.8792667388916,-2.71560311317444,44.0038604736328,42.6664924621582,354.628601074219
"Reynoutria_japonica",20.4968688292335,49.304224753284,6.02619028091431,28.6967258453369,28.6772422790527,15.5588235855103,-3.70264625549316,55.4923286437988,42.2113990783691,428.618255615234
"Reynoutria_japonica",20.5249540347476,49.464977950209,6.16549158096313,28.7834186553955,28.4994068145752,15.6494617462158,-3.50024628639221,56.6709632873535,45.8277931213379,462.699035644531
"Reynoutria_japonica",20.5376674284267,54.623339183022,8.73583221435547,22.8193016052246,25.9640274047852,17.2781105041504,3.33093333244324,35.2370834350586,30.0878028869629,252.325469970703
"Reynoutria_japonica",20.5397084856353,54.74469604418,8.74600028991699,22.0065879821777,25.4636516571045,17.2683277130127,3.30878901481628,34.4949645996094,29.3515567779541,237.656387329102
"Reynoutria_japonica",20.5425147958311,49.2159584568178,6.50823879241943,28.5558185577393,28.8780708312988,16.1049613952637,-1.63857245445251,52.5258369445801,44.8506927490234,422.458343505859
"Reynoutria_japonica",20.546175590643,48.9026112114201,7.58368301391602,28.2932052612305,29.4394645690918,15.8605041503906,-2.48226046562195,32.4986343383789,49.5101356506348,318.224090576172
"Reynoutria_japonica",20.6065486944749,48.7231881670085,6.08434247970581,28.5557117462158,29.4078407287598,14.2905130386353,-2.5075466632843,43.1403312683105,38.0537605285645,312.7890625
"Reynoutria_japonica",20.6092218707808,64.9620769492394,2.93347787857056,21.5208950042725,32.3167495727539,13.2522487640381,-3.67959833145142,26.9925651550293,26.9116840362549,182.882171630859
"Reynoutria_japonica",20.6611292299679,49.461486633064,7.42021942138672,28.5652923583984,28.7137145996094,16.9899349212646,-0.675068259239197,36.2619285583496,52.8399696350098,357.072082519531
"Reynoutria_japonica",20.6793701100066,49.9655186058578,9.39529895782471,28.489049911499,28.5584754943848,18.9335613250732,-0.342552095651627,33.5872955322266,49.6888427734375,311.573638916016
"Reynoutria_japonica",20.7087999083696,49.6109614909396,8.92988014221191,28.397310256958,28.8232002258301,18.5576210021973,4.07786512374878,42.5705413818359,46.5062141418457,348.710693359375
"Reynoutria_japonica",20.7196566459073,48.3837095020033,10.6593780517578,28.0585021972656,30.5690631866455,19.320384979248,1.74275922775269,32.4919548034668,38.9060401916504,238.058074951172
"Reynoutria_japonica",20.7625004282231,52.4617375253243,8.93642234802246,25.9272060394287,28.4628047943115,18.7156677246094,3.7842071056366,26.6379299163818,36.1063613891602,203.298446655273
"Reynoutria_japonica",20.7884318397094,64.7105388658456,3.51259660720825,20.9897022247314,31.4412498474121,13.7422857284546,-3.15503525733948,27.3014583587646,24.350866317749,182.829177856445
"Reynoutria_japonica",20.8394140492645,49.5807309269886,7.36392021179199,28.5619945526123,28.6477088928223,16.9142513275146,2.52352619171143,45.9021186828613,48.4152297973633,394.969512939453
"Reynoutria_japonica",20.8440577017664,64.9370135154113,3.31806015968323,21.0058498382568,31.728328704834,13.6123247146606,-6.86661815643311,25.6295528411865,27.2918338775635,183.016662597656
"Reynoutria_japonica",20.8529620725808,45.7572966337539,12.5692882537842,29.7765197753906,31.3159713745117,21.122034072876,3.72198438644409,33.4821662902832,26.7703399658203,190.459197998047
"Reynoutria_japonica",20.8768104293031,48.6309241159005,8.3230562210083,28.2231521606445,29.8982105255127,16.7359142303467,-0.43021959066391,38.7340240478516,38.100040435791,283.94287109375
"Reynoutria_japonica",20.8852725706154,65.2641004149781,2.27954196929932,21.0561199188232,32.1638031005859,12.6462888717651,-4.39475917816162,27.8472480773926,30.1813545227051,200.610641479492
"Reynoutria_japonica",20.896655905903,49.8027204143779,8.83306312561035,28.4386329650879,28.6365642547607,16.9463748931885,-0.955010175704956,36.9573669433594,49.4278564453125,332.451293945312
"Reynoutria_japonica",20.9235543336941,64.9235668063084,3.53077673912048,20.7267379760742,31.4977016448975,13.8258800506592,-6.64408779144287,24.8235282897949,26.3423862457275,175.815155029297
"Reynoutria_japonica",20.9303587817585,51.0760676588321,8.4168643951416,27.65842628479,28.425609588623,18.0194187164307,3.4609363079071,35.9396705627441,38.6913223266602,247.309173583984
"Reynoutria_japonica",20.9453695959019,64.8753483484511,3.60108709335327,20.6906242370605,31.4026908874512,13.8806686401367,-6.55313396453857,25.4027290344238,26.4577198028564,182.818161010742
"Reynoutria_japonica",20.9833069215794,49.4645259344541,7.12054109573364,28.4930667877197,28.7200469970703,16.6917057037354,-2.67795777320862,36.3443756103516,49.9407577514648,331.621551513672
"Reynoutria_japonica",20.9941786507147,48.7899649402565,6.03534412384033,28.5164642333984,29.3731002807617,14.2390775680542,-2.56195592880249,43.3824005126953,39.5150833129883,333.540985107422
"Reynoutria_japonica",21.0058495651331,49.28041863033,6.60206460952759,28.446195602417,28.8922157287598,16.2077140808105,-1.96283614635468,38.5158576965332,48.2470321655273,332.966857910156
"Reynoutria_japonica",21.0316112594539,65.3631548124612,2.86458873748779,20.6520900726318,32.0680198669434,13.2854557037354,-7.4625678062439,23.7404232025146,31.7817935943604,190.559158325195
"Reynoutria_japonica",21.0715995371087,48.6539398382888,9.90366077423096,27.9459056854248,30.182861328125,18.4521408081055,1.05162191390991,34.2484703063965,36.0772666931152,243.838104248047
"Reynoutria_japonica",21.1742752353631,49.9022464107855,8.97864151000977,28.2064514160156,28.638879776001,17.1208152770996,4.11189794540405,38.7354354858398,44.4788093566895,307.202728271484
"Reynoutria_japonica",21.2184485534889,49.0886781605671,8.76104640960693,27.97389793396,29.4320945739746,17.0859928131104,0.033926248550415,34.3869171142578,36.5261917114258,256.505615234375
"Reynoutria_japonica",21.2199694723903,45.6951897170618,12.6463165283203,29.4549903869629,31.1679058074951,21.1973400115967,3.81615829467773,37.2577896118164,27.0766944885254,202.266357421875
"Reynoutria_japonica",21.2251302107656,65.0252280669595,3.58754062652588,19.4625720977783,30.4144172668457,13.8616142272949,-3.25877976417542,23.4169406890869,27.6648788452148,175.766876220703
"Reynoutria_japonica",21.3275863996115,48.513516746108,10.3438854217529,27.9768924713135,30.3769111633301,20.4577217102051,1.43752002716064,34.4507293701172,42.0556602478027,273.073883056641
"Reynoutria_japonica",21.3357055315775,48.5030565984806,9.61806297302246,28.082368850708,30.2617321014404,19.6819877624512,0.755033731460571,36.6981658935547,42.0125160217285,294.982299804688
"Reynoutria_japonica",21.4398083516639,65.5098486255887,3.02880811691284,19.2381381988525,31.0241203308105,13.4884157180786,-3.84802341461182,24.1081409454346,29.376974105835,188.116149902344
"Reynoutria_japonica",21.5314995742085,48.328246164918,10.7374401092529,28.1288070678711,30.6917266845703,19.437349319458,1.76143372058868,32.6872482299805,28.2554836273193,197.728469848633
"Reynoutria_japonica",21.591842367639,48.3470991594402,11.021764755249,27.9826431274414,30.7025680541992,19.7334289550781,2.02333498001099,30.7658348083496,29.7072849273682,194.893371582031
"Reynoutria_japonica",21.6045144172266,65.4628209975612,3.44250702857971,18.3606281280518,30.2284965515137,13.8741664886475,-3.51501655578613,21.1526584625244,29.2152996063232,163.135711669922
"Reynoutria_japonica",21.6261752341936,49.0274906404502,9.36524295806885,27.7112827301025,29.6040077209473,17.7867698669434,0.555232882499695,37.3095512390137,37.4414024353027,276.7763671875
"Reynoutria_japonica",21.6701639930008,48.2964215596966,11.1652383804321,27.9895324707031,30.784423828125,19.8956565856934,2.15218663215637,32.5412712097168,32.152099609375,214.699768066406
"Reynoutria_japonica",21.7235968824607,46.1310884388995,10.8884363174438,29.2044143676758,30.7037181854248,19.3350391387939,2.13343691825867,47.3594360351562,22.5081100463867,237.586730957031
"Reynoutria_japonica",21.9035381163946,60.4878588217312,6.4282374382019,13.3276128768921,23.3536853790283,15.6093101501465,-0.0802023038268089,26.8902587890625,32.4570579528809,177.990219116211
"Reynoutria_japonica",21.975733265687,60.3593069825018,6.52767133712769,13.0098752975464,23.1358032226562,15.6946430206299,0.0227450933307409,28.0204238891602,33.079647064209,180.91096496582
"Reynoutria_japonica",22.0048892447854,60.6442950998015,6.10442686080933,15.4543590545654,24.5671615600586,15.3373193740845,-0.409752190113068,28.4237174987793,32.2984504699707,201.587020874023
"Reynoutria_japonica",22.0385535769736,45.2890494945108,9.76674556732178,29.3118534088135,30.7896842956543,18.1471939086914,0.911113679409027,49.4185409545898,39.5609550476074,350.497222900391
"Reynoutria_japonica",22.0470826490867,46.3117034191271,11.6267395019531,28.9401168823242,30.7044620513916,21.7352027893066,6.40664768218994,41.7298812866211,34.1141891479492,270.243194580078
"Reynoutria_japonica",22.0515147831915,46.463719854353,11.8002233505249,28.8557186126709,30.7868919372559,20.3542423248291,7.08822441101074,51.5968017578125,22.7527256011963,262.409606933594
"Reynoutria_japonica",22.0678365939009,49.0312033961074,9.29972267150879,27.5700626373291,29.571849822998,17.7265396118164,4.49572086334229,45.8494110107422,31.6624507904053,290.198303222656
"Reynoutria_japonica",22.0842607895206,45.3313663668644,8.62853527069092,29.4376373291016,30.6083946228027,16.9358615875244,-0.139756873250008,54.5226364135742,37.2777862548828,373.344757080078
"Reynoutria_japonica",22.1216828685892,45.2675116679788,7.7431960105896,29.567777633667,30.4925556182861,15.9872674942017,-0.950668275356293,59.4420700073242,34.7749557495117,375.491851806641
"Reynoutria_japonica",22.1222264837697,49.1545271315129,8.57945537567139,27.6933422088623,29.3374881744385,16.9250926971436,3.76867151260376,45.5630111694336,29.9137878417969,279.481414794922
"Reynoutria_japonica",22.1286984521585,46.2907630915307,10.6196298599243,29.0682220458984,30.5320663452148,20.660572052002,5.46011447906494,45.7524719238281,37.1493492126465,307.751434326172
"Reynoutria_japonica",22.1325285255576,60.270271772475,6.53593349456787,13.3496789932251,23.3147583007812,15.7161817550659,0.0210352540016174,29.356424331665,33.4846801757812,187.240844726562
"Reynoutria_japonica",22.1857838846023,45.5182029951984,11.904580116272,28.9129123687744,31.0322647094727,20.4557590484619,3.05535221099854,47.2446136474609,27.7378406524658,264.343811035156
"Reynoutria_japonica",22.194762775775,45.3908921620426,11.4051475524902,28.9789218902588,31.036979675293,19.9370288848877,0.825407087802887,48.3791046142578,34.6282501220703,310.535247802734
"Reynoutria_japonica",22.2084950409589,48.509848307651,10.9433460235596,27.5163764953613,30.4077835083008,19.6004543304443,6.16490077972412,38.0085639953613,25.4494552612305,227.530456542969
"Reynoutria_japonica",22.2183712543353,60.3299974538781,6.47738790512085,14.1518049240112,23.7864379882812,15.6814661026001,-0.0412173084914684,28.8736934661865,33.2822761535645,187.621078491211
"Reynoutria_japonica",22.2185564114318,46.464625014473,8.83782768249512,29.2777919769287,30.2346267700195,17.1544227600098,4.14744138717651,66.5904922485352,18.5760250091553,307.466247558594
"Reynoutria_japonica",22.2309581982081,46.1853850960681,9.37235546112061,29.247486114502,30.3403854370117,17.7136478424072,4.66205167770386,49.8021659851074,28.2762317657471,288.183715820312
"Reynoutria_japonica",22.246399638703,44.712514229848,10.034309387207,29.1572170257568,31.1256847381592,14.9683179855347,1.25430905818939,49.187671661377,16.2317199707031,181.432846069336
"Reynoutria_japonica",22.257723669871,46.2866981306989,11.801552772522,28.8377704620361,30.7234077453613,20.3317070007324,6.56315088272095,38.5124702453613,34.2958641052246,249.77685546875
"Reynoutria_japonica",22.2669926973956,58.3850097283122,7.31824111938477,10.4345779418945,21.6108131408691,13.0879545211792,0.921811759471893,26.852518081665,33.0097885131836,168.942016601562
"Reynoutria_japonica",22.2674330133854,45.5700576936483,9.85518932342529,29.1939888000488,30.7061538696289,18.2646369934082,1.12076711654663,52.7294120788574,21.9281120300293,261.214691162109
"Reynoutria_japonica",22.2697608653784,58.3620883087299,7.42869234085083,10.4883060455322,21.6690635681152,8.94622135162354,1.02961719036102,25.8172245025635,33.2195320129395,161.751617431641
"Reynoutria_japonica",22.2773184680666,45.3945821915187,11.7242240905762,28.8986434936523,31.1161518096924,20.2973766326904,1.10728001594543,44.5994338989258,35.9802856445312,294.244140625
"Reynoutria_japonica",22.30547896853,46.2224341567701,11.3523836135864,28.8959121704102,30.6641883850098,21.4445190429688,6.1427640914917,37.5106811523438,37.296257019043,258.604431152344
"Reynoutria_japonica",22.3123647607255,46.3087880703895,11.7251510620117,28.8311519622803,30.6924705505371,20.2555236816406,6.49455165863037,48.1717643737793,24.6157455444336,251.733642578125
"Reynoutria_japonica",22.3642150184391,46.4390014443483,8.57874488830566,29.2858467102051,30.1817512512207,16.8735866546631,3.54837799072266,65.2064971923828,24.3212833404541,342.583618164062
"Reynoutria_japonica",22.3781985129261,46.6165269334546,11.3880767822266,28.82643699646,30.6556053161621,19.9179363250732,6.70011901855469,48.3916244506836,26.928014755249,274.555755615234
"Reynoutria_japonica",22.4022474852379,46.4372149584725,8.4496898651123,29.2988033294678,30.1582202911377,16.7359371185303,3.76935076713562,63.3474807739258,24.3642196655273,337.315582275391
"Reynoutria_japonica",22.4135424474911,46.6289110674954,11.4645147323608,28.8154754638672,30.6734027862549,20.0074729919434,6.77555084228516,53.0585403442383,25.1568717956543,291.626434326172
"Reynoutria_japonica",22.4341691395906,46.3469046459183,10.5405073165894,28.9761791229248,30.4902591705322,18.9878921508789,5.84694719314575,55.0077171325684,20.1341781616211,261.876983642578
"Reynoutria_japonica",22.4405676425394,45.2399765211167,8.37421321868896,29.279167175293,30.7648105621338,16.7428455352783,-2.01117014884949,48.4052696228027,33.2324485778809,298.673797607422
"Reynoutria_japonica",22.44083146447,58.4241631794616,7.29081630706787,10.6528987884521,21.8249225616455,16.2890434265137,0.861130952835083,26.7333641052246,33.3321914672852,170.003021240234
"Reynoutria_japonica",22.4979528081635,44.7984187566891,10.3427820205688,28.9792404174805,31.3364028930664,15.3544549942017,1.47614908218384,52.9229164123535,16.8473968505859,201.854766845703
"Reynoutria_japonica",22.5089668099282,45.3009338701024,4.1287899017334,29.9326763153076,30.0390396118164,12.1819763183594,-5.88799858093262,51.7224464416504,39.7130966186523,382.788513183594
"Reynoutria_japonica",22.5179937937687,48.6991028383646,7.55753755569458,27.8115043640137,29.5572147369385,17.4146327972412,2.76758575439453,55.2313423156738,27.26953125,335.063629150391
"Reynoutria_japonica",22.5194405195182,48.9368651097376,8.15824604034424,27.6533756256104,29.4456176757812,17.9984378814697,3.3502197265625,50.5575523376465,28.4589347839355,325.29345703125
"Reynoutria_japonica",22.5221942927327,46.5267025089446,10.6868124008179,28.9088325500488,30.4861927032471,19.1550750732422,5.51826190948486,52.5023078918457,30.9298992156982,319.95361328125
"Reynoutria_japonica",22.5702667903361,44.7447913443937,11.0470762252808,28.8587379455566,31.5125923156738,16.1154232025146,2.11801409721375,52.1577415466309,15.8549003601074,198.362350463867
"Reynoutria_japonica",22.5805123372353,58.3214040516226,7.44573354721069,11.1640682220459,22.1558780670166,16.4807796478271,0.975756883621216,26.5502128601074,34.3577995300293,173.857604980469
"Reynoutria_japonica",22.5927973169643,45.019011785645,7.39381837844849,29.3506565093994,30.8059387207031,15.7368612289429,-1.31818044185638,62.3035278320312,22.3200168609619,293.884216308594
"Reynoutria_japonica",22.5933167832456,44.9912609060664,8.75869750976562,29.1501159667969,31.0463714599609,17.2124881744385,-0.0374352931976318,56.0085639953613,18.1080436706543,231.966873168945
"Reynoutria_japonica",22.6143064519905,44.9571903806691,9.88036918640137,28.9694652557373,31.2597923278809,18.427173614502,1.01269340515137,52.4034843444824,17.3084278106689,213.107574462891
"Reynoutria_japonica",22.6276108355612,45.9060568901266,11.1265430450439,28.8539733886719,30.7317447662354,21.2587413787842,0.619982719421387,34.2586364746094,44.2774429321289,278.047790527344
"Reynoutria_japonica",22.6679826451832,44.838310283726,10.0947589874268,28.8929290771484,31.3913974761963,18.6790447235107,1.20258355140686,59.9324226379395,17.2418842315674,247.285171508789
"Reynoutria_japonica",22.7072517376341,46.0070647963502,10.7206726074219,28.8858089447021,30.6000461578369,19.2028102874756,1.97591853141785,41.4385871887207,24.3167057037354,226.297790527344
"Reynoutria_japonica",22.714463157415,44.7046338161305,12.474967956543,28.5806140899658,31.8363590240479,21.2526016235352,1.60490202903748,49.6977882385254,16.915678024292,198.55322265625
"Reynoutria_japonica",22.7625208871132,44.7963802353076,11.6882438659668,28.6402034759521,31.6933364868164,20.4063529968262,2.68634819984436,48.968563079834,15.45680809021,193.566497802734
"Reynoutria_japonica",22.7779596668732,46.3187658620895,8.17668914794922,29.2349548339844,30.0696659088135,16.4522686004639,-0.396031409502029,53.6447067260742,19.8955688476562,267.190673828125
"Reynoutria_japonica",22.8520350712558,48.3281810505763,10.6782531738281,27.6146259307861,30.597354888916,20.8328704833984,5.87562227249146,48.8383979797363,22.7501220703125,288.11669921875
"Reynoutria_japonica",22.8662459255251,58.3858666351622,7.36504936218262,11.9918603897095,22.7617130279541,16.4594097137451,0.840607047080994,25.9226360321045,34.2670135498047,174.8232421875
"Reynoutria_japonica",22.8845676827994,46.0939550593514,10.0756187438965,28.9327831268311,30.44287109375,18.5188961029053,-0.311880826950073,37.9888954162598,36.2277145385742,272.896484375
"Reynoutria_japonica",22.8876182393256,46.4713731646456,6.87134456634521,29.4096984863281,29.8301830291748,15.053822517395,-1.61330199241638,52.0387763977051,23.5568943023682,282.549652099609
"Reynoutria_japonica",22.9065913924085,60.6074979844881,5.79730653762817,19.4665184020996,27.3934307098389,15.1897926330566,-0.749349117279053,25.2549648284912,31.8185729980469,195.979400634766
"Reynoutria_japonica",22.9133265009468,46.8765461395319,8.90270614624023,29.136791229248,30.1873416900635,17.2720165252686,0.253625124692917,45.8476257324219,33.2664489746094,306.209594726562
"Reynoutria_japonica",22.9376069775168,46.4682923216752,7.35504007339478,29.3368186950684,29.9010734558105,15.5771589279175,-1.1618949174881,47.0233421325684,25.1764373779297,268.19970703125
"Reynoutria_japonica",23.0439861118471,70.6343011231704,2.43617963790894,18.072135925293,18.6973648071289,-0.0403514020144939,4.18467140197754,52.3008003234863,20.3113250732422,180.679336547852
"Reynoutria_japonica",23.1042665487242,58.479919962597,7.33725738525391,13.1094751358032,23.4403018951416,16.4805164337158,0.782250940799713,25.2082824707031,34.328052520752,176.668991088867
"Reynoutria_japonica",23.1439126199411,60.4585279767184,5.79459428787231,18.4551620483398,26.8759727478027,15.2036514282227,-0.792622745037079,28.1503067016602,31.0187129974365,197.209030151367
"Reynoutria_japonica",23.1497141306958,46.3791034455873,7.77608871459961,29.2659816741943,29.9259586334229,16.0360774993896,-2.39014434814453,44.6683311462402,29.532886505127,276.884155273438
"Reynoutria_japonica",23.2027731221407,46.2482788023993,6.8307147026062,29.3989124298096,29.8328857421875,15.0287570953369,-3.25743365287781,42.0093193054199,38.0045700073242,317.873321533203
"Reynoutria_japonica",23.2039961002472,45.8783703148661,11.5896816253662,28.638542175293,30.7637004852295,20.1906185150146,1.05435144901276,30.1657409667969,31.3797912597656,201.439422607422
"Reynoutria_japonica",23.2067235121612,46.1655535754433,8.96131801605225,29.0675754547119,30.1990585327148,17.3239402770996,-1.31127679347992,35.5759048461914,30.3856067657471,230.709182739258
"Reynoutria_japonica",23.2733418126222,45.8446747547652,11.4746227264404,28.6320934295654,30.7891387939453,20.076587677002,0.940586626529694,31.0927066802979,42.774169921875,258.166320800781
"Reynoutria_japonica",23.2739071689251,45.9774854640826,10.1746053695679,28.8675556182861,30.4789924621582,18.6562519073486,-0.219865083694458,35.193977355957,29.9734058380127,228.084518432617
"Reynoutria_japonica",23.3004313998123,70.4873525437195,0.577171444892883,18.7576007843018,21.1603012084961,-2.33421325683594,2.8109929561615,51.8221168518066,18.8078594207764,197.647994995117
"Reynoutria_japonica",23.309370878968,47.5782471131762,10.8679161071777,28.2565650939941,30.8276519775391,19.5304012298584,6.15137720108032,47.2536468505859,21.0416679382324,235.980041503906
"Reynoutria_japonica",23.3348607701019,46.2176314221125,7.19250822067261,29.3704128265381,29.8770351409912,15.4282522201538,-2.91441416740417,32.7683753967285,40.848819732666,263.755218505859
"Reynoutria_japonica",23.4147586048913,44.3122935324557,12.4865818023682,28.4351596832275,32.260612487793,21.3453845977783,1.45900404453278,42.902774810791,15.6821041107178,169.149749755859
"Reynoutria_japonica",23.4250105184233,47.6452804494863,10.9281063079834,28.0911808013916,30.844913482666,19.6186866760254,6.18911647796631,48.7181167602539,20.4339332580566,243.378448486328
"Reynoutria_japonica",23.4669576691232,47.831183308122,8.18691539764404,28.3295307159424,30.476131439209,18.1823348999023,3.41593551635742,53.657413482666,26.6616477966309,320.309356689453
"Reynoutria_japonica",23.526807283325,46.0075344117932,11.520697593689,28.6668949127197,30.6479244232178,20.1148242950439,1.0346462726593,25.7431526184082,35.7150650024414,193.584564208984
"Reynoutria_japonica",23.5314794821603,45.7246861624801,5.97621631622314,29.3184909820557,30.0445442199707,14.2053194046021,-4.13173484802246,39.4776458740234,42.5361938476562,326.689697265625
"Reynoutria_japonica",23.5504444576632,44.1462967190686,13.0683841705322,28.4322681427002,32.4632186889648,18.322193145752,1.9637725353241,41.0384941101074,15.3376388549805,155.806488037109
"Reynoutria_japonica",23.5690046738511,52.3992579070987,8.1224365234375,25.4317665100098,29.4855537414551,18.2753429412842,-1.09089243412018,31.7127532958984,31.1624584197998,218.832092285156
"Reynoutria_japonica",23.583072247452,44.3041865406769,12.6318292617798,28.3378162384033,32.3949928283691,21.5259456634521,1.55681097507477,44.8044242858887,16.7343635559082,181.625213623047
"Reynoutria_japonica",23.6037546217766,61.233264790075,4.99358177185059,22.9903144836426,31.0176753997803,14.6508798599243,-1.57245659828186,25.137882232666,31.0925788879395,194.099395751953
"Reynoutria_japonica",23.6646329748834,61.6298818617074,4.84994697570801,23.1030349731445,31.5967254638672,14.5938138961792,-1.73782742023468,30.3475761413574,27.8468017578125,202.8623046875
"Reynoutria_japonica",23.6906536179984,47.4511483421817,9.39003372192383,28.4058723449707,30.4844417572021,17.9401741027832,4.68142700195312,48.4808464050293,22.5379981994629,253.338531494141
"Reynoutria_japonica",23.6947171931715,44.3019090185047,12.8013963699341,28.2812652587891,32.4826889038086,21.7259845733643,1.68966889381409,44.9738349914551,17.5218524932861,189.938629150391
"Reynoutria_japonica",23.7208023309936,58.908812524382,6.94216251373291,15.9272031784058,24.9911994934082,16.1833915710449,0.387523114681244,28.6885643005371,34.2309875488281,197.248092651367
"Reynoutria_japonica",23.7369099723262,52.7657552252325,7.92337322235107,25.0651321411133,29.4724426269531,18.0984115600586,-1.33945405483246,32.3438110351562,31.5492763519287,216.180328369141
"Reynoutria_japonica",23.7535526126811,44.2470407868667,12.9393863677979,28.3535690307617,32.5473709106445,21.8740406036377,1.80109024047852,41.4152450561523,16.8116798400879,174.666076660156
"Reynoutria_japonica",23.756563496374,48.0388827134916,9.33147048950195,27.9076976776123,30.6402549743652,17.9945449829102,4.46380710601807,61.732048034668,19.4032287597656,316.046295166016
"Reynoutria_japonica",23.7597295530196,47.6351685043857,7.25486516952515,28.498743057251,30.2242546081543,15.6963901519775,2.49987936019897,62.9808921813965,21.669261932373,318.146545410156
"Reynoutria_japonica",23.7726628946854,60.1138114097644,6.18972730636597,14.802360534668,25.0288372039795,3.28763294219971,3.75334596633911,32.8291778564453,30.9970264434814,191.823532104492
"Reynoutria_japonica",23.8022682445099,45.536931519955,2.31285524368286,29.6509170532227,29.7377395629883,10.3396186828613,-7.58728170394897,43.1578369140625,36.3365097045898,316.017120361328
"Reynoutria_japonica",23.8032580939792,60.2113274752329,6.18508815765381,16.1479244232178,25.889778137207,15.6856346130371,3.93146204948425,31.9213180541992,30.2739505767822,185.827758789062
"Reynoutria_japonica",23.8081387118984,44.5292508979656,12.1350860595703,28.2456493377686,32.2771301269531,21.0365619659424,1.08218514919281,44.6189193725586,20.029411315918,198.177322387695
"Reynoutria_japonica",23.8143302892596,45.6359459223488,4.80489873886108,29.3710784912109,29.9738159179688,12.9886131286621,-5.24851608276367,33.5156707763672,45.2913818359375,311.416564941406
"Reynoutria_japonica",23.819859455684,60.3885123096402,5.79089164733887,18.0035133361816,27.0207614898682,15.3120231628418,3.81166124343872,32.1528472900391,29.4236660003662,190.868804931641
"Reynoutria_japonica",23.8334365664771,48.0740899046436,8.69626140594482,27.9388637542725,30.5320091247559,17.326976776123,3.80814123153687,63.8352012634277,19.0001182556152,325.572326660156
"Reynoutria_japonica",23.8403074882022,70.6036498460104,0.801744997501373,19.306526184082,21.4217510223389,-2.12009572982788,3.03516530990601,52.1767539978027,17.5695629119873,193.506912231445
"Reynoutria_japonica",23.8466327591586,45.9207737128111,10.5378494262695,28.7257976531982,30.5880374908447,19.0934677124023,0.106094121932983,29.6542129516602,39.2162475585938,248.062866210938
"Reynoutria_japonica",23.8654215766154,59.0000643520716,6.77970027923584,15.9186859130859,25.1167068481445,16.0522232055664,0.20885169506073,29.1937885284424,34.6118011474609,204.065780639648
"Reynoutria_japonica",23.9026766735014,60.0283045861656,6.41391611099243,14.1966676712036,24.80934715271,15.9005479812622,-0.339590579271317,30.6185417175293,31.5875415802002,180.11247253418
"Reynoutria_japonica",23.9060992057234,58.6983844851237,6.92246103286743,17.9021682739258,26.1873416900635,16.1774444580078,0.383755296468735,28.9589653015137,32.8838119506836,198.474639892578
"Reynoutria_japonica",23.9085188006357,47.5200028902203,9.44670104980469,28.2015705108643,30.5155868530273,18.0471897125244,4.68890810012817,45.950870513916,20.3310832977295,234.672180175781
"Reynoutria_japonica",23.915069200411,47.5821104476091,8.61936283111572,28.2806377410889,30.4093170166016,17.1684379577637,3.85786986351013,51.4126129150391,17.7854862213135,247.608947753906
"Reynoutria_japonica",23.9199363856702,60.0810166445711,6.27494192123413,14.6073226928711,25.0367889404297,15.7703952789307,-0.47639524936676,31.3450355529785,31.3218631744385,183.494491577148
"Reynoutria_japonica",23.9298054949467,45.6048391965566,4.82615232467651,29.2776756286621,30.0887069702148,13.0407457351685,-5.26314830780029,37.5328941345215,38.3915138244629,289.9345703125
"Reynoutria_japonica",23.9492218855706,52.4034617948135,8.16508769989014,25.282901763916,29.6406307220459,18.3872680664062,-1.11442196369171,31.5338344573975,33.1859130859375,225.806213378906
"Reynoutria_japonica",23.9501442162165,58.941226257198,6.74031639099121,16.9533634185791,25.6626434326172,16.0082340240479,0.187286302447319,29.8727531433105,34.1727867126465,208.639068603516
"Reynoutria_japonica",23.9653643832348,47.8843370304998,8.90141582489014,27.9382476806641,30.5429172515869,17.5515594482422,4.02135992050171,58.7800483703613,27.8917961120605,335.830780029297
"Reynoutria_japonica",23.9785208278864,70.5495023843567,1.8891783952713,19.4971103668213,22.215181350708,-1.17506039142609,4.25783061981201,46.6498832702637,19.1153087615967,165.005920410156
"Reynoutria_japonica",23.9960904385758,48.1432010692736,6.03852128982544,28.2459583282471,30.0999526977539,14.4851760864258,1.12879538536072,72.3387298583984,22.4285316467285,390.236145019531
"Reynoutria_japonica",24.0041288798748,59.2227210316512,6.77486324310303,15.4501123428345,25.0810737609863,16.1152019500732,0.163372531533241,26.5792007446289,34.0489540100098,193.036895751953
"Reynoutria_japonica",24.0296695156047,61.4068163414687,4.99239826202393,23.1203937530518,31.6977424621582,16.0848808288574,-1.61321091651917,26.0770816802979,29.4274024963379,187.302215576172
"Reynoutria_japonica",24.0319658997131,46.2185364429437,11.0584049224854,28.6889991760254,30.5302791595459,19.6379737854004,0.622661948204041,20.8320941925049,44.8616256713867,211.577514648438
"Reynoutria_japonica",24.0322861784599,60.1425462026359,6.1255087852478,15.4458026885986,25.5691661834717,3.12071704864502,-0.63016003370285,31.4758586883545,30.8451328277588,183.846588134766
"Reynoutria_japonica",24.0465936204675,48.0449817329899,7.77651166915894,27.9416580200195,30.3808174133301,16.3695945739746,2.84598422050476,60.1153869628906,24.0217018127441,322.575988769531
"Reynoutria_japonica",24.0839421500928,60.3259845221695,5.98260641098022,17.1724109649658,26.7350769042969,15.5494899749756,3.90744495391846,31.7936935424805,30.2494697570801,192.95002746582
"Reynoutria_japonica",24.1134115656032,52.6198879522274,7.9966197013855,25.0828189849854,29.6246757507324,16.8102893829346,-1.30553567409515,31.5011768341064,32.8411407470703,219.220336914062
"Reynoutria_japonica",24.1191950508884,48.1613038076216,5.79451131820679,28.1918907165527,30.0488967895508,14.2451982498169,0.858186602592468,70.3393859863281,23.4098987579346,366.371856689453
"Reynoutria_japonica",24.1234203434088,52.5808850202083,8.03004264831543,25.1219539642334,29.6323490142822,16.8471355438232,-1.27331602573395,31.2872467041016,32.4487571716309,217.653366088867
"Reynoutria_japonica",24.1321309038447,45.5156333605934,3.17273640632629,29.3743648529053,29.9905319213867,11.3058042526245,-6.84585571289062,46.8479042053223,39.3987236022949,369.958587646484
"Reynoutria_japonica",24.1492175006458,47.9178500207189,7.24332141876221,28.0132141113281,30.2865028381348,15.7923812866211,-3.3393726348877,66.796989440918,23.7935943603516,348.287170410156
"Reynoutria_japonica",24.1630916653223,48.0776772765071,6.45423316955566,28.0742321014404,30.1721496582031,14.9574661254883,-4.07477807998657,69.5425872802734,26.3541164398193,381.233123779297
"Reynoutria_japonica",24.16629269062,48.0176930894792,6.64880228042603,28.0443000793457,30.1892700195312,16.6393203735352,-3.89370965957642,67.6461181640625,27.4315052032471,379.383819580078
"Reynoutria_japonica",24.1692381926942,47.8604183726008,8.66266345977783,27.8077392578125,30.4960174560547,17.3187675476074,-2.03605651855469,55.0623054504395,23.0705280303955,287.088928222656
"Reynoutria_japonica",24.2143750546747,58.661992199988,6.78131628036499,19.8060169219971,27.47509765625,16.0626678466797,0.276233702898026,30.2640933990479,30.5958499908447,206.355758666992
"Reynoutria_japonica",24.2456375097244,58.3513299115251,6.85273265838623,19.8479251861572,27.6253280639648,16.1451225280762,0.326644539833069,29.2918586730957,29.4347648620605,194.317932128906
"Reynoutria_japonica",24.2681103566118,48.0185582231638,5.33774280548096,28.1339340209961,29.9836711883545,15.2698650360107,-5.10581636428833,70.6015090942383,31.5482368469238,434.336669921875
"Reynoutria_japonica",24.2836053509336,48.1113581661952,6.79230928421021,27.909158706665,30.2143630981445,15.3476438522339,-3.78017568588257,62.3951034545898,26.6443347930908,350.972991943359
"Reynoutria_japonica",24.2891048232966,48.0808005263381,6.64385461807251,27.9431991577148,30.1912269592285,16.6602382659912,-3.91608142852783,62.3712005615234,30.0634784698486,376.174957275391
"Reynoutria_japonica",24.3189382049293,48.1306734115827,5.70348882675171,28.0334072113037,30.0513038635254,14.1825304031372,-4.7787766456604,70.3680038452148,28.0270729064941,403.126770019531
"Reynoutria_japonica",24.3262520838685,46.3403736412893,10.5298738479614,28.5943489074707,30.5272846221924,19.122802734375,0.0749929323792458,22.3833408355713,43.2549514770508,226.121704101562
"Reynoutria_japonica",24.3300266147317,70.6174333042288,1.37662589550018,19.7202491760254,22.544376373291,-1.72304785251617,3.7945396900177,44.7122802734375,19.41965675354,168.55256652832
"Reynoutria_japonica",24.3394548297512,48.1055245951445,5.03542518615723,28.1175746917725,29.910945892334,13.4666681289673,-5.39344596862793,77.57666015625,25.0668926239014,423.793395996094
"Reynoutria_japonica",24.3744915724611,48.2624212185125,6.77505826950073,27.8663158416748,30.1839447021484,15.3453493118286,-3.79737710952759,47.8890342712402,31.6297836303711,317.007232666016
"Reynoutria_japonica",24.379789150624,47.8842829617403,5.32228088378906,28.0574436187744,29.9784755706787,13.763671875,-5.11919832229614,68.7212219238281,21.9813346862793,352.684692382812
"Reynoutria_japonica",24.3822974545836,45.4762368994775,7.37335157394409,28.6026725769043,30.8826446533203,15.8899345397949,-3.07840776443481,45.2795295715332,32.0640296936035,310.109741210938
"Reynoutria_japonica",24.3839912925289,46.4767649084914,10.7893199920654,28.4262657165527,30.5596714019775,19.4126262664795,0.282026767730713,21.2461166381836,41.5979270935059,202.134674072266
"Reynoutria_japonica",24.3846098949629,58.4207595095663,6.8066668510437,20.7436599731445,28.2175064086914,16.1029758453369,0.328166157007217,31.8266353607178,29.3072986602783,211.550964355469
"Reynoutria_japonica",24.3899081168345,70.6460628570931,1.0357391834259,19.7021446228027,22.2405376434326,-2.00109791755676,3.39221334457397,47.4267311096191,19.3820953369141,179.281982421875
"Reynoutria_japonica",24.4144348284439,59.2486550242331,6.56920576095581,17.2477245330811,26.2046394348145,15.938907623291,-0.0136784911155701,27.1747760772705,32.8970069885254,205.221282958984
"Reynoutria_japonica",24.4314701023817,60.3012051767548,5.79903078079224,17.1989498138428,26.9387760162354,2.50838589668274,-0.964652538299561,31.7494583129883,29.8185806274414,200.756423950195
"Reynoutria_japonica",24.4369791520624,59.4081655245469,6.5720419883728,16.1940383911133,25.7836799621582,15.9866037368774,-0.0684407949447632,25.7838115692139,33.6964263916016,195.141082763672
"Reynoutria_japonica",24.4491366925083,48.1598102920495,3.75173187255859,28.2260093688965,29.7159156799316,12.0916719436646,-6.57286596298218,73.3480453491211,25.334451675415,415.846588134766
"Reynoutria_japonica",24.4550369662788,45.5433515826717,2.79351925849915,29.2899436950684,30.1010551452637,10.9508075714111,-7.25710296630859,50.967716217041,34.3533325195312,362.645263671875
"Reynoutria_japonica",24.4565102213354,48.3184684818444,5.76603555679321,27.9806270599365,30.0212516784668,14.2700033187866,-4.721022605896,65.4534606933594,28.2082347869873,395.262969970703
"Reynoutria_japonica",24.4634175768916,60.1826084696414,6.10704946517944,16.0387802124023,26.2792549133301,2.96935367584229,-0.696262001991272,30.2870597839355,30.115306854248,186.650634765625
"Reynoutria_japonica",24.4744072988747,48.4439897957995,5.11323976516724,28.0970726013184,29.8946151733398,13.5673971176147,-5.30401420593262,46.2327537536621,41.0254936218262,385.355224609375
"Reynoutria_japonica",24.4821136619523,48.232706228156,5.1465106010437,28.0050964355469,29.9364051818848,13.6094360351562,-5.28914499282837,59.1584930419922,38.650463104248,440.711334228516
"Reynoutria_japonica",24.4905025898342,56.931922804954,7.35370635986328,21.510404586792,28.617073059082,17.5426387786865,-2.13107299804688,30.2859306335449,32.838264465332,224.313690185547
"Reynoutria_japonica",24.5193697297532,48.4127141172093,5.14531898498535,28.0536193847656,29.9081420898438,13.6085414886475,-5.28171634674072,48.4672927856445,37.524974822998,379.038757324219
"Reynoutria_japonica",24.5219972866092,60.3317505688631,5.75987386703491,17.1980609893799,26.9858245849609,2.45994353294373,-1.00974750518799,30.7320461273193,29.0555686950684,191.385696411133
"Reynoutria_japonica",24.547909300257,48.1034580448168,1.37933111190796,28.450138092041,29.3796424865723,9.55948448181152,-8.75083160400391,78.5672454833984,31.8899955749512,517.280456542969
"Reynoutria_japonica",24.5570759243093,48.2030070015834,4.53054666519165,28.0233287811279,29.8367710113525,12.951642036438,-5.86358880996704,52.3780708312988,37.4106254577637,397.647613525391
"Reynoutria_japonica",24.568924051692,45.722433742571,10.0041999816895,28.2498779296875,31.1301555633545,18.711971282959,-0.608859598636627,39.9197158813477,40.5875205993652,321.886779785156
"Reynoutria_japonica",24.6064997076518,45.6739548373984,8.63787078857422,28.391149520874,31.0030689239502,18.9061279296875,-1.89531767368317,44.8287048339844,42.0566902160645,366.708312988281
"Reynoutria_japonica",24.6130458506306,48.3886743284335,6.84517765045166,27.7639446258545,30.1818256378174,15.4540042877197,-3.73324084281921,40.9672470092773,41.7988739013672,345.2705078125
"Reynoutria_japonica",24.6198552089554,48.0676529334011,2.29368114471436,28.2733001708984,29.5265045166016,10.5446290969849,-7.91970157623291,80.5381622314453,29.0104217529297,491.231323242188
"Reynoutria_japonica",24.6551156055498,47.06159373179,8.87656211853027,28.0004024505615,30.4267482757568,17.4968357086182,-1.67120945453644,36.5615043640137,36.3941078186035,272.201416015625
"Reynoutria_japonica",24.6717750582049,60.5409717111309,5.45379304885864,19.068941116333,28.3578262329102,15.1216230392456,-1.28291916847229,31.8075294494629,28.9312763214111,204.527709960938
"Reynoutria_japonica",24.6726406233902,46.0995907036959,9.60946941375732,28.322790145874,30.8291091918945,18.2505321502686,-0.909002363681793,29.503059387207,46.0972023010254,279.825408935547
"Reynoutria_japonica",24.6758380453553,58.9748124797621,6.38103628158569,19.9836845397949,27.846155166626,16.4326629638672,-0.100138008594513,33.846305847168,29.8916721343994,238.349548339844
"Reynoutria_japonica",24.6767797083984,45.7241422783218,9.67079448699951,28.1964435577393,31.1999244689941,20.0121574401855,-0.959855616092682,41.4930839538574,42.3175354003906,341.391540527344
"Reynoutria_japonica",24.678073435524,48.2587531939909,4.26692152023315,28.0435791015625,29.8039436340332,12.6876592636108,-6.10977554321289,62.8592948913574,36.0734748840332,459.583343505859
"Reynoutria_japonica",24.7135511291255,59.3378854967291,6.37826061248779,17.5611114501953,26.6077003479004,15.7942323684692,-0.22946985065937,28.3525638580322,33.0532684326172,213.118026733398
"Reynoutria_japonica",24.7361391586814,60.2655231661984,6.00786018371582,16.7984600067139,26.9208946228027,11.8473873138428,-0.804050266742706,29.8935527801514,29.1200370788574,183.092422485352
"Reynoutria_japonica",24.7447107606866,46.8692358169071,9.6711950302124,27.9660491943359,30.5780982971191,18.3441848754883,0.755200088024139,29.8958110809326,34.1947288513184,221.978164672852
"Reynoutria_japonica",24.7618720829764,48.4399305359939,7.8059401512146,27.6223640441895,30.3188228607178,16.505651473999,-2.8498649597168,35.2126121520996,44.4970512390137,321.933471679688
"Reynoutria_japonica",24.7726383376435,45.6050459812047,1.19722080230713,29.3301258087158,30.1123008728027,9.30611801147461,-8.80976963043213,48.6783981323242,40.2936248779297,387.272369384766
"Reynoutria_japonica",24.7845493724784,60.1713095859306,6.22002601623535,16.1262111663818,26.5362358093262,12.1063528060913,-0.612426698207855,29.0509166717529,29.3972721099854,175.957077026367
"Reynoutria_japonica",24.8256328529435,59.4050578913726,6.40246391296387,17.4880123138428,26.6542224884033,15.8434247970581,-0.221176519989967,27.9365653991699,33.4211044311523,210.505889892578
"Reynoutria_japonica",24.8427982923405,48.3187617637969,7.17319107055664,27.604736328125,30.2748126983643,15.8416423797607,-3.45635914802551,36.8978843688965,46.6198577880859,348.838134765625
"Reynoutria_japonica",24.9318086650187,59.1887544126178,6.25634288787842,19.3166103363037,27.6841506958008,16.3368244171143,-0.275628358125687,31.462682723999,31.859956741333,234.020416259766
"Reynoutria_japonica",24.9392746371081,46.5603435663116,9.43959426879883,27.9865646362305,30.7367725372314,18.1191062927246,-1.13850665092468,31.5832462310791,36.887134552002,247.140609741211
"Reynoutria_japonica",24.9631844449102,47.1231395576601,4.59789419174194,28.2787570953369,29.9373168945312,12.9754858016968,-5.68328619003296,33.0631523132324,39.7557487487793,266.931671142578
"Reynoutria_japonica",25.0015722616731,57.7372387543025,6.51764059066772,21.8766574859619,29.3243465423584,16.8024215698242,-3.15712952613831,29.2285175323486,34.7164535522461,240.678680419922
"Reynoutria_japonica",25.044726091954,47.333065939868,6.39547824859619,27.8111801147461,30.2826728820801,16.4827404022217,-4.10214138031006,29.4752941131592,46.7125854492188,283.671539306641
"Reynoutria_japonica",25.0468464674607,46.3204314873752,9.85018539428711,27.8809394836426,31.0876045227051,18.6078815460205,-0.815065085887909,27.553035736084,39.0709495544434,225.536468505859
"Reynoutria_japonica",25.0541455228088,47.1437369759221,3.06016826629639,28.4044761657715,29.7726974487305,12.9236316680908,-7.11870718002319,38.8252220153809,42.5152969360352,328.793395996094
"Reynoutria_japonica",25.0567015560546,45.5087227438475,1.81369578838348,29.0551261901855,30.548583984375,10.0489273071289,-8.36706161499023,51.56103515625,40.9849510192871,412.802062988281
"Reynoutria_japonica",25.0634873437477,47.3669433072716,6.16084241867065,27.8071823120117,30.2504081726074,14.7241725921631,-4.33015823364258,37.5733642578125,39.4245452880859,300.078491210938
"Reynoutria_japonica",25.0722226322986,47.0216564637996,6.58000516891479,27.9734535217285,30.3079814910889,15.1244316101074,-3.87158131599426,33.0880928039551,33.9243774414062,240.000839233398
"Reynoutria_japonica",25.0954239525739,53.9772897402912,7.50076198577881,23.901948928833,29.7824745178223,16.4277400970459,-2.08148097991943,33.2874374389648,30.9237327575684,221.276885986328
"Reynoutria_japonica",25.11629005594,45.3858175954142,5.28085803985596,28.5319862365723,31.2430305480957,13.8149299621582,-5.23931121826172,51.7437171936035,34.4350128173828,350.789093017578
"Reynoutria_japonica",25.1405140190593,53.8851484914545,7.51468849182129,23.9340496063232,29.8350677490234,16.45583152771,1.9228847026825,34.5718574523926,31.154613494873,230.903900146484
"Reynoutria_japonica",25.1477214623707,45.2666884623497,8.54606914520264,28.0431385040283,31.9075965881348,17.3598709106445,-2.29754042625427,42.4378356933594,32.8279991149902,282.165557861328
"Reynoutria_japonica",25.152669113656,47.15217948677,2.68540906906128,28.4012908935547,29.7620811462402,12.5512237548828,-7.48556518554688,37.6715278625488,43.6870307922363,333.526672363281
"Reynoutria_japonica",25.163207000502,59.3080501324142,6.32287645339966,18.8919296264648,27.675537109375,16.4462261199951,-0.274928689002991,30.7338352203369,33.0574264526367,230.434356689453
"Reynoutria_japonica",25.1907268497132,45.4745970711099,4.91633462905884,28.5402679443359,31.167407989502,13.4294567108154,-5.56740093231201,47.8969421386719,34.9831924438477,342.037933349609
"Reynoutria_japonica",25.1988098184199,46.3824875287942,8.71490955352783,27.8997421264648,30.9616279602051,17.4153881072998,-1.89509499073029,31.3117179870605,35.3478355407715,234.004898071289
"Reynoutria_japonica",25.2038682002021,57.886913113205,6.5308666229248,22.3857841491699,29.7285919189453,16.883020401001,0.217050954699516,30.4183521270752,33.637020111084,233.959716796875
"Reynoutria_japonica",25.2162056885951,47.0228527622264,5.87695455551147,27.9516410827637,30.3269538879395,14.4037714004517,-4.55091142654419,33.9115295410156,33.2441291809082,240.647338867188
"Reynoutria_japonica",25.2210294384886,46.6294411560822,4.64368104934692,28.3388977050781,30.2445259094238,13.0369892120361,-5.63843774795532,40.0631523132324,33.2663955688477,284.311706542969
"Reynoutria_japonica",25.2368169036396,46.5891177396851,6.25466537475586,28.1315269470215,30.499397277832,14.7689399719238,-4.15818977355957,36.2779312133789,32.2478446960449,253.344757080078
"Reynoutria_japonica",25.2638640263789,45.2660501970425,5.39898347854614,28.448221206665,31.4993324279785,13.9911603927612,-5.21152639389038,51.4892234802246,31.7899971008301,334.651397705078
"Reynoutria_japonica",25.2841089788964,45.1693265190975,8.49696063995361,28.0136871337891,32.0500526428223,17.3397922515869,-2.40015363693237,43.5968017578125,30.8230743408203,269.820129394531
"Reynoutria_japonica",25.2909269065001,59.2556381499247,6.20255041122437,19.417387008667,28.0426540374756,16.3868522644043,-0.377827405929565,31.3286590576172,33.1544914245605,236.707580566406
"Reynoutria_japonica",25.3726572856557,45.9398192833798,9.03219604492188,27.8543796539307,31.5378646850586,17.8428039550781,-1.72211301326752,32.9131278991699,45.5345649719238,298.079345703125
"Reynoutria_japonica",25.3731287423238,45.3213470683898,3.6522650718689,28.6519260406494,31.2590789794922,12.1167278289795,-6.8252329826355,49.2400016784668,33.7279281616211,321.788513183594
"Reynoutria_japonica",25.4193119486625,60.4487281550622,5.87556934356689,18.1093215942383,28.1914730072021,15.6565647125244,-0.971069872379303,33.4105415344238,27.6991271972656,195.710693359375
"Reynoutria_japonica",25.4288660723448,47.1125307773078,5.02497625350952,27.9081535339355,30.3221435546875,13.5501203536987,-5.39366436004639,28.545223236084,43.6039772033691,256.90380859375
"Reynoutria_japonica",25.4482387570314,62.7749981691202,4.12853622436523,21.6424007415771,32.1371574401855,14.1872310638428,-2.62128448486328,24.8921413421631,34.1298980712891,203.677185058594
"Reynoutria_japonica",25.4521455534349,53.9756549783474,7.32987546920776,23.8294620513916,29.9674167633057,17.7730178833008,-2.311527967453,34.8354835510254,31.1907253265381,236.416839599609
"Reynoutria_japonica",25.4763348936704,59.3357898301737,6.08105421066284,19.1324634552002,28.0886306762695,16.3194541931152,-0.558379530906677,32.008846282959,33.6056137084961,241.438018798828
"Reynoutria_japonica",25.4800163932486,45.4239208441752,1.18544864654541,28.9405746459961,30.8598403930664,9.46640014648438,-9.08079051971436,53.3116226196289,37.4422798156738,380.515686035156
"Reynoutria_japonica",25.4917409083731,45.3244956920881,4.97612428665161,28.4317378997803,31.5401706695557,13.5640678405762,-5.63442516326904,46.2586364746094,32.4569664001465,290.632659912109
"Reynoutria_japonica",25.5603353513197,47.3605340154738,4.8474292755127,27.831018447876,30.3499202728271,13.41259765625,-5.61825561523438,26.6529884338379,52.2367286682129,320.422210693359
"Reynoutria_japonica",25.5897485522683,47.4899019185757,6.15235996246338,27.6226825714111,30.5562896728516,14.8395719528198,-4.44851589202881,22.9799537658691,59.776741027832,338.964416503906
"Reynoutria_japonica",25.5967478187502,62.8922653493365,3.80344867706299,21.5290241241455,32.2347030639648,13.8962097167969,-2.96759223937988,26.7152004241943,34.7583885192871,218.354156494141
"Reynoutria_japonica",25.6192744343502,46.4455261124413,3.37053155899048,28.3592414855957,30.5240287780762,11.7753343582153,-6.93566131591797,35.1240463256836,43.4685974121094,298.424377441406
"Reynoutria_japonica",25.6208151525443,46.1961798987469,8.40531349182129,27.7485637664795,31.4818630218506,17.2153625488281,-2.3407027721405,23.9738349914551,42.0997581481934,203.297698974609
"Reynoutria_japonica",25.6214426231463,60.9481358768791,5.31110143661499,21.1442794799805,30.739086151123,16.3337821960449,-1.42709004878998,26.5518112182617,30.6438217163086,197.790496826172
"Reynoutria_japonica",25.622121621742,60.7006405965723,5.61761856079102,19.9188976287842,29.6133842468262,15.450945854187,-1.17591369152069,30.7145404815674,28.2936172485352,198.707580566406
"Reynoutria_japonica",25.6545263925483,47.1227351388043,4.05389928817749,27.9956874847412,30.3092708587646,12.5476112365723,-6.33270263671875,34.1989631652832,45.8301010131836,336.419189453125
"Reynoutria_japonica",25.6567113370099,47.0559027381289,5.35314416885376,27.8286113739014,30.5180625915527,13.9447040557861,-5.13548374176025,31.6054592132568,40.457649230957,266.039520263672
"Reynoutria_japonica",25.674296994215,46.0115343814595,8.64970874786377,27.7488346099854,31.6980323791504,17.511962890625,-2.16885805130005,25.9129409790039,47.2829742431641,252.282913208008
"Reynoutria_japonica",25.6811285224851,46.6600488698894,6.23466062545776,27.8272190093994,30.8894309997559,14.8806018829346,-4.32299757003784,32.7135047912598,38.335880279541,249.607055664062
"Reynoutria_japonica",25.6877901753386,54.8705583166065,7.0822434425354,23.6033916473389,29.9840106964111,17.5537910461426,-2.60933184623718,33.0953407287598,27.2196216583252,215.575897216797
"Reynoutria_japonica",25.6924852815864,53.7545407143819,7.35202598571777,23.9022216796875,30.1279354095459,17.8598175048828,1.72739911079407,37.5316696166992,31.0802631378174,255.469543457031
"Reynoutria_japonica",25.707790703764,47.1732583795449,5.94018793106079,27.6973648071289,30.6016292572021,16.1469249725342,-4.61465406417847,26.1234817504883,50.55419921875,299.303619384766
"Reynoutria_japonica",25.7108993981198,47.5526344702226,7.74987602233887,27.3882999420166,30.8706436157227,16.5925598144531,-3.00475931167603,23.7270584106445,52.7662506103516,286.229370117188
"Reynoutria_japonica",25.7473421945137,46.0356085295853,8.09443759918213,27.8035068511963,31.6538734436035,16.9280853271484,-2.69452714920044,28.9241409301758,47.0399398803711,279.876434326172
"Reynoutria_japonica",25.7480756807272,47.0503030052647,4.50515460968018,27.9100914001465,30.450662612915,13.0513048171997,-5.92800140380859,34.0464019775391,41.279224395752,297.788330078125
"Reynoutria_japonica",25.7802518033853,46.191162694507,5.73829936981201,28.0634231567383,31.1810150146484,14.3869380950928,-4.83963918685913,28.8179759979248,42.7454948425293,255.928009033203
"Reynoutria_japonica",25.7858144352101,53.3777236083818,7.26403760910034,24.0286254882812,30.1817970275879,16.3764896392822,1.69249725341797,37.4992942810059,28.8578987121582,238.426361083984
"Reynoutria_japonica",25.7890490939147,62.8566050129428,3.87022423744202,21.4146118164062,32.3359336853027,14.0052013397217,-2.92842984199524,26.9778823852539,35.7682609558105,220.147003173828
"Reynoutria_japonica",25.8403068125545,58.2304967001787,6.22731399536133,23.1770801544189,30.6047706604004,16.7948360443115,-0.0749505832791328,31.3108711242676,30.3108825683594,228.481048583984
"Reynoutria_japonica",25.8584914780314,47.5530228606567,8.00919914245605,27.3505268096924,30.9710884094238,16.9004650115967,-2.78975057601929,22.9609413146973,52.1702194213867,270.1953125
"Reynoutria_japonica",25.8720402202529,53.5446105676161,6.75635862350464,24.0110034942627,30.1473026275635,15.8402700424194,1.16704785823822,39.0892219543457,28.0742263793945,246.510681152344
"Reynoutria_japonica",25.882611824509,45.9430719966777,7.98954582214355,27.7760372161865,31.7983150482178,16.8502502441406,-2.84063363075256,27.4671058654785,44.039966583252,258.778076171875
"Reynoutria_japonica",25.8855441830569,47.2766143551781,5.41497945785522,27.7328796386719,30.6117267608643,14.0878448486328,-5.13703203201294,28.6124229431152,51.3658828735352,333.769714355469
"Reynoutria_japonica",25.8897818816364,44.5216952641615,12.4929857254028,27.7443294525146,33.3407516479492,21.6597557067871,1.07993423938751,36.9205627441406,23.3538875579834,196.18701171875
"Reynoutria_japonica",25.8948182048451,56.7564752307824,6.41127300262451,22.7005863189697,29.9738445281982,16.9081707000732,-3.28886914253235,36.2573165893555,28.2036228179932,235.499389648438
"Reynoutria_japonica",25.8990404634936,54.8949690549822,6.98451042175293,23.5856037139893,30.0663528442383,17.4954433441162,1.20872950553894,38.3441886901855,25.4637451171875,237.327056884766
"Reynoutria_japonica",25.9381986857585,47.5233521927348,8.18212985992432,27.3121948242188,31.0642166137695,17.1049041748047,-2.63995456695557,21.1549167633057,56.127025604248,285.260528564453
"Reynoutria_japonica",25.9646064827353,59.4725390262005,5.93131160736084,18.7048835754395,28.2839622497559,16.3089008331299,-0.825584292411804,28.1867294311523,34.7153739929199,221.214874267578
"Reynoutria_japonica",25.9749854340962,47.5544384922555,8.34645557403564,27.2892646789551,31.1105327606201,17.2903881072998,-2.50180077552795,25.1589660644531,53.3621482849121,301.612152099609
"Reynoutria_japonica",25.9851401064258,47.3396647822256,7.42781257629395,27.413402557373,30.9943428039551,16.2890300750732,-3.31932067871094,22.8481884002686,54.2189521789551,289.830322265625
"Reynoutria_japonica",25.9923095286514,45.7825188148217,8.38336753845215,27.7330570220947,32.0178260803223,19.0053825378418,-2.53155755996704,31.5897407531738,47.4222717285156,303.435852050781
"Reynoutria_japonica",25.9971036684867,46.5984996211388,6.46234226226807,27.739200592041,31.1882057189941,15.2094917297363,-4.19999504089355,23.6868705749512,44.0814247131348,209.249969482422
"Reynoutria_japonica",26.0136528389783,47.6081765526449,8.87093639373779,27.2109451293945,31.2316989898682,17.8679828643799,-2.03327989578247,21.6509170532227,57.2288131713867,294.157653808594
"Reynoutria_japonica",26.0370574727021,45.7326639741203,7.97751426696777,27.7730159759521,32.0130729675293,16.8663005828857,-2.9190526008606,28.4356708526611,47.653736114502,271.184844970703
"Reynoutria_japonica",26.0728611953433,47.056175851922,7.79204273223877,27.44065284729,31.1641788482666,16.6789131164551,-2.98669028282166,28.098165512085,43.9662132263184,263.885375976562
"Reynoutria_japonica",26.0966240448966,47.3653224174649,8.31232929229736,27.2882480621338,31.2132606506348,17.2703971862793,-2.53011441230774,20.2170352935791,55.5007095336914,268.822692871094
"Reynoutria_japonica",26.1201987689228,58.7890678034295,5.92653465270996,22.5851707458496,30.572639465332,16.5497150421143,-0.503050863742828,28.8261642456055,34.8519020080566,238.675659179688
"Reynoutria_japonica",26.1370901272902,54.9205400388355,6.92435789108276,23.5244274139404,30.1592655181885,17.4893627166748,-2.84574913978577,37.487060546875,25.1997699737549,227.933654785156
"Reynoutria_japonica",26.145598476075,47.4629769236253,9.35518550872803,27.1510314941406,31.3575611114502,18.4160041809082,-1.59324550628662,21.8578815460205,52.5220642089844,259.495330810547
"Reynoutria_japonica",26.1476381794766,46.0306463120714,9.0659122467041,27.5360565185547,32.0711822509766,18.0616302490234,-1.91080152988434,20.5131301879883,47.6616973876953,205.882919311523
"Reynoutria_japonica",26.1508203949584,46.7843073782592,6.82925081253052,27.6285133361816,31.2283668518066,15.6504201889038,-3.8971734046936,23.1677169799805,50.4268646240234,255.809509277344
"Reynoutria_japonica",26.2240272842871,45.5478944301713,6.22431230545044,28.0369529724121,32.0042190551758,15.014533996582,-4.59562063217163,32.497127532959,40.5365715026855,270.942504882812
"Reynoutria_japonica",26.2283818455999,47.203895234386,7.84724283218384,27.3836860656738,31.2148609161377,16.7754230499268,-2.96775054931641,22.4346351623535,54.7267761230469,292.357177734375
"Reynoutria_japonica",26.2330487141585,58.2877330966941,6.27967548370361,23.1925354003906,30.8852138519287,16.9495220184326,-0.0118320779874921,30.5440940856934,33.5448799133301,244.642913818359
"Reynoutria_japonica",26.236650643429,58.1643347426429,6.14565324783325,23.1764221191406,30.8472290039062,16.7878875732422,-0.122875206172466,32.3556709289551,33.2649765014648,253.09797668457
"Reynoutria_japonica",26.2804115384345,45.8801940253883,6.58230209350586,27.8970794677734,31.8662872314453,17.1279220581055,-4.23013353347778,31.0872478485107,47.6510391235352,309.226623535156
"Reynoutria_japonica",26.327445056596,46.0932323363383,7.24802923202515,27.7561798095703,31.8635292053223,16.1364002227783,-3.61151385307312,24.0973167419434,43.5629043579102,226.901184082031
"Reynoutria_japonica",26.348209895411,45.8501371842486,4.11252641677856,28.2372760772705,31.564697265625,14.5193901062012,-6.52102613449097,33.0354804992676,46.7759284973145,322.430114746094
"Reynoutria_japonica",26.3574153805816,46.4616722573577,7.55992364883423,27.5827903747559,31.6790962219238,16.4775505065918,-3.29375219345093,20.8974113464355,48.0330657958984,221.365737915039
"Reynoutria_japonica",26.3872361041453,45.7954050812113,3.56547427177429,28.3481502532959,31.508171081543,12.1659030914307,-7.03676700592041,29.6905422210693,47.5253944396973,295.957946777344
"Reynoutria_japonica",26.4011024926961,45.8766331869149,4.86479711532593,28.1254482269287,31.6748046875,13.5726089477539,-5.83264303207397,29.8045177459717,46.9528541564941,294.322448730469
"Reynoutria_japonica",26.4512673518094,45.8226851845019,4.05529546737671,28.2784118652344,31.6134796142578,12.7001628875732,-6.59373188018799,29.3523769378662,47.5806694030762,289.542877197266
"Reynoutria_japonica",26.4618781248795,45.7294668947587,4.66255044937134,28.1882629394531,31.8274917602539,13.3645334243774,-6.0559401512146,27.9633884429932,44.7584457397461,252.176177978516
"Reynoutria_japonica",26.5590326936517,57.8022578484193,6.23636102676392,22.9424171447754,30.7294597625732,16.9021034240723,-3.68638896942139,32.1837158203125,33.3487510681152,251.467376708984
"Reynoutria_japonica",26.5769368000944,46.3699257167437,9.00125980377197,27.4112739562988,32.1239356994629,18.0763854980469,-2.04477024078369,25.5778827667236,43.3792610168457,243.125091552734
"Reynoutria_japonica",26.5895599072265,45.9710226327748,7.16392183303833,27.7868766784668,32.0969772338867,16.0922107696533,-3.76978349685669,26.0956230163574,44.4597015380859,248.923568725586
"Reynoutria_japonica",26.6348992983091,60.6672697154132,5.63503074645996,19.6926212310791,30.1673889160156,15.6213283538818,-1.24455058574677,34.9416465759277,28.0755844116211,201.119049072266
"Reynoutria_japonica",26.6603184687411,46.1372927057646,9.52061748504639,27.4111404418945,32.3973655700684,18.6481685638428,-1.60670757293701,22.6261653900146,48.9850158691406,248.956146240234
"Reynoutria_japonica",26.7183605655809,46.2911414648793,10.6922311782837,27.1831245422363,32.5514526367188,19.9391174316406,-0.546453297138214,20.6692695617676,43.8797225952148,203.780044555664
"Reynoutria_japonica",26.7207083379938,59.4299017974571,5.99247121810913,19.0245361328125,28.7535133361816,16.505220413208,-3.89807677268982,23.894588470459,35.8163719177246,207.491760253906
"Reynoutria_japonica",26.8190616050909,60.7593886293635,5.51411962509155,20.1361656188965,30.6020431518555,15.5252771377563,-1.35429501533508,34.277458190918,28.5812110900879,200.156433105469
"Reynoutria_japonica",26.821892745967,60.6450113395685,5.69904518127441,19.3818130493164,29.9900798797607,15.7013130187988,-1.21077954769135,33.8320960998535,28.7437610626221,192.939208984375
"Reynoutria_japonica",26.865407004479,46.1221025148129,9.36655902862549,27.4039497375488,32.5091857910156,18.5157012939453,-1.79961097240448,26.4266357421875,43.0549468994141,245.377319335938
"Reynoutria_japonica",26.9594357872169,46.2172965676603,9.79352474212646,27.2700119018555,32.5493087768555,19.0059719085693,-1.43421804904938,27.1573638916016,40.4281120300293,236.085083007812
"Reynoutria_japonica",26.9767058327325,60.7903949138803,5.48083209991455,20.0637683868408,30.6838226318359,15.518159866333,-1.40590584278107,34.3798599243164,29.069465637207,201.112091064453
"Reynoutria_japonica",27.2154173565671,56.0035288500726,6.5359263420105,22.6902008056641,30.5329971313477,17.2561931610107,-3.34315776824951,28.9338359832764,30.1784763336182,205.408187866211
"Reynoutria_japonica",27.3010207023955,60.6063722437127,5.69912719726562,18.9420986175537,29.8769607543945,15.7617597579956,-1.26890826225281,34.0780258178711,29.7518062591553,194.937042236328
"Reynoutria_japonica",27.377892456764,46.0082551917579,11.6410255432129,26.9531726837158,33.2234153747559,21.0448627471924,0.146520778536797,24.862024307251,31.9334526062012,171.732711791992
"Reynoutria_japonica",27.3885220396499,59.3486835103271,5.9651927947998,19.3351650238037,28.9759883880615,15.6845722198486,-3.93418025970459,26.2458362579346,35.2989845275879,213.406402587891
"Reynoutria_japonica",27.4443283634288,58.8484414324294,6.32493591308594,21.61887550354,30.3939952850342,17.100170135498,-3.66748094558716,28.4552459716797,34.3080902099609,230.912567138672
"Reynoutria_japonica",27.5339627899448,60.7065549565014,5.49908351898193,19.3774890899658,30.3837547302246,15.5893020629883,4.08131313323975,35.6244697570801,28.9380149841309,199.962356567383
"Reynoutria_japonica",27.5630818868787,60.7080773763135,5.52258348464966,19.3758754730225,30.3962554931641,15.615909576416,4.10788726806641,34.9837188720703,28.8310031890869,196.200561523438
"Reynoutria_japonica",27.5649235797397,46.4126479376508,10.7803087234497,26.716588973999,32.8976860046387,20.1708583831787,-0.656426668167114,25.3005180358887,34.3081855773926,186.218353271484
"Reynoutria_japonica",27.5916047945269,56.2256153197267,6.12758159637451,22.477071762085,30.5606021881104,16.8705825805664,-3.77282524108887,33.4010353088379,28.4373378753662,225.02880859375
"Reynoutria_japonica",27.6179708742753,46.405428510204,10.517110824585,26.7444458007812,32.8511047363281,19.886890411377,-0.900434494018555,27.1670589447021,33.9901504516602,191.559341430664
"Reynoutria_japonica",27.6387865504963,46.2150184839991,11.3967351913452,26.7322444915771,33.1062049865723,20.8255481719971,-0.113648571074009,23.3958587646484,31.9406566619873,156.593688964844
"Reynoutria_japonica",27.6421595239229,46.349759325585,10.8903493881226,26.6979732513428,32.9649696350098,20.2863101959229,-0.575223565101624,25.4237174987793,33.7993469238281,175.758209228516
"Reynoutria_japonica",27.6631138880028,62.8240167324944,3.90631127357483,20.5893058776855,32.9397735595703,15.675199508667,-3.04560303688049,28.4786815643311,31.9702930450439,215.187576293945
"Reynoutria_japonica",27.7370329990733,60.6655396656567,5.61784696578979,19.0458850860596,30.2087707519531,11.4474105834961,4.15535354614258,34.2176933288574,29.0224876403809,192.860595703125
"Reynoutria_japonica",27.7540717454611,46.1060384275506,10.9442577362061,26.8575878143311,33.154125213623,20.3296718597412,1.18139290809631,26.5621643066406,30.9035911560059,184.198394775391
"Reynoutria_japonica",29.3071955575932,44.926547213648,12.6928968429565,20.7603034973145,28.9384670257568,22.5243968963623,6.61591386795044,23.1534118652344,12.7869939804077,91.1370315551758
"Reynoutria_japonica",29.3306126159381,45.0509004183057,12.5984220504761,21.7000885009766,29.5292987823486,22.4737911224365,6.52955913543701,24.2820701599121,13.2702693939209,97.7151031494141
"Reynoutria_japonica",29.5201123045987,45.0460689469743,12.6767263412476,19.278018951416,28.2649879455566,22.5078659057617,6.51326608657837,21.6129875183105,14.2034883499146,89.3616027832031
"Reynoutria_japonica",29.590287820354,45.0568538623358,12.7123489379883,18.2110195159912,27.7276992797852,22.5249710083008,6.50620222091675,20.6211757659912,14.3097200393677,85.4436721801758
"Reynoutria_japonica",29.8168095612668,62.5610745958969,3.93711018562317,19.7905769348145,33.2778816223145,15.872615814209,-3.08937573432922,29.5630111694336,32.7407531738281,224.360092163086
"Reynoutria_japonica",29.9172194651927,63.4137330614995,3.30193161964417,19.635404586792,33.5814399719238,13.9921932220459,-3.69156241416931,31.5311050415039,29.1613712310791,219.16716003418
"Reynoutria_japonica",3.00377283250444,44.8890903040016,9.698899269104,33.4572677612305,25.340799331665,6.20587921142578,5.35424613952637,63.1715774536133,11.1320476531982,206.90625
"Reynoutria_japonica",3.00470419932459,43.2309997980235,15.8602447509766,29.7339172363281,22.7809314727783,12.7130823135376,23.5204944610596,20.0861167907715,34.103401184082,78.3326110839844
"Reynoutria_japonica",3.01034695235592,45.8247314897846,9.44730091094971,33.5388031005859,24.6395950317383,17.2444934844971,3.01528644561768,41.5745887756348,21.5177974700928,225.786727905273
"Reynoutria_japonica",3.01682814348757,45.7628556539182,9.37142276763916,33.517032623291,24.6856861114502,17.1759433746338,2.93145871162415,41.7899284362793,20.583610534668,222.411865234375
"Reynoutria_japonica",3.01800051763577,45.260532814056,7.75256061553955,33.6155586242676,24.96413230896,4.3528299331665,1.27685165405273,56.3406105041504,15.0347480773926,224.971298217773
"Reynoutria_japonica",3.01843528846317,44.2524904242556,9.55136394500732,33.4536361694336,25.3059196472168,6.09621000289917,17.5714321136475,61.3584938049316,17.3981628417969,195.061172485352
"Reynoutria_japonica",3.05446024745694,45.3318790713689,8.34474658966064,33.5481796264648,25.0016002655029,8.8480110168457,1.8521865606308,46.9306335449219,16.5808696746826,213.636901855469
"Reynoutria_japonica",3.08333406170433,44.463090626347,9.78430271148682,33.4088973999023,25.4784393310547,6.28781652450562,17.8608951568604,52.0535545349121,20.0381870269775,172.020797729492
"Reynoutria_japonica",3.08624103867324,43.6896718059534,12.5209798812866,31.6990146636963,24.0833415985107,9.22963428497314,20.3625946044922,29.8031997680664,39.1734809875488,106.991714477539
"Reynoutria_japonica",3.08645138102498,43.5679468435336,13.2201242446899,31.15163230896,23.6339569091797,9.98347854614258,20.9885101318359,33.032657623291,35.1603546142578,122.424850463867
"Reynoutria_japonica",3.08736777480956,50.9482994472271,11.1357498168945,33.1425476074219,20.1519145965576,8.56543254852295,7.26493501663208,43.0543060302734,18.2541122436523,206.826446533203
"Reynoutria_japonica",3.09000314491536,45.0204138372994,9.42473125457764,33.3802909851074,25.3329219818115,9.92321109771729,2.85274028778076,50.0763282775879,13.3435535430908,200.796325683594
"Reynoutria_japonica",3.09047506847899,45.2612494347085,9.45510005950928,33.4242210388184,25.1373558044434,14.0069990158081,2.91443276405334,43.4367065429688,17.0233364105225,205.465698242188
"Reynoutria_japonica",3.09088941486703,45.6603250423431,10.6843128204346,33.3381767272949,24.9484615325928,18.5922985076904,4.16712474822998,40.9384460449219,22.0097198486328,230.422027587891
"Reynoutria_japonica",3.09343314461885,45.0473489089282,9.23691272735596,33.4214477539062,25.2799625396729,9.73665714263916,2.67597198486328,51.4849891662598,14.9314413070679,195.996795654297
"Reynoutria_japonica",3.11399958024586,43.7148174101813,12.3577175140381,31.8623752593994,24.2216472625732,9.04883766174316,20.2217979431152,31.9879531860352,37.8253288269043,113.287338256836
"Reynoutria_japonica",3.11417110835859,48.4428168496142,11.883487701416,33.903995513916,23.2861366271973,8.53776931762695,7.90558910369873,37.3975524902344,14.9864807128906,166.655624389648
"Reynoutria_japonica",3.11865042085084,44.0311868312763,10.803692817688,32.8164405822754,24.9479713439941,7.39704942703247,18.7844867706299,51.4531745910645,24.8177509307861,170.421936035156
"Reynoutria_japonica",3.1246001694135,44.6107213904898,7.21923446655273,33.6648292541504,25.3178825378418,3.81019139289856,2.84978342056274,79.90380859375,9.82188892364502,256.109924316406
"Reynoutria_japonica",3.13466378941184,44.5003517261552,8.5509614944458,33.4934616088867,25.41579246521,5.09201574325562,16.5893669128418,52.6012229919434,21.5153408050537,172.598968505859
"Reynoutria_japonica",3.13557577695547,43.7780502769706,11.9311656951904,31.8451061248779,24.1884498596191,8.62878894805908,19.7922840118408,38.0009422302246,34.8465461730957,134.86051940918
"Reynoutria_japonica",3.14315877978461,43.7280717908935,12.8720216751099,31.5967922210693,24.1140422821045,9.56064605712891,20.7374401092529,31.7790107727051,36.1638679504395,113.552658081055
"Reynoutria_japonica",3.14321750563684,43.5670481143696,13.5257921218872,30.8071002960205,23.5107688903809,10.3046131134033,21.2810840606689,32.5627288818359,35.8226356506348,120.53938293457
"Reynoutria_japonica",3.1725988841258,44.185890694832,11.2101192474365,32.8413887023926,25.2542686462402,7.72517204284668,19.2858123779297,53.7344017028809,21.196798324585,173.511154174805
"Reynoutria_japonica",3.19068683098184,44.8058196546921,8.08697605133057,33.493278503418,25.4056358337402,8.61987018585205,1.52232623100281,66.9644241333008,10.1689491271973,248.369018554688
"Reynoutria_japonica",3.20176355363032,44.1180136347934,11.0120973587036,32.6835823059082,25.0622119903564,7.57312631607056,19.0370330810547,51.9885177612305,23.8710060119629,170.574493408203
"Reynoutria_japonica",3.21213204076176,44.7784408664033,8.13299942016602,33.4555473327637,25.4469833374023,8.66567707061768,1.55613029003143,58.713695526123,12.8777742385864,208.742599487305
"Reynoutria_japonica",3.23031157228582,51.2889160228165,11.2200613021851,29.4609813690186,18.4852886199951,9.00207996368408,9.9649019241333,40.8462104797363,21.1652793884277,212.193496704102
"Reynoutria_japonica",3.23409848089097,45.7007722007418,11.4480743408203,33.2429618835449,25.0390777587891,19.4083976745605,4.88940238952637,43.2563781738281,25.5275688171387,265.848205566406
"Reynoutria_japonica",3.23648878319602,44.6830007519933,8.1104154586792,33.4724349975586,25.455078125,8.64597606658936,3.73654747009277,60.0691757202148,14.2483329772949,194.938827514648
"Reynoutria_japonica",3.25281240485265,43.8496328839145,10.9162950515747,31.5915584564209,24.0884895324707,7.64675760269165,18.7550926208496,41.3044700622559,35.3073654174805,147.014495849609
"Reynoutria_japonica",3.27051785609758,50.8204263833081,11.1188220977783,33.8721466064453,20.7905139923096,17.6575870513916,7.25552177429199,44.5009880065918,17.593240737915,217.992279052734
"Reynoutria_japonica",3.3049493176615,44.9636331758059,7.49602603912354,33.4903373718262,25.3527050018311,8.01490020751953,0.927814900875092,59.3394813537598,16.0111846923828,242.000671386719
"Reynoutria_japonica",3.30581111150781,43.7796645438632,13.1402950286865,30.774585723877,23.7568759918213,9.87142562866211,20.9737415313721,30.5872936248779,38.5956649780273,112.067764282227
"Reynoutria_japonica",3.31293449426725,43.6862447095541,14.1446371078491,30.2232875823975,23.427303314209,10.9054145812988,21.9381332397461,28.9062595367432,39.5039405822754,107.637176513672
"Reynoutria_japonica",3.33261561229548,45.012344285204,7.09503746032715,33.5190162658691,25.3090076446533,11.6938819885254,0.538139641284943,57.4019775390625,16.6946907043457,259.040557861328
"Reynoutria_japonica",3.35520825322277,45.1181632961111,9.51422309875488,33.2720413208008,25.4580993652344,14.1134643554688,2.89159202575684,36.6202354431152,19.3740310668945,180.3427734375
"Reynoutria_japonica",3.35579140154736,43.4123532449997,15.6481533050537,27.9567012786865,21.8489780426025,16.4708595275879,23.1668491363525,21.7049407958984,35.9408645629883,85.3353424072266
"Reynoutria_japonica",3.36323639829876,45.5163277901505,11.3792772293091,33.1492538452148,25.2732906341553,19.4160423278809,4.76730060577393,39.9903984069824,25.6408653259277,248.456085205078
"Reynoutria_japonica",3.36922858299496,43.9683561230324,10.748984336853,31.7423858642578,24.3785400390625,7.4290337562561,18.658130645752,54.7182121276855,30.5796203613281,190.947570800781
"Reynoutria_japonica",3.37308946105962,45.1961139962531,9.91078186035156,33.2452239990234,25.4362907409668,17.9838790893555,3.2882022857666,36.2277641296387,22.2771606445312,202.357650756836
"Reynoutria_japonica",3.3848475910291,45.692726136542,10.5773134231567,33.2418632507324,25.0942306518555,18.5511054992676,4.00496625900269,42.4831047058105,27.6431674957275,283.285827636719
"Reynoutria_japonica",3.39009826137628,49.0993952900991,10.9396238327026,34.0604629516602,22.6522254943848,18.1231098175049,7.01221179962158,39.7856941223145,19.5147380828857,205.363952636719
"Reynoutria_japonica",3.40771365952204,47.7627927630058,11.4754953384399,33.4203147888184,23.9038410186768,7.98988246917725,7.42167854309082,45.705696105957,12.7634143829346,194.700332641602
"Reynoutria_japonica",3.40800575626576,43.7877188488255,12.4936037063599,30.336332321167,23.4466171264648,9.28776454925537,20.264575958252,35.7016487121582,35.9564666748047,133.431716918945
"Reynoutria_japonica",3.43101232356491,44.9514888995858,7.34486961364746,33.4211578369141,25.4816951751709,7.86843729019165,0.746906697750092,52.2317161560059,15.2440328598022,224.608184814453
"Reynoutria_japonica",3.43249680863527,44.3356997799314,9.99246120452881,32.7687301635742,25.4261264801025,6.50235462188721,18.1100940704346,57.7695999145508,22.6809043884277,187.662109375
"Reynoutria_japonica",3.43871576509111,43.7545885976389,11.9858827590942,30.134313583374,23.2628898620605,8.82002067565918,19.7132339477539,38.2829170227051,35.8348731994629,144.947113037109
"Reynoutria_japonica",3.44675172341684,43.5939858349831,15.0589008331299,28.7463493347168,22.5547866821289,11.9316740036011,22.7198848724365,26.9864463806152,39.4599342346191,103.638214111328
"Reynoutria_japonica",3.49669288176642,44.4659861707859,9.65392971038818,32.9728469848633,25.5887889862061,10.1831464767456,17.8085021972656,62.0347290039062,17.9351005554199,198.616653442383
"Reynoutria_japonica",3.50487760048156,44.6511805441953,6.92312860488892,33.4191589355469,25.5230770111084,7.47814893722534,0.321882337331772,76.4255981445312,14.582106590271,247.623443603516
"Reynoutria_japonica",3.50647175137533,50.601784100064,10.9659776687622,34.3964691162109,21.4386539459229,17.6592922210693,7.1116156578064,49.0120468139648,17.5397644042969,245.034637451172
"Reynoutria_japonica",3.51074303648254,43.5651729100539,15.394549369812,27.7717094421387,21.9695434570312,16.187671661377,22.9626140594482,30.7152004241943,32.8245582580566,120.954917907715
"Reynoutria_japonica",3.51513258500932,45.2616563854648,10.6672019958496,33.107063293457,25.523624420166,15.2619533538818,3.99475288391113,42.2982597351074,21.7002372741699,220.173736572266
"Reynoutria_japonica",3.5233737234167,43.7523056186273,12.051778793335,29.6351928710938,22.9782867431641,8.92550277709961,19.7410659790039,37.7938842773438,38.8432464599609,143.672286987305
"Reynoutria_japonica",3.53797322504401,45.6669318564774,11.0248136520386,33.1207580566406,25.2290916442871,19.0500526428223,4.40629482269287,41.4282341003418,25.3868961334229,257.025787353516
"Reynoutria_japonica",3.54774471998136,45.5183144551905,8.08919811248779,33.3656387329102,25.1515026092529,16.0548114776611,1.52420234680176,50.1333656311035,23.2958126068115,290.118682861328
"Reynoutria_japonica",3.54805072603582,45.2421594137309,10.1545429229736,33.1110229492188,25.554615020752,14.7568311691284,3.48303842544556,48.3322334289551,20.69553565979,242.838592529297
"Reynoutria_japonica",3.5540392702755,47.9743769088643,11.9813776016235,33.3568382263184,23.8959903717041,8.48357009887695,7.95059776306152,45.3204689025879,13.0788602828979,182.470031738281
"Reynoutria_japonica",3.55830128576064,44.1503902922393,7.54059505462646,32.1713027954102,24.5098266601562,4.27294111251831,15.4306907653809,69.9958572387695,30.6889896392822,243.936462402344
"Reynoutria_japonica",3.57444163646458,44.9577055204457,8.42118167877197,33.233226776123,25.633394241333,14.6648540496826,1.76361262798309,53.7253646850586,15.5656986236572,235.235107421875
"Reynoutria_japonica",3.57671577543101,44.2457083961139,9.9188117980957,32.2558364868164,25.0339660644531,6.49983358383179,17.9707546234131,49.0546836853027,31.5167675018311,167.395477294922
"Reynoutria_japonica",3.59436497499017,44.438710501049,7.5205659866333,33.0375328063965,25.381290435791,8.10107421875,15.5952816009521,72.9082336425781,23.0770359039307,239.774780273438
"Reynoutria_japonica",3.60260634684528,44.2234213806549,9.96668529510498,32.1844673156738,25.0091114044189,10.5673036575317,18.0227890014648,57.8338813781738,29.8654537200928,199.125930786133
"Reynoutria_japonica",3.60819050490688,51.5073244770109,11.1699867248535,26.5287380218506,17.5949440002441,9.12748718261719,9.77721977233887,38.8840484619141,22.942081451416,224.715576171875
"Reynoutria_japonica",3.63524464774274,43.6938595642678,14.4654903411865,28.0272006988525,22.1948986053467,15.2429037094116,22.0745410919189,34.5566101074219,34.1863098144531,135.922637939453
"Reynoutria_japonica",3.63605629477099,47.4562418252896,11.4396171569824,33.0052757263184,24.1815795898438,7.87232160568237,7.36818981170654,58.9074821472168,12.6803646087646,228.272567749023
"Reynoutria_japonica",3.63885906707556,44.0376811413663,12.7178754806519,30.7110347747803,24.2139854431152,13.3558826446533,20.6890563964844,38.2499771118164,39.1166191101074,140.771850585938
"Reynoutria_japonica",3.64446405103072,51.5037555744924,11.1664619445801,26.6980323791504,17.682201385498,9.10410022735596,9.78620052337646,39.1445655822754,23.0973834991455,227.177124023438
"Reynoutria_japonica",3.64520839412115,43.9417010636174,13.0638160705566,30.1381855010986,23.7254409790039,13.7373208999634,20.9422988891602,44.115104675293,37.1955871582031,164.545974731445
"Reynoutria_japonica",3.64668944386545,45.4888393492024,8.41803932189941,33.2958030700684,25.2418079376221,12.9561195373535,1.81878912448883,46.291576385498,20.9452514648438,234.39208984375
"Reynoutria_japonica",3.66986570001278,44.8098995314147,8.62997817993164,33.1926040649414,25.7655067443848,9.13224792480469,1.93385744094849,52.7712936401367,16.5753269195557,195.044052124023
"Reynoutria_japonica",3.67977083285948,44.3090226546206,9.62621879577637,32.3608512878418,25.2630405426025,10.2016801834106,17.7336692810059,63.4567527770996,26.3540000915527,219.052230834961
"Reynoutria_japonica",3.68960704619625,50.9528721952973,11.0913314819336,33.1859169006348,20.6569519042969,17.6356945037842,10.191309928894,45.8381195068359,22.4901523590088,261.237670898438
"Reynoutria_japonica",3.69368899260704,44.3401209154931,9.61906051635742,32.4958572387695,25.3943614959717,10.1842355728149,17.7538814544678,54.8362350463867,26.8694839477539,190.369140625
"Reynoutria_japonica",3.69374478715263,44.1868447641498,11.3846225738525,31.7235870361328,24.8842086791992,11.9772682189941,19.4672031402588,47.3026809692383,34.7723121643066,167.205261230469
"Reynoutria_japonica",3.7069200416201,43.9033523735299,13.7388172149658,29.6375389099121,23.4119625091553,14.4271221160889,21.578929901123,39.1481399536133,38.0462188720703,148.525650024414
"Reynoutria_japonica",3.7266328326635,44.5582702507788,7.58942842483521,33.1477546691895,25.6030025482178,8.14022254943848,15.724401473999,64.03369140625,23.0296535491943,214.521499633789
"Reynoutria_japonica",3.73842271965139,46.3450272058093,11.6425447463989,32.9697723388672,24.8442821502686,19.6082000732422,5.05966424942017,54.3321418762207,16.6305103302002,246.455047607422
"Reynoutria_japonica",3.74039285983437,45.8752960492395,8.52243995666504,33.3084373474121,24.9326095581055,5.00501489639282,1.97294437885284,65.585319519043,16.3136348724365,289.892425537109
"Reynoutria_japonica",3.74483627963896,43.7796327960572,14.185809135437,28.372371673584,22.4953784942627,14.9431104660034,21.8583908081055,35.714542388916,37.2419357299805,138.973083496094
"Reynoutria_japonica",3.77840472443197,45.7868730768951,7.90947341918945,33.3236999511719,25.0179386138916,15.8519248962402,1.34523606300354,60.7384452819824,19.8296394348145,312.105041503906
"Reynoutria_japonica",3.77850783705421,44.498656218134,8.21536922454834,32.9172897338867,25.562520980835,8.77811908721924,16.3590660095215,57.1687545776367,26.6345996856689,195.546447753906
"Reynoutria_japonica",3.79935127526215,45.608922198157,7.13057994842529,33.3891334533691,25.0816478729248,3.64026665687561,0.557405531406403,65.0132675170898,17.6298217773438,294.900421142578
"Reynoutria_japonica",3.80343686212946,45.6600011816827,5.82557773590088,33.5384216308594,24.9402351379395,13.7196016311646,-0.700473725795746,67.9348678588867,18.510139465332,330.386657714844
"Reynoutria_japonica",3.80498745653033,51.4718243120625,11.1484899520874,28.2397117614746,18.2879257202148,17.2661361694336,9.87523937225342,40.1011772155762,23.3381614685059,228.326782226562
"Reynoutria_japonica",3.8441524468821,44.491280561382,9.59028148651123,32.7183952331543,25.698823928833,10.1240653991699,17.8038368225098,49.008846282959,32.4277458190918,173.180328369141
"Reynoutria_japonica",3.85996323946185,44.4253183477543,8.02175807952881,32.7920265197754,25.4883766174316,8.59829139709473,16.1494407653809,70.8639984130859,27.4512329101562,246.597747802734
"Reynoutria_japonica",3.88405426501497,44.5788738675675,8.53009796142578,32.9656181335449,25.7471332550049,9.06784915924072,16.7319602966309,52.3760948181152,35.0852508544922,185.502395629883
"Reynoutria_japonica",3.92763826450722,50.2678320148,10.5824890136719,34.2341575622559,21.9283294677734,17.4627475738525,6.70808792114258,49.519718170166,15.1445760726929,231.947021484375
"Reynoutria_japonica",3.92788489124554,45.3961418169834,8.89980602264404,33.0778045654297,25.4360370635986,17.005672454834,2.21358919143677,50.8169403076172,19.2939491271973,243.8984375
"Reynoutria_japonica",3.93625663369039,44.5237307158107,9.73628616333008,32.7273750305176,25.8094863891602,10.2601766586304,17.9823036193848,49.2553405761719,36.6936531066895,178.771575927734
"Reynoutria_japonica",3.94069936290709,46.3509541913114,12.0750312805176,32.7241592407227,24.9843578338623,20.1059455871582,7.92689228057861,54.9374122619629,14.5998439788818,227.953125
"Reynoutria_japonica",3.94431045923436,45.5399681302949,7.73909997940063,33.2151222229004,25.2555198669434,15.7686414718628,1.10405647754669,55.0723762512207,17.9832248687744,258.811279296875
"Reynoutria_japonica",3.9443264217468,44.3028397772202,11.9416217803955,31.9709205627441,25.4646701812744,12.4849643707275,20.1740665435791,44.6227760314941,36.679069519043,164.845840454102
"Reynoutria_japonica",3.94458476395638,50.0563674058995,10.5120830535889,34.1697959899902,22.1000938415527,17.4694690704346,6.62597322463989,48.2567520141602,15.6204147338867,225.327713012695
"Reynoutria_japonica",3.95142655132547,43.7784261093056,14.9781227111816,27.5384330749512,22.1623153686523,15.7555732727051,22.6189632415771,31.1935997009277,37.6904563903809,122.263244628906
"Reynoutria_japonica",3.96503891990431,45.2044769813354,10.0504150390625,32.9348373413086,25.7099666595459,10.4899263381958,3.28811144828796,47.576847076416,20.1389656066895,224.28923034668
"Reynoutria_japonica",3.97051467219108,45.0258707807889,10.31760597229,32.8939552307129,25.9008750915527,10.7630558013916,3.52381658554077,51.1593399047852,18.6719512939453,219.9580078125
"Reynoutria_japonica",3.97113424554002,46.1346364665191,11.9994688034058,32.7722778320312,25.1049976348877,20.06907081604,7.82482671737671,54.4295539855957,15.3175554275513,236.133270263672
"Reynoutria_japonica",3.99905512960655,50.736363482712,11.0098495483398,33.8947601318359,21.44313621521,17.7462501525879,10.2348232269287,46.8292694091797,19.50807762146,248.285827636719
"Reynoutria_japonica",30.2317377201043,50.5717708642979,8.67029285430908,24.926908493042,32.3853149414062,18.6698341369629,2.87973809242249,34.487434387207,26.4351978302002,195.75048828125
"Reynoutria_japonica",30.3793162647906,50.3601663291629,8.54298400878906,24.8525257110596,32.3809127807617,18.5423889160156,2.73801112174988,37.626636505127,24.7592029571533,205.887435913086
"Reynoutria_japonica",33.830498067339,52.1529478012321,7.32045650482178,23.4363918304443,33.3634910583496,17.7984828948975,1.16556072235107,34.8228721618652,28.9140796661377,208.743713378906
"Reynoutria_japonica",33.9653151061679,55.323842436157,5.56865262985229,21.8064785003662,32.7343063354492,17.1470546722412,-0.625953018665314,35.6272926330566,31.8753356933594,253.078491210938
"Reynoutria_japonica",33.9999112251924,53.9981986947829,6.27093839645386,22.7168827056885,33.1875,17.9562091827393,0.0520062446594238,34.3498344421387,28.6771583557129,223.717071533203
"Reynoutria_japonica",34.1943668921628,53.8231830696143,6.46815156936646,22.7393188476562,33.2989273071289,18.1999473571777,0.236517712473869,32.8664474487305,27.5426597595215,210.434066772461
"Reynoutria_japonica",34.2109817988481,53.8518665227927,6.30181741714478,22.7412796020508,33.2777709960938,18.0241508483887,0.0693819522857666,35.0080947875977,27.3509006500244,223.128936767578
"Reynoutria_japonica",34.3398699433252,55.3596580299099,5.69038057327271,21.7124347686768,32.9363288879395,17.3411388397217,-0.557573437690735,33.8465881347656,32.0383148193359,241.272186279297
"Reynoutria_japonica",34.4532453102655,53.9471464439934,6.32449722290039,22.682092666626,33.3608932495117,18.0751647949219,-4.5900297164917,33.0476226806641,28.2363204956055,214.708618164062
"Reynoutria_japonica",36.00310317357,54.4965696114646,6.1873607635498,22.2483291625977,34.0337677001953,18.167797088623,-5.0143404006958,32.9319534301758,27.631420135498,201.923385620117
"Reynoutria_japonica",36.1686608676386,54.3682162882744,6.37242746353149,22.2193393707275,34.1623802185059,18.4002799987793,-0.133862063288689,33.7009887695312,26.9804191589355,205.661178588867
"Reynoutria_japonica",36.432206910329,54.8414233877634,5.95423698425293,21.9780025482178,34.1590690612793,17.981315612793,-0.561272203922272,35.2128944396973,27.6025543212891,224.181640625
"Reynoutria_japonica",36.5449365575055,55.7349573820641,5.55967426300049,21.425163269043,33.8198852539062,17.5415649414062,-5.55353736877441,31.9419288635254,28.250638961792,221.069732666016
"Reynoutria_japonica",36.9673935304434,55.7012721441316,5.70885944366455,21.2681560516357,34.0739669799805,17.7963256835938,-5.49878454208374,32.0670127868652,29.3247222900391,226.520568847656
"Reynoutria_japonica",37.0506791153713,58.473835700022,4.58784484863281,20.3902015686035,34.4246788024902,16.8203926086426,-6.66774606704712,28.0145874023438,32.0636215209961,214.979949951172
"Reynoutria_japonica",37.4007752920793,56.0688761238618,5.46811151504517,21.0799102783203,34.1107025146484,17.587459564209,-1.06569409370422,33.374210357666,28.1990623474121,228.046585083008
"Reynoutria_japonica",37.4200427543074,58.6299202647624,4.85956048965454,20.3132705688477,34.7404327392578,17.205005645752,-6.50297117233276,31.2348232269287,29.0299320220947,217.642166137695
"Reynoutria_japonica",37.5297351750525,55.5787951797003,5.68618822097778,21.2628631591797,34.2471351623535,17.861743927002,-0.861924827098846,38.339672088623,25.1873760223389,237.727813720703
"Reynoutria_japonica",39.4390902746822,54.7438072975496,6.35705900192261,21.7755813598633,35.4354629516602,18.911376953125,-5.32313585281372,26.2638111114502,29.4765033721924,202.775726318359
"Reynoutria_japonica",39.6964170532212,57.2452027343684,5.25657415390015,20.4473628997803,35.1765098571777,17.721736907959,-6.26244401931763,26.3697872161865,33.5902824401855,213.86474609375
"Reynoutria_japonica",39.8026685333826,57.4021133526208,5.08523654937744,20.3897552490234,35.2402153015137,17.576847076416,-6.44972991943359,25.2889404296875,33.0435333251953,201.237548828125
"Reynoutria_japonica",39.8207541935892,54.6870225598566,6.3974232673645,21.8018264770508,35.6606292724609,19.0216178894043,-5.36346673965454,26.8503532409668,28.6592693328857,205.917083740234
"Reynoutria_japonica",4.00296145911462,45.2917002132222,9.66324329376221,32.9513854980469,25.5775260925293,10.1002130508423,2.92734575271606,42.4699287414551,21.0396633148193,202.599533081055
"Reynoutria_japonica",4.01859979954602,44.685584745341,7.0971884727478,33.2028999328613,25.7826347351074,7.64838123321533,15.2729644775391,73.0266342163086,28.6640815734863,255.858734130859
"Reynoutria_japonica",4.02138944688625,43.6585902812255,15.8678140640259,25.8924255371094,21.1305980682373,16.7264442443848,23.3197212219238,23.1987762451172,38.1692771911621,93.144287109375
"Reynoutria_japonica",4.04510914140083,44.3377360801798,12.3083925247192,32.0685234069824,25.6726970672607,12.826075553894,20.6069278717041,44.4140243530273,38.8268241882324,169.962921142578
"Reynoutria_japonica",4.04676973763806,45.1120837831789,8.79081916809082,33.0354537963867,25.7068138122559,9.26237201690674,2.04327535629272,57.0185394287109,21.1452541351318,259.458343505859
"Reynoutria_japonica",4.04868171262278,50.1500207401984,10.2940235137939,34.0916442871094,22.096752166748,4.63428401947021,9.58828258514404,56.4435768127441,15.2083005905151,258.334869384766
"Reynoutria_japonica",4.05074439863338,44.4941029239653,11.5643701553345,32.4706573486328,25.958137512207,12.054238319397,19.8995399475098,47.3334579467773,38.0070915222168,179.309463500977
"Reynoutria_japonica",4.06856124264575,45.3525170888482,9.34718894958496,32.9673614501953,25.533561706543,9.79618358612061,2.61766910552979,43.3594360351562,21.7557849884033,205.695526123047
"Reynoutria_japonica",4.06985404573572,45.4221217603121,9.34856986999512,32.9734725952148,25.4539279937744,17.4785823822021,1.522012591362,41.4160003662109,21.0804252624512,215.925262451172
"Reynoutria_japonica",4.09267919015342,51.9062833429153,11.0294351577759,26.5502910614014,17.7690830230713,17.1501979827881,9.65414905548096,37.7557640075684,26.6112079620361,253.709365844727
"Reynoutria_japonica",4.12020291326895,44.6106237609909,8.60134315490723,32.9888038635254,25.890043258667,9.12615203857422,16.851203918457,58.0240020751953,36.9496536254883,213.535247802734
"Reynoutria_japonica",4.16039058358861,44.9577258648842,6.83804178237915,33.2075614929199,25.7352561950684,7.36270618438721,0.118014134466648,78.2498779296875,22.662784576416,274.499114990234
"Reynoutria_japonica",4.16445216124601,51.1292891233293,11.0373191833496,32.5481224060059,20.5769023895264,17.3130722045898,10.1282005310059,45.2346343994141,21.4184722900391,250.596145629883
"Reynoutria_japonica",4.16983046720006,44.7968131864013,7.26613426208496,33.1968040466309,25.8323574066162,7.79540395736694,15.4760942459106,58.1671524047852,35.6839065551758,207.480941772461
"Reynoutria_japonica",4.17407209536982,44.6445184312504,10.2607507705688,32.8387451171875,26.1138725280762,10.7504539489746,18.6038818359375,59.422492980957,33.6243858337402,216.335235595703
"Reynoutria_japonica",4.17647819218082,49.8277530463408,10.4169483184814,33.807918548584,22.4523773193359,4.60362529754639,9.75436115264893,53.6976928710938,14.8467054367065,238.92008972168
"Reynoutria_japonica",4.18189646985723,45.3528684265482,11.086350440979,32.7055130004883,25.7261734008789,11.498345375061,3.13127684593201,39.3452224731445,22.506986618042,193.61882019043
"Reynoutria_japonica",4.18986224862446,45.9473863206721,11.3001775741577,32.6837425231934,25.2609119415283,19.4109764099121,3.42167043685913,52.3959541320801,21.6085395812988,271
"Reynoutria_japonica",4.19597931538266,46.287690815025,11.2260808944702,32.6371307373047,25.0281314849854,11.5548906326294,7.05846738815308,62.5963287353516,14.6167554855347,252.188507080078
"Reynoutria_japonica",4.20069883229455,44.8390301532926,6.6602349281311,33.2900085449219,25.7467384338379,7.19436407089233,14.8353958129883,65.1966094970703,32.3461036682129,224.932418823242
"Reynoutria_japonica",4.21068110816181,44.9803558793443,7.79584646224976,33.0711441040039,25.8001136779785,8.29765033721924,1.03513252735138,59.8186340332031,27.1437149047852,214.142684936523
"Reynoutria_japonica",4.21876692417191,44.95337441649,7.66908645629883,33.1030921936035,25.8243675231934,8.17733192443848,0.908149063587189,63.1301651000977,29.8441734313965,210.883209228516
"Reynoutria_japonica",4.22441559550248,44.5534647696459,11.9121131896973,32.5997886657715,26.1996784210205,12.3817234039307,20.32395362854,48.7316703796387,39.1910858154297,183.079345703125
"Reynoutria_japonica",4.23160268862249,44.0631615216728,14.7081365585327,30.2161178588867,24.3579387664795,15.3307199478149,22.8037586212158,38.9968948364258,33.1396446228027,146.281036376953
"Reynoutria_japonica",4.24466673689098,44.1573275233342,14.4293880462646,30.8664264678955,24.8959999084473,15.0049304962158,22.6284980773926,46.226634979248,31.2707290649414,171.940704345703
"Reynoutria_japonica",4.24930405107743,44.8900775174229,8.05367755889893,33.0841331481934,25.882417678833,8.55952167510986,16.2933940887451,54.7792930603027,32.1517562866211,185.117645263672
"Reynoutria_japonica",4.27963956410987,44.6210424092626,11.6536073684692,32.6755447387695,26.2376098632812,12.1227245330811,20.0680446624756,58.902774810791,35.7661437988281,215.353790283203
"Reynoutria_japonica",4.29763829789914,44.800156718269,8.19269371032715,33.0599746704102,25.9873580932617,8.70672988891602,16.4629878997803,75.926399230957,28.4199047088623,260.934692382812
"Reynoutria_japonica",4.30247243777407,44.3711224883314,13.8774642944336,32.0007247924805,25.9375324249268,14.3658256530762,22.290599822998,47.8874359130859,36.0982513427734,177.134216308594
"Reynoutria_japonica",4.30663794952411,44.7051551509412,11.4721336364746,32.7553062438965,26.2733554840088,11.9332466125488,19.8930625915527,48.4423522949219,39.5262718200684,181.7275390625
"Reynoutria_japonica",4.31816337087272,45.0774949477135,8.69919872283936,32.939151763916,25.7982769012451,9.17898464202881,1.90253508090973,60.7680931091309,23.8881435394287,242.696014404297
"Reynoutria_japonica",4.32121965912972,44.9544636307169,9.85118675231934,32.8629875183105,26.0336284637451,10.3186845779419,18.1770858764648,51.2531776428223,32.5582237243652,173.238403320312
"Reynoutria_japonica",4.3246836096911,44.0377437246582,14.8569269180298,29.963357925415,24.1308612823486,15.5027828216553,22.9141387939453,32.7376937866211,36.9379386901855,122.12272644043
"Reynoutria_japonica",4.32914456070097,46.1558906116021,10.4296064376831,32.7062034606934,25.0670127868652,18.4859466552734,3.73622274398804,68.57666015625,16.4258365631104,299.218811035156
"Reynoutria_japonica",4.34619482623629,44.1182705678201,13.9867877960205,30.7267646789551,24.6970615386963,14.5974855422974,22.1404094696045,37.0304946899414,37.6018142700195,136.255996704102
"Reynoutria_japonica",4.34845306813152,45.0248016550706,8.70291805267334,32.9441299438477,25.8691120147705,9.18739604949951,1.89227616786957,59.7804222106934,30.3487930297852,214.103240966797
"Reynoutria_japonica",4.37176423199206,44.1570898640061,13.8994798660278,31.0355186462402,24.9613933563232,14.487865447998,22.1061820983887,40.8230590820312,36.0659027099609,148.879150390625
"Reynoutria_japonica",4.3897483473207,51.8404247118186,10.9706382751465,29.6273384094238,19.1737976074219,17.1786079406738,9.82863712310791,40.546070098877,25.2688312530518,245.360748291016
"Reynoutria_japonica",4.4055264774084,44.3664840949093,13.9053106307983,32.0300979614258,26.0264472961426,14.3947687149048,22.3386459350586,55.3918113708496,32.1681480407715,199.307571411133
"Reynoutria_japonica",4.43456663893644,45.0791566378348,9.27004146575928,32.8129539489746,25.9263248443604,9.74728107452393,2.41851139068604,53.6528015136719,29.609375,194.96696472168
"Reynoutria_japonica",4.44341498175759,50.088888220733,10.2921304702759,33.7607078552246,22.324951171875,4.52578544616699,13.0325164794922,58.4409408569336,15.6813917160034,243.622024536133
"Reynoutria_japonica",4.4477427148743,44.0898777837398,14.1820096969604,30.8165836334229,24.8231620788574,14.7879228591919,22.3694877624512,35.714542388916,38.8780975341797,129.216949462891
"Reynoutria_japonica",4.45926128413277,46.0613961969033,10.8264493942261,32.5737419128418,25.2221183776855,11.1903495788574,4.07017707824707,49.7435302734375,17.7052307128906,207.553039550781
"Reynoutria_japonica",4.46528639308601,44.8646683746679,10.2288780212402,32.8288154602051,26.2187576293945,10.7056789398193,18.6133327484131,67.7345886230469,30.1338577270508,236.571563720703
"Reynoutria_japonica",4.48179230597375,44.8949824274046,11.3824625015259,32.6710090637207,26.2897033691406,11.8322057723999,19.8149871826172,54.7826805114746,30.0223026275635,191.502304077148
"Reynoutria_japonica",4.48352029990733,46.3694039251949,11.2711420059204,32.4447174072266,25.101411819458,19.3653945922852,7.09199380874634,56.1614112854004,14.7799863815308,224.922454833984
"Reynoutria_japonica",4.48378504587359,49.8397092018225,9.97559833526611,33.6755676269531,22.5798492431641,4.11555767059326,12.7595310211182,64.8176956176758,16.1971378326416,267.786254882812
"Reynoutria_japonica",4.4843217347159,45.6720525222378,10.4597835540771,32.5907592773438,25.49143409729,18.6382579803467,3.65375208854675,46.6888465881348,24.8862113952637,253.802536010742
"Reynoutria_japonica",4.50966287521574,45.2104740487709,8.69399452209473,32.8318481445312,25.7542877197266,9.16720008850098,1.86705255508423,48.6276702880859,29.2178859710693,204.89421081543
"Reynoutria_japonica",4.51413483159841,44.460587411857,13.1227130889893,32.4558906555176,26.3677177429199,13.5955715179443,21.616003036499,57.253833770752,31.9480457305908,207.839248657227
"Reynoutria_japonica",4.51683069162445,46.0019915569817,10.8537130355835,32.5297164916992,25.2832851409912,11.221287727356,4.07523584365845,58.3081398010254,18.2531299591064,254.203491210938
"Reynoutria_japonica",4.52944335308918,46.1934285418736,10.2517471313477,32.6040878295898,25.1092338562012,6.57399654388428,6.05244255065918,56.4746360778809,16.1522884368896,227.193328857422
"Reynoutria_japonica",4.53180530538461,46.1063669843811,10.2144775390625,32.6113739013672,25.1625213623047,10.5890331268311,3.47314977645874,63.4592933654785,16.6237030029297,255.664001464844
"Reynoutria_japonica",4.53354436132553,50.2696618598818,9.99359512329102,33.7905540466309,22.2050361633301,17.006217956543,9.32636070251465,62.1728935241699,15.7380809783936,285.749267578125
"Reynoutria_japonica",4.53717006635814,45.6954012653114,9.96239471435547,32.6342697143555,25.4698352813721,18.1314277648926,2.0279107093811,49.9343070983887,25.1277046203613,270.959045410156
"Reynoutria_japonica",4.5376885148453,44.9513919286283,10.7234058380127,32.7267189025879,26.216178894043,11.1839733123779,3.79143381118774,63.1454124450684,30.4228458404541,219.160659790039
"Reynoutria_japonica",4.55495144745433,49.8725091344112,9.96941471099854,33.6417045593262,22.6286678314209,4.09112930297852,12.7759294509888,65.1554794311523,16.5606384277344,258.397735595703
"Reynoutria_japonica",4.5830810309318,44.742885427017,12.3927946090698,32.6459159851074,26.5381565093994,12.8378744125366,20.9048748016357,48.4192008972168,32.7355918884277,175.506256103516
"Reynoutria_japonica",4.58431580851273,45.0121714407434,11.7153367996216,32.5547714233398,26.2780246734619,12.1494150161743,4.73538827896118,50.9570846557617,32.6166076660156,174.027481079102
"Reynoutria_japonica",4.59269858464766,45.8870467145225,12.3372440338135,32.3187675476074,25.5602741241455,12.683632850647,5.47092723846436,47.0054588317871,20.9671363830566,211.577301025391
"Reynoutria_japonica",4.60313923029134,52.4576242025312,10.7579336166382,26.111665725708,17.8736095428467,15.085205078125,9.34009265899658,38.54541015625,28.3819923400879,255.764709472656
"Reynoutria_japonica",4.61641469439168,45.0743460841884,10.7881841659546,32.5945892333984,26.1644802093506,11.2355556488037,3.84294128417969,55.714916229248,32.414134979248,197.177978515625
"Reynoutria_japonica",4.6319734645153,45.8771475397609,12.380313873291,32.2861824035645,25.5880279541016,12.7281141281128,5.50078248977661,50.5858840942383,20.5132236480713,221.467193603516
"Reynoutria_japonica",4.6348678117326,45.7922512358727,12.0181846618652,32.3510208129883,25.6227493286133,20.2661514282227,3.95922827720642,50.593505859375,24.1202716827393,263.700225830078
"Reynoutria_japonica",4.66355447136777,43.7827342655127,15.9804697036743,28.4729652404785,23.0138626098633,16.7368507385254,23.8213729858398,23.0506343841553,39.1634178161621,88.456657409668
"Reynoutria_japonica",4.66823408199856,52.3730281134095,10.8363590240479,27.2513637542725,18.2916526794434,17.0462684631348,9.50718784332275,38.6924247741699,27.3859939575195,228.200744628906
"Reynoutria_japonica",4.68854312776889,49.4344831531706,11.2817039489746,33.3572654724121,23.1490821838379,5.15827608108521,7.31227588653564,48.2300224304199,13.6178750991821,211.422393798828
"Reynoutria_japonica",4.6951701479833,43.8450921743832,15.7217397689819,29.4216747283936,23.7827033996582,16.4185218811035,23.7237930297852,27.5659294128418,38.259033203125,103.212890625
"Reynoutria_japonica",4.70125338501082,50.1421805013277,10.4241943359375,33.6104393005371,22.4659767150879,4.6054573059082,9.8035831451416,57.1775054931641,15.2078924179077,251.588043212891
"Reynoutria_japonica",4.71198602483299,45.7542357988925,12.6578702926636,32.234489440918,25.7714538574219,13.0141363143921,5.72216606140137,43.5575523376465,22.5674285888672,199.6416015625
"Reynoutria_japonica",4.71223977423315,45.1110728133004,12.1656055450439,32.4647445678711,26.3510494232178,12.5883922576904,5.14190912246704,56.5558586120605,31.3479804992676,206.671997070312
"Reynoutria_japonica",4.72321849965021,44.4015571840195,15.0953826904297,32.2336273193359,26.655086517334,15.5492715835571,23.708948135376,40.3735542297363,31.4711475372314,146.184188842773
"Reynoutria_japonica",4.73826574762477,43.9388642865464,15.4754076004028,30.2500648498535,24.5030670166016,16.1178493499756,23.6277523040771,25.9185886383057,41.5987586975098,96.2258834838867
"Reynoutria_japonica",4.73962388545412,45.5132512066203,12.0214786529541,32.3194580078125,25.9401302337646,12.4153661727905,5.0627326965332,49.4517631530762,23.5428485870361,244.990219116211
"Reynoutria_japonica",4.74877349207581,45.4435531507481,12.7763080596924,32.2512359619141,26.0942325592041,13.1603136062622,5.77859449386597,38.3647994995117,28.6552753448486,164.217132568359
"Reynoutria_japonica",4.75285716543063,45.1690001462699,12.8878240585327,32.2815208435059,26.3838958740234,13.291449546814,5.82943820953369,51.2062110900879,27.5322151184082,197.08772277832
"Reynoutria_japonica",4.75555523785813,52.8637421080358,10.772144317627,21.1345901489258,16.5051574707031,12.3954591751099,9.01517009735107,36.4392471313477,29.3497982025146,229.772521972656
"Reynoutria_japonica",4.75994130417958,49.9259081875642,8.94511985778809,33.6301879882812,22.6026935577393,3.09007525444031,8.29429149627686,73.7422103881836,15.3749532699585,313.2001953125
"Reynoutria_japonica",4.77723138243562,46.7404545087673,12.442663192749,32.0722007751465,25.0509357452393,8.63620376586914,8.28887176513672,48.7530364990234,19.4906272888184,198.302490234375
"Reynoutria_japonica",4.79044336962313,44.7064184940717,14.3149681091309,32.4665184020996,26.9187469482422,14.7311525344849,22.9682388305664,48.5574569702148,30.4343433380127,174.419006347656
"Reynoutria_japonica",4.79653465334812,45.1168204863956,13.5962219238281,32.2528839111328,26.5833034515381,13.9943170547485,6.48999071121216,50.4218368530273,30.9349498748779,180.088470458984
"Reynoutria_japonica",4.79676613904439,52.5231559339866,10.7767972946167,25.4018898010254,17.8166027069092,15.1359691619873,9.33737087249756,38.3987770080566,27.3296699523926,246.174774169922
"Reynoutria_japonica",4.80484428149394,44.8913222432092,13.468602180481,32.4069938659668,26.7634620666504,13.8809833526611,22.0761260986328,47.1010818481445,36.8413314819336,163.491851806641
"Reynoutria_japonica",4.80737201160934,48.8232433528955,11.5312328338623,33.050537109375,23.7456932067871,5.18986034393311,7.52425098419189,49.391716003418,14.2826538085938,212.86296081543
"Reynoutria_japonica",4.82637469074718,43.966900430169,15.6703386306763,30.7893257141113,25.0635585784912,16.2801761627197,23.945182800293,26.325553894043,40.5503234863281,97.6649475097656
"Reynoutria_japonica",4.83946437260439,52.7311846603441,10.7571268081665,22.8666820526123,17.0465221405029,8.88741683959961,9.12931156158447,37.3014602661133,27.9862575531006,235.505218505859
"Reynoutria_japonica",4.85189604976586,44.500004520357,13.9894504547119,32.5418815612793,26.9040489196777,14.4342021942139,22.633264541626,54.7693176269531,26.7100791931152,197.315673828125
"Reynoutria_japonica",4.85946488246783,45.784771796798,13.2380084991455,32.122127532959,25.9455623626709,13.5931577682495,6.23968315124512,47.2997627258301,21.1797428131104,191.772888183594
"Reynoutria_japonica",4.86406041398466,61.1040772497801,7.42867136001587,21.8514270782471,16.3051586151123,5.29816341400146,8.89863967895508,112.449691772461,30.3105430603027,473.175720214844
"Reynoutria_japonica",4.8763995453185,44.7996864682071,14.2764511108398,32.3855743408203,26.9894676208496,14.681037902832,7.11342906951904,57.2320938110352,27.6389636993408,200.055633544922
"Reynoutria_japonica",4.88192862773968,51.5863797181541,10.9164237976074,32.598388671875,21.0695247650146,17.2703323364258,10.089786529541,43.9632949829102,21.0294570922852,244.45881652832
"Reynoutria_japonica",4.89130270971631,60.885239996999,8.33212947845459,21.9262790679932,16.6205081939697,6.13197183609009,9.88096332550049,102.541648864746,30.1935024261475,419.064178466797
"Reynoutria_japonica",4.89165465267163,48.7505871427255,11.361759185791,32.9908981323242,23.837064743042,19.0563220977783,7.33048629760742,54.560188293457,14.6595964431763,240.849319458008
"Reynoutria_japonica",4.8953592745481,45.9140072740509,12.5315036773682,32.1555786132812,25.8124885559082,12.8895874023438,4.37758922576904,62.1306343078613,18.3397350311279,252.761779785156
"Reynoutria_japonica",4.90263990297259,44.5503294570412,14.2957878112793,32.5287399291992,27.0060997009277,14.7355165481567,22.9694633483887,46.6050834655762,27.7297401428223,168.625213623047
"Reynoutria_japonica",4.9070993136069,44.9221424518369,14.2927722930908,32.2735176086426,26.9105491638184,14.6887626647949,7.12537860870361,52.7486114501953,28.6474857330322,190.571762084961
"Reynoutria_japonica",4.92428598035172,44.7144599728212,14.1011638641357,32.4894104003906,27.0390872955322,14.5258321762085,6.93510770797729,56.6944007873535,25.4605503082275,195.127349853516
"Reynoutria_japonica",4.93237959985628,51.7749279421116,10.9204959869385,31.9571723937988,20.7391624450684,17.2705402374268,10.0352802276611,42.8663520812988,22.1565437316895,244.927429199219
"Reynoutria_japonica",4.9492699501849,52.7724506277992,10.7482509613037,22.488245010376,16.9667377471924,8.90627098083496,9.09228992462158,37.171012878418,27.3311901092529,232.721694946289
"Reynoutria_japonica",4.96303611054074,51.6280702621868,10.9525575637817,32.5519714355469,21.0806312561035,17.3236312866211,10.1159553527832,42.8975982666016,21.0204429626465,239.921783447266
"Reynoutria_japonica",4.99997301019888,44.4006841812786,13.7482213973999,32.575798034668,26.9657611846924,14.2358322143555,22.3923377990723,38.8550605773926,28.8544158935547,142.50569152832
"Reynoutria_japonica",40.009140728218,55.8528996043507,5.81140279769897,21.0256729125977,35.2484130859375,18.3401737213135,-0.86622428894043,31.7776947021484,27.4160041809082,214.568084716797
"Reynoutria_japonica",40.3201487313372,55.6124677681089,5.88074922561646,21.152961730957,35.4237365722656,18.4790153503418,-5.7425742149353,31.478588104248,25.6867618560791,205.420425415039
"Reynoutria_japonica",40.644984925108,55.4783793212075,5.87256097793579,21.2259712219238,35.5676116943359,18.5142383575439,-5.81247043609619,31.3922824859619,25.0498580932617,202.497039794922
"Reynoutria_japonica",41.3641315094707,54.5651866037295,6.0251202583313,21.8023910522461,36.2073135375977,18.8464069366455,-0.85736608505249,31.146635055542,23.2600517272949,190.403106689453
"Reynoutria_japonica",42.0925984354147,56.2839358400161,5.56450700759888,20.6176586151123,36.0010070800781,18.3826103210449,-1.29238748550415,25.4393405914307,31.6356296539307,198.612243652344
"Reynoutria_japonica",42.1288085231877,55.9855567237556,5.57134819030762,20.7538223266602,35.9047050476074,18.3798828125,-1.26792323589325,26.8943996429443,29.8344707489014,203.377975463867
"Reynoutria_japonica",42.3347901712121,56.0662067909506,5.56306314468384,20.6979465484619,35.987190246582,18.3982696533203,-1.28679537773132,27.6630592346191,28.1776294708252,201.844421386719
"Reynoutria_japonica",43.8301028408125,56.2204580407082,5.56606960296631,20.3182888031006,36.3363571166992,18.6054878234863,-1.33668398857117,29.3822116851807,26.8279666900635,200.815521240234
"Reynoutria_japonica",43.8932017507416,56.0064792492421,5.23848819732666,20.4255104064941,36.2413177490234,18.249059677124,-1.66538977622986,30.1305408477783,28.2290515899658,213.691955566406
"Reynoutria_japonica",43.9683042227711,56.26062080862,5.18554925918579,20.3330154418945,36.2912940979004,18.198429107666,-1.70658028125763,32.6847038269043,27.5993728637695,227.536376953125
"Reynoutria_japonica",44.1841876991986,56.1574620480392,5.46290397644043,20.3070755004883,36.3870124816895,18.5392627716064,-1.45929098129272,30.6316242218018,27.7933368682861,212.3427734375
"Reynoutria_japonica",49.3523032332833,54.0668374851874,5.95214319229126,20.7607955932617,39.5442543029785,20.0962829589844,-1.71178364753723,30.0916709899902,19.7819538116455,154.772232055664
"Reynoutria_japonica",49.3737783520104,54.3357334118334,5.11954975128174,20.7351226806641,39.1523208618164,19.1132469177246,-2.48480939865112,30.0709648132324,24.2657890319824,173.841979980469
"Reynoutria_japonica",49.4083701116732,54.035494146868,5.93288373947144,20.7942276000977,39.6195373535156,20.0964317321777,-1.73334431648254,30.6553401947021,20.3990802764893,159.980621337891
"Reynoutria_japonica",5.00287714961967,49.7431140236893,9.99999046325684,33.3138771057129,23.0491485595703,3.95122671127319,12.9752626419067,65.8388671875,17.18044090271,281.797546386719
"Reynoutria_japonica",5.00706457049866,47.4517056550794,10.8100023269653,32.2300910949707,24.5548133850098,7.07850027084351,6.71881723403931,49.2931747436523,18.3900108337402,204.48649597168
"Reynoutria_japonica",5.01405071201621,44.9629251149456,13.9652452468872,32.2803268432617,26.9594631195068,14.3709506988525,5.57439374923706,54.2953414916992,23.95143699646,204.789077758789
"Reynoutria_japonica",5.04420446615424,48.883571325438,11.0311393737793,33.0080337524414,23.7932052612305,4.6857852935791,10.5426416397095,58.0409393310547,14.534538269043,244.236602783203
"Reynoutria_japonica",5.0491746145912,46.375310996278,12.7741050720215,32.0288619995117,25.5041618347168,8.93837833404541,5.85445642471313,65.1164245605469,18.3798599243164,253.608856201172
"Reynoutria_japonica",5.06562543327652,60.9220299901609,7.4313063621521,23.2020320892334,17.8380146026611,4.98272132873535,9.26346015930176,125.038772583008,31.2824172973633,508.865783691406
"Reynoutria_japonica",5.07799185970186,45.1979300749487,12.7109184265137,32.2814979553223,26.6885547637939,13.1328754425049,4.37866353988647,55.44677734375,24.6600646972656,204.556137084961
"Reynoutria_japonica",5.08648306017362,45.9154732076761,12.64892578125,32.1349411010742,26.0207920074463,8.81472587585449,8.29925632476807,68.6433868408203,18.6080074310303,231.085739135742
"Reynoutria_japonica",5.09978264580438,45.0237755555841,13.7353706359863,32.2668266296387,26.9966468811035,14.1515092849731,5.3244047164917,57.5270576477051,19.5359268188477,218.581176757812
"Reynoutria_japonica",5.12742189735658,43.3837341535761,16.0183658599854,27.72043800354,22.2018165588379,16.886812210083,23.667049407959,14.06494140625,39.316478729248,66.592658996582
"Reynoutria_japonica",5.13012630809952,61.6886870585219,5.71644496917725,22.2410259246826,16.3369598388672,3.5785961151123,7.19251155853271,125.700424194336,30.5247287750244,639.104736328125
"Reynoutria_japonica",5.14018072391704,45.8466544906117,13.0843286514282,32.0782928466797,26.1480579376221,9.22756862640381,8.7095890045166,60.8890342712402,18.0859413146973,207.806030273438
"Reynoutria_japonica",5.14297392771056,48.7812428564816,10.8061952590942,32.9913101196289,23.873233795166,4.41572093963623,10.3355922698975,57.9103050231934,14.5850229263306,246.722717285156
"Reynoutria_japonica",5.14925131112965,47.8917958906525,10.3897037506104,32.4622230529785,24.3347759246826,3.84271669387817,6.3230242729187,56.3831520080566,15.9704742431641,249.361221313477
"Reynoutria_japonica",5.18050552315809,44.929847011715,9.70381832122803,32.7810211181641,26.7653274536133,10.2149457931519,1.47196698188782,73.1517181396484,17.0153388977051,274.226623535156
"Reynoutria_japonica",5.18801146696989,60.5543352649862,8.01125049591064,22.4936561584473,18.0029926300049,8.74797821044922,9.87271976470947,105.459197998047,31.0357322692871,436.702301025391
"Reynoutria_japonica",5.18967128861598,50.848946065,10.9903993606567,33.3777885437012,22.2036991119385,18.0049247741699,10.3724031448364,45.4741630554199,21.6438598632812,258.29296875
"Reynoutria_japonica",5.21048686227175,52.2728576074651,10.6657190322876,28.612907409668,19.2907295227051,17.0012302398682,9.50098419189453,44.1426811218262,21.4562530517578,241.963485717773
"Reynoutria_japonica",5.21524193585834,59.2168188382137,8.50281047821045,17.7084655761719,15.9501256942749,9.67951107025146,9.73084545135498,71.1153869628906,30.2480525970459,402.06201171875
"Reynoutria_japonica",5.21573089541453,52.0533675678208,10.7808322906494,30.3055744171143,20.1186447143555,17.1452369689941,9.78160762786865,44.5348701477051,21.7195625305176,246.786163330078
"Reynoutria_japonica",5.23642292225342,49.4943595313008,10.6173753738403,33.0940971374512,23.4685459136963,4.39631986618042,13.7335329055786,60.6828231811523,18.1524467468262,265.787780761719
"Reynoutria_japonica",5.2424390135943,46.0334483786725,12.4533767700195,32.1218719482422,25.9925079345703,8.62121295928955,8.09799671173096,78.871337890625,15.3843908309937,270.7431640625
"Reynoutria_japonica",5.25177379587448,52.2785068057938,10.7308254241943,28.7397861480713,19.3862781524658,17.0784492492676,9.57802200317383,42.6993865966797,21.0928039550781,231.267303466797
"Reynoutria_japonica",5.26672753686182,61.6882904873897,4.5931453704834,22.7551918029785,16.9890918731689,2.31266355514526,6.22672176361084,143.951248168945,32.3617668151855,566.635986328125
"Reynoutria_japonica",5.26737955781707,59.2844706664448,8.44968509674072,18.1301670074463,16.1829566955566,6.51317644119263,9.74990844726562,71.7275314331055,30.0367813110352,394.771575927734
"Reynoutria_japonica",5.27185739537501,47.7348977778299,10.7651414871216,32.275318145752,24.4927539825439,7.02877473831177,6.69036674499512,48.0468711853027,16.620922088623,208.739486694336
"Reynoutria_japonica",5.29398304156104,46.5603838788501,12.6884384155273,31.9882316589355,25.5335350036621,8.83708667755127,5.73755311965942,72.2055511474609,17.2318840026855,272.431335449219
"Reynoutria_japonica",5.29476657202741,45.1692001804892,12.4304847717285,32.2747917175293,26.9529132843018,12.8785724639893,21.0793209075928,61.0687065124512,22.9096355438232,198.507476806641
"Reynoutria_japonica",5.29521718424004,43.5604225993046,14.8692541122437,30.0959453582764,24.1215438842773,15.6225385665894,22.9034099578857,17.4416007995605,39.5893096923828,75.3811798095703
"Reynoutria_japonica",5.30281555275224,60.6087922738031,7.31627368927002,23.3622055053711,18.8726692199707,7.97560024261475,9.38072490692139,121.286308288574,31.2901592254639,500.05126953125
"Reynoutria_japonica",5.3100316210285,50.0829424185358,9.1261157989502,33.2542381286621,22.9201316833496,16.4050903320312,8.54281902313232,65.5677185058594,15.505259513855,304.981628417969
"Reynoutria_japonica",5.31411834681717,45.9998989637935,12.7443780899048,32.1045265197754,26.0973930358887,8.89464950561523,19.4739685058594,70.1841888427734,18.0568962097168,232.573928833008
"Reynoutria_japonica",5.31593375262554,45.043560706297,13.4515085220337,32.218189239502,27.1681785583496,13.881591796875,4.9820704460144,62.5025901794434,14.6149053573608,234.652328491211
"Reynoutria_japonica",5.32147296326315,52.1522059039732,10.6581687927246,29.8829479217529,19.9219284057617,17.0260028839111,9.61898994445801,45.9242362976074,21.0558471679688,248.793121337891
"Reynoutria_japonica",5.32988267991464,45.7565962923372,12.3811950683594,32.1204261779785,26.3612518310547,12.7810363769531,4.08207511901855,83.7740249633789,13.4541845321655,281.749633789062
"Reynoutria_japonica",5.3316420391677,49.8592155472866,9.11518955230713,33.2605628967285,23.0875949859619,3.09412217140198,12.0948047637939,65.4111099243164,17.1665363311768,277.839996337891
"Reynoutria_japonica",5.3337697424667,46.1264247161284,11.9535007476807,32.1481666564941,25.9476509094238,8.13372707366943,18.6290531158447,87.0254135131836,16.0628051757812,298.321899414062
"Reynoutria_japonica",5.3352818772035,45.4211116322205,11.4356994628906,32.2840232849121,26.6629829406738,11.885838508606,3.10068559646606,77.9165191650391,16.0053577423096,256.701354980469
"Reynoutria_japonica",5.33914593858451,61.8174847273255,4.95667743682861,22.1638813018799,16.573429107666,2.75516390800476,6.49019432067871,134.828430175781,32.276782989502,527.171630859375
"Reynoutria_japonica",5.34756130296353,60.4001800873558,6.88096809387207,22.4912605285645,18.4482078552246,7.61521100997925,8.83214473724365,121.874633789062,30.8841590881348,524.122619628906
"Reynoutria_japonica",5.34992344182742,46.227601382763,12.044771194458,32.1184883117676,25.8700332641602,8.22004699707031,7.7155385017395,87.9899291992188,14.5142593383789,326.441589355469
"Reynoutria_japonica",5.36045576494906,45.8271367221914,12.6496334075928,32.0898132324219,26.3838500976562,8.79088020324707,8.21356964111328,78.5236740112305,13.1914157867432,262.436706542969
"Reynoutria_japonica",5.36630924322434,60.3330352319963,7.85284090042114,21.9509830474854,18.2447528839111,8.61745071411133,9.75499439239502,105.437927246094,29.966329574585,462.866729736328
"Reynoutria_japonica",5.36824657147079,43.3825676085881,15.0109233856201,28.5909862518311,22.7679634094238,15.8610649108887,22.7641906738281,14.6803760528564,40.685359954834,66.9114379882812
"Reynoutria_japonica",5.36887597414721,47.3055039132798,12.1422185897827,31.9629039764404,24.8748512268066,20.2592334747314,8.01958084106445,47.9436225891113,20.6915092468262,232.435195922852
"Reynoutria_japonica",5.37242406926379,45.196746997084,12.819239616394,32.19775390625,27.0361499786377,13.2601957321167,21.5005054473877,62.0645637512207,19.296745300293,199.535629272461
"Reynoutria_japonica",5.37939787016343,45.3552655226615,12.1789197921753,32.2258338928223,26.8553047180176,12.6218719482422,3.78090643882751,72.0491256713867,11.8826208114624,249.648284912109
"Reynoutria_japonica",5.37942402633357,59.4701130024647,8.22777557373047,19.4471607208252,17.0318412780762,6.08585405349731,9.7558069229126,79.4584503173828,30.410228729248,349.464752197266
"Reynoutria_japonica",5.38488624339509,46.6227809053264,12.6676940917969,32.0239639282227,25.5317478179932,8.81446552276611,5.70406579971313,72.7482376098633,16.2356491088867,277.158782958984
"Reynoutria_japonica",5.38584245945754,46.432942154991,11.1096801757812,32.2198486328125,25.5757751464844,7.32681703567505,6.81954383850098,92.3744964599609,16.068172454834,348.646026611328
"Reynoutria_japonica",5.39550224417648,46.3474266253401,11.5028991699219,32.1943855285645,25.6906070709229,7.70358276367188,7.1928768157959,90.1533126831055,15.7134380340576,321.294677734375
"Reynoutria_japonica",5.40352700080567,45.4872289678497,11.4887371063232,32.2644119262695,26.6864547729492,11.9384346008301,3.14075303077698,78.7216949462891,12.5717124938965,279.104278564453
"Reynoutria_japonica",5.40449509059057,61.2553933473899,6.62947702407837,24.5557346343994,19.6320190429688,3.78838586807251,8.89665412902832,137.450912475586,33.8537254333496,553.492919921875
"Reynoutria_japonica",5.40492774277503,45.0441071193014,10.7435941696167,32.5196914672852,26.9880752563477,11.2355251312256,2.38739442825317,72.379768371582,13.8840141296387,272.655059814453
"Reynoutria_japonica",5.41564908714213,46.2897635029335,11.623854637146,32.1668510437012,25.8110313415527,7.8141508102417,7.2931432723999,90.4814147949219,16.0378532409668,325.635498046875
"Reynoutria_japonica",5.42250619331502,61.256944991382,6.13235139846802,24.6414012908936,19.8192577362061,3.24949169158936,8.44429779052734,144.797454833984,34.5294914245605,582.526611328125
"Reynoutria_japonica",5.42421468684486,61.9727349795129,5.86107397079468,20.9684352874756,15.8606395721436,3.81492376327515,7.19955444335938,119.193412780762,33.9461212158203,620.855163574219
"Reynoutria_japonica",5.42599423708955,45.051817667913,9.54259300231934,32.6393547058105,26.9228706359863,10.0616388320923,1.23156547546387,75.5762786865234,13.3127021789551,266.321105957031
"Reynoutria_japonica",5.4291743896144,46.0081889402496,11.2655649185181,32.2562065124512,26.102108001709,19.6280460357666,3.04754185676575,95.4011306762695,12.3131494522095,348.948974609375
"Reynoutria_japonica",5.43860679598906,59.5612828325529,8.25508689880371,19.9042415618896,17.3578453063965,6.03375864028931,9.87159824371338,86.5332717895508,30.9989948272705,365.481872558594
"Reynoutria_japonica",5.46147462855001,50.2292567527289,9.71540546417236,33.0723838806152,22.931001663208,16.980993270874,9.15494728088379,56.0074348449707,15.358172416687,256.788696289062
"Reynoutria_japonica",5.4636033027639,43.5335217834405,14.7292261123657,30.0682792663574,24.1258239746094,15.4904346466064,22.7707557678223,16.8392467498779,41.2864723205566,70.5986785888672
"Reynoutria_japonica",5.46491099488621,49.3975643568153,10.5334768295288,32.964786529541,23.70436668396,4.22798585891724,13.7318649291992,56.4018821716309,17.8949241638184,246.711532592773
"Reynoutria_japonica",5.4657483780684,61.558662445567,7.03885746002197,23.7768096923828,18.8750953674316,4.33055543899536,9.14717197418213,118.161880493164,31.2048664093018,444.136840820312
"Reynoutria_japonica",5.48532363873622,61.7801496038629,3.08084750175476,22.814510345459,17.4269180297852,0.698553681373596,4.81735706329346,133.508987426758,29.3324375152588,506.419311523438
"Reynoutria_japonica",5.4872629830604,45.3006795853069,12.3824901580811,32.1888008117676,27.0188808441162,12.8330583572388,21.0522003173828,79.944091796875,16.0695400238037,246.871612548828
"Reynoutria_japonica",5.49022516655223,46.3738327234886,11.1018619537354,32.2454719543457,25.7386436462402,7.31249094009399,6.78159046173096,96.9896469116211,14.839451789856,359.825592041016
"Reynoutria_japonica",5.49048363964431,43.3199315164679,15.4677419662476,27.7441635131836,22.1632099151611,16.364278793335,23.1090602874756,12.4583530426025,43.2488212585449,57.0032958984375
"Reynoutria_japonica",5.50010306974868,44.933143918625,5.85096120834351,33.1552429199219,26.7337779998779,6.45760440826416,14.3223762512207,87.1715774536133,15.7866868972778,277.790130615234
"Reynoutria_japonica",5.50580532322338,45.6049578008857,12.5680809020996,32.1129417419434,26.8156414031982,8.67461967468262,4.1443452835083,83.5430603027344,11.3616886138916,287.192657470703
"Reynoutria_japonica",5.50798961422109,60.9716616430345,4.618577003479,25.0127544403076,20.4216480255127,1.61495840549469,7.06051635742188,154.437652587891,31.7890567779541,627.316223144531
"Reynoutria_japonica",5.51669158681606,61.5977480446073,5.28799343109131,23.7207279205322,18.7519912719727,2.60223364830017,7.36214733123779,142.371765136719,33.9288215637207,521.67626953125
"Reynoutria_japonica",5.52154254779781,44.8350880099585,5.08689880371094,33.3371200561523,26.7080955505371,5.71146965026855,13.5337629318237,80.9520034790039,18.2964687347412,260.570922851562
"Reynoutria_japonica",5.52800236213722,46.9877246582381,12.2455701828003,31.9707622528076,25.2258262634277,8.39682769775391,5.35118103027344,64.3974609375,17.7725887298584,274.594360351562
"Reynoutria_japonica",5.53044089774781,43.3529369592705,13.9577608108521,28.4254894256592,22.558708190918,14.8467636108398,21.6588268280029,15.2482824325562,44.4032821655273,67.8096923828125
"Reynoutria_japonica",5.53733314938593,43.3798045265548,13.6684913635254,28.9295463562012,22.9628524780273,14.532395362854,21.4497623443604,16.1984004974365,46.005126953125,70.4197692871094
"Reynoutria_japonica",5.53902175961981,45.2416460360107,10.407000541687,32.396110534668,26.9592094421387,17.1969261169434,2.03595280647278,90.6229629516602,10.4048595428467,342.632019042969
"Reynoutria_japonica",5.54016630633982,60.4843248088312,6.88478565216064,23.6341590881348,19.708028793335,4.04590749740601,9.13080024719238,123.029830932617,30.9792289733887,501.860717773438
"Reynoutria_japonica",5.54939298173414,53.0700506667652,10.5395069122314,24.1558036804199,17.6920280456543,16.8497524261475,8.96627140045166,36.5120010375977,26.4482021331787,246.494598388672
"Reynoutria_japonica",5.55079248221692,58.7303974327623,8.70979976654053,19.8261013031006,17.0359535217285,9.819016456604,10.1605548858643,67.5691299438477,31.6372966766357,378.928283691406
"Reynoutria_japonica",5.5552098484166,44.764528257203,6.25748634338379,33.2507820129395,26.9127540588379,2.57904458045959,14.7707929611206,62.715389251709,24.4375095367432,205.241500854492
"Reynoutria_japonica",5.55917473577043,60.6744732120901,6.85095834732056,24.4614124298096,20.423511505127,3.84420394897461,9.28808975219727,122.668800354004,35.5310325622559,455.406311035156
"Reynoutria_japonica",5.56000222418391,45.2667897190015,11.2424211502075,32.2809066772461,27.0543441772461,19.9015846252441,2.81260704994202,93.8181610107422,9.56308174133301,342.433319091797
"Reynoutria_japonica",5.56327546367979,44.8355370641962,7.52283716201782,33.0259628295898,26.9864940643311,3.78379464149475,16.0985660552979,58.2739753723145,26.0764541625977,188.391906738281
"Reynoutria_japonica",5.5673362013048,62.0340024123327,6.43416690826416,20.991361618042,16.1066818237305,4.30732870101929,7.8437557220459,100.783905029297,32.9384422302246,522.041625976562
"Reynoutria_japonica",5.56785759966058,61.1951001346409,5.08751392364502,24.944881439209,20.5035018920898,2.04751372337341,7.55634498596191,147.42333984375,34.612979888916,589.706787109375
"Reynoutria_japonica",5.59520573419066,45.2966339277805,13.2206354141235,32.0412368774414,27.2392272949219,13.6700973510742,4.68108367919922,75.1848449707031,10.3609504699707,260.059753417969
"Reynoutria_japonica",5.59570902307378,50.2958149279571,9.40830612182617,33.0124855041504,22.9275569915771,16.6678123474121,8.83636379241943,64.3604736328125,16.2551651000977,304.988983154297
"Reynoutria_japonica",5.5977792888864,45.6118292168896,13.2505474090576,32.0532646179199,26.967622756958,13.6710996627808,4.76192474365234,75.1865386962891,11.1008720397949,259.873779296875
"Reynoutria_japonica",5.60250436952258,60.5475952824461,6.7089262008667,24.2003574371338,20.3657398223877,3.72405481338501,9.10902404785156,128.440277099609,31.0040988922119,529.365966796875
"Reynoutria_japonica",5.60250738483246,61.7756892027035,2.63997840881348,23.0424957275391,17.9541931152344,0.123115301132202,4.51561880111694,127.49006652832,29.4941959381104,475.578826904297
"Reynoutria_japonica",5.60470507136621,50.3551334501163,9.62201404571533,33.0119705200195,22.8921699523926,16.8725624084473,9.05191707611084,64.912467956543,16.1090068817139,307.2724609375
"Reynoutria_japonica",5.6055406904804,45.6707141621838,12.405704498291,32.1479835510254,26.7929973602295,8.51592922210693,19.2628612518311,85.5976486206055,12.6615390777588,271.889312744141
"Reynoutria_japonica",5.61056014570303,60.9433812280601,4.14275932312012,25.1220321655273,20.7473983764648,1.06138348579407,6.65285491943359,154.489593505859,35.7049560546875,600.818237304688
"Reynoutria_japonica",5.61081855335384,43.2916600060268,15.3340749740601,27.8168964385986,22.2880477905273,16.2322368621826,23.0076065063477,12.0526113510132,45.3575134277344,54.7031517028809
"Reynoutria_japonica",5.61698533715862,61.5312787875988,4.56536149978638,24.2409839630127,19.5436325073242,1.70802187919617,6.83139801025391,145.482727050781,32.0047149658203,544.0302734375
"Reynoutria_japonica",5.61706480490118,44.9270400555641,9.20070362091064,32.7033195495605,27.162748336792,5.38204574584961,17.8609733581543,68.658821105957,19.9568214416504,216.299667358398
"Reynoutria_japonica",5.62040295912022,47.1533923617482,12.1295909881592,31.9514255523682,25.1294116973877,8.27755165100098,7.96254444122314,58.7014579772949,17.2000885009766,245.306549072266
"Reynoutria_japonica",5.63213317765827,62.0048061442383,5.89073038101196,21.2879295349121,16.4185981750488,3.67387461662292,7.39866018295288,100.164520263672,33.485912322998,524.331176757812
"Reynoutria_japonica",5.6333251830927,45.4270426760774,10.9279546737671,32.3049545288086,26.9564056396484,11.410117149353,2.513592004776,95.6043243408203,10.0074453353882,332.136291503906
"Reynoutria_japonica",5.64343402108673,47.8928774830569,11.1401386260986,32.1549949645996,24.5708713531494,7.34597206115723,7.06216287612915,51.7674331665039,16.1707878112793,223.896575927734
"Reynoutria_japonica",5.64659281538131,45.8210410872707,12.370020866394,32.1112213134766,26.6927528381348,8.48257446289062,15.8702154159546,65.8412246704102,18.9793510437012,215.844787597656
"Reynoutria_japonica",5.6486052891326,62.2188951929373,6.83448648452759,19.4437923431396,15.1554641723633,7.86429309844971,7.9711012840271,84.9267730712891,35.2735366821289,478.134490966797
"Reynoutria_japonica",5.64861975814874,45.7654034106236,12.546989440918,32.097484588623,26.7473697662354,8.64623069763184,19.4144172668457,66.3795776367188,18.7171497344971,215.876708984375
"Reynoutria_japonica",5.65669114226668,47.4307422818172,12.01793384552,31.9342803955078,24.9265880584717,20.1526222229004,7.8869571685791,54.4156227111816,19.2708072662354,254.83642578125
"Reynoutria_japonica",5.66222941030669,59.4626848856695,7.32104969024658,21.5741176605225,18.7087898254395,4.87384939193726,9.20847797393799,101.062309265137,30.4525318145752,450.326873779297
"Reynoutria_japonica",5.66861502173885,45.5095865949609,12.8455438613892,32.0505104064941,27.1212787628174,21.5489120483398,4.32733774185181,75.0157165527344,11.2672681808472,286.717926025391
"Reynoutria_japonica",5.67587640176932,45.5666522066816,12.7984886169434,32.0705528259277,27.0578536987305,13.2406911849976,4.29482364654541,80.4641876220703,10.477801322937,283.443115234375
"Reynoutria_japonica",5.67910600076905,61.5583156184579,4.84276962280273,24.1180286407471,19.688497543335,1.9355810880661,7.14886426925659,133.398498535156,31.7928619384766,492.807342529297
"Reynoutria_japonica",5.67944198121192,62.052450265474,5.38882970809937,21.0697498321533,16.3165550231934,3.19145107269287,6.86720323562622,100.994537353516,33.5034370422363,526.65185546875
"Reynoutria_japonica",5.6830411286202,45.8799896230539,11.6839590072632,32.1844100952148,26.6084041595459,7.82857894897461,18.4952564239502,67.4560928344727,20.3819732666016,225.593505859375
"Reynoutria_japonica",5.68408194637803,45.1467894391391,12.8824272155762,32.0660209655762,27.4870872497559,8.90760803222656,21.7073078155518,66.4485626220703,18.1292095184326,204.368469238281
"Reynoutria_japonica",5.68488002986377,45.116060993581,13.2255630493164,32.0456924438477,27.5643768310547,9.23219013214111,22.0738582611084,62.1927528381348,16.2911739349365,192.046401977539
"Reynoutria_japonica",5.68755020061512,59.4730803511736,7.02750778198242,21.9030284881592,18.9825134277344,4.53412389755249,8.97277164459229,102.833038330078,30.7930126190186,433.938079833984
"Reynoutria_japonica",5.69300269972112,59.4037351546598,7.04385948181152,21.8325977325439,18.8880653381348,4.58231067657471,8.95901203155518,102.144096374512,30.9533786773682,459.143798828125
"Reynoutria_japonica",5.70089834580913,46.2491420506665,8.9322681427002,32.4852256774902,25.9368095397949,17.1978378295898,4.53151988983154,101.264656066895,15.7046880722046,414.512298583984
"Reynoutria_japonica",5.70125178226075,45.8269141071646,12.496488571167,32.0851173400879,26.7673206329346,8.59629535675049,16.0060501098633,74.2291793823242,16.026575088501,243.679626464844
"Reynoutria_japonica",5.70396563063222,50.2087072908881,7.99509525299072,33.1064987182617,22.9623603820801,2.09431052207947,7.3801097869873,72.6204223632812,14.5921211242676,323.860412597656
"Reynoutria_japonica",5.7044002988944,61.7126983378189,2.15022563934326,23.3929805755615,18.5948905944824,-0.508478343486786,7.1878809928894,136.345413208008,35.1636810302734,490.013488769531
"Reynoutria_japonica",5.7059378152102,44.9000404776574,10.8110733032227,32.4877548217773,27.450870513916,11.3270635604858,19.5851707458496,64.9375076293945,15.2662525177002,204.136657714844
"Reynoutria_japonica",5.70680477132661,45.3289912000854,7.73236083984375,32.6559295654297,26.8102874755859,8.2900505065918,-0.553799271583557,105.618728637695,10.3850574493408,392.851196289062
"Reynoutria_japonica",5.70866392019635,61.7452609523305,3.03948354721069,23.3959178924561,18.8149566650391,0.325436919927597,8.15681457519531,123.551147460938,35.4854431152344,441.822113037109
"Reynoutria_japonica",5.71034589322583,46.0423684571512,7.48481798171997,32.690071105957,26.0475101470947,3.81639361381531,3.02933812141418,98.9143524169922,15.4930839538574,358.726196289062
"Reynoutria_japonica",5.71613725720208,46.5002482407881,10.6329965591431,32.3042793273926,25.7250537872314,6.84465885162354,6.30147457122803,98.730827331543,13.16725730896,380.630493164062
"Reynoutria_japonica",5.7164782035913,62.0036757257629,4.57989835739136,21.5804672241211,16.745044708252,2.2807309627533,6.1770806312561,105.153038024902,33.3686141967773,404.169128417969
"Reynoutria_japonica",5.71793958492538,45.0544414839971,11.8051471710205,32.2025260925293,27.4958209991455,7.8561110496521,19.7342681884766,84.3509674072266,9.92625427246094,266.777984619141
"Reynoutria_japonica",5.72179125880922,49.2742255414263,10.4756383895874,32.8642082214355,23.9774589538574,4.08966732025146,10.0439548492432,54.2505416870117,15.4289827346802,233.032562255859
"Reynoutria_japonica",5.72542951934548,44.8385355213127,10.5404443740845,32.5419540405273,27.483699798584,6.64589357376099,19.3184680938721,66.5263977050781,15.3786888122559,209.641036987305
"Reynoutria_japonica",5.73104055248238,51.0616628931061,10.9738464355469,32.9145393371582,22.3080749511719,18.0609683990479,10.3909254074097,38.8094139099121,19.7290935516357,210.58869934082
"Reynoutria_japonica",5.73667637917561,45.3228770966844,6.46606683731079,32.7862854003906,26.7281398773193,7.05099773406982,-1.77469182014465,112.909271240234,12.1320419311523,353.749938964844
"Reynoutria_japonica",5.74085503445195,45.0150645716693,8.93239784240723,32.5823554992676,27.2236042022705,5.10145092010498,16.776668548584,97.8191986083984,11.2043056488037,301.375427246094
"Reynoutria_japonica",5.74192564002973,45.6004285769887,11.1319456100464,32.2419815063477,26.9249877929688,7.26217126846313,14.5626258850098,96.6601409912109,12.4381256103516,308.411193847656
"Reynoutria_japonica",5.75499805244666,58.6071998755025,7.39008617401123,21.3099231719971,17.8682250976562,8.44401264190674,9.00683784484863,93.2362365722656,30.8139553070068,403.746246337891
"Reynoutria_japonica",5.75946620036634,50.7593326149505,10.511531829834,32.9120407104492,22.5936374664307,17.6752014160156,9.9455623626709,56.2864952087402,17.9150638580322,283.717559814453
"Reynoutria_japonica",5.75986698321187,47.5505277460576,11.9185972213745,31.9701061248779,24.891284942627,20.051944732666,7.79445457458496,56.9607543945312,17.2679271697998,247.575988769531
"Reynoutria_japonica",5.76076089840682,44.7123490808967,8.24224472045898,32.9302215576172,27.3289890289307,8.8230562210083,16.9320659637451,70.4160003662109,17.1098327636719,225.955200195312
"Reynoutria_japonica",5.76524570918211,45.4832133257936,10.6571626663208,32.2787666320801,27.0563011169434,19.3100528717041,2.21723937988281,93.4620208740234,10.4666118621826,356.375823974609
"Reynoutria_japonica",5.76617186685291,46.7448744025275,10.5085639953613,32.2650375366211,25.5090255737305,6.72694253921509,10.026798248291,88.8208923339844,15.3038454055786,322.045837402344
"Reynoutria_japonica",5.76782743170254,46.6536666156667,10.5916213989258,32.3017845153809,25.6117267608643,3.72761106491089,6.28968477249146,97.291015625,12.813850402832,355.755126953125
"Reynoutria_japonica",5.77077692000152,45.3017965185752,7.09027194976807,32.6779098510742,26.8625984191895,3.35066652297974,14.8060779571533,104.344566345215,11.738808631897,336.140045166016
"Reynoutria_japonica",5.77304933202392,46.4634746512348,9.15945148468018,32.4850273132324,25.6811943054199,5.428870677948,4.81363296508789,111.700798034668,13.2227516174316,436.525177001953
"Reynoutria_japonica",5.7756942237615,44.9820670453581,9.0518741607666,32.5991744995117,27.2937126159668,5.20554351806641,17.7657318115234,74.7729873657227,15.5575313568115,233.846496582031
"Reynoutria_japonica",5.77774062980869,48.853907095872,10.7554836273193,32.7953872680664,24.2654209136963,4.24853181838989,6.69219446182251,53.1604690551758,12.2981605529785,218.033325195312
"Reynoutria_japonica",5.779147822414,44.6820624590605,6.49788522720337,33.1960220336914,27.155689239502,7.11340856552124,15.1043357849121,66.9073867797852,20.5768165588379,219.480377197266
"Reynoutria_japonica",5.7802842198713,61.5601251835161,6.22593355178833,24.0556011199951,20.0849151611328,3.20802187919617,11.7880115509033,109.494964599609,35.5257568359375,395.560852050781
"Reynoutria_japonica",5.78160970401531,47.2786259263243,12.0643873214722,31.9207286834717,25.1380996704102,20.2524681091309,7.89100551605225,60.4807510375977,16.2269611358643,257.587951660156
"Reynoutria_japonica",5.78402580791554,60.458954392828,5.30010318756104,24.4445495605469,20.9819393157959,2.19583678245544,7.8215389251709,143.372802734375,30.2307224273682,616.519348144531
"Reynoutria_japonica",5.79078861299952,53.2041855971603,10.451979637146,25.4971160888672,18.1277275085449,16.8022956848145,6.14867115020752,38.0928001403809,25.4117374420166,250.497131347656
"Reynoutria_japonica",5.79479094222327,53.3202506556219,10.4455509185791,24.5883655548096,17.8588714599609,16.7866039276123,6.11153268814087,36.998119354248,25.0402851104736,244.499298095703
"Reynoutria_japonica",5.79675973835444,60.0589265496237,7.40787410736084,23.4471054077148,20.6067390441895,4.45373821258545,9.778639793396,113.26155090332,29.0137310028076,479.680114746094
"Reynoutria_japonica",5.79690253356534,60.8614155143746,3.34505987167358,25.2085304260254,21.4972515106201,0.0996737480163574,6.02322816848755,143.296844482422,36.0995903015137,546.420166015625
"Reynoutria_japonica",5.81641014452709,46.6574362662312,10.3127317428589,32.3263778686523,25.6367340087891,3.46009087562561,6.00167036056519,98.9470138549805,12.1231689453125,375.482238769531
"Reynoutria_japonica",5.82130925481118,45.2904266088431,8.9691162109375,32.4281311035156,27.1440467834473,5.1374397277832,17.6317405700684,84.3026809692383,18.3885307312012,258.272644042969
"Reynoutria_japonica",5.82832530527589,46.4938083346024,8.51113510131836,32.572868347168,25.6691112518311,4.80781984329224,4.15449571609497,112.916046142578,14.5491008758545,425.563873291016
"Reynoutria_japonica",5.82994696614689,47.5523913071838,11.8921794891357,31.979736328125,24.9007987976074,20.0287399291992,7.76868391036987,57.1599044799805,17.4697914123535,252.013549804688
"Reynoutria_japonica",5.832863987329,45.6335452015161,8.90966606140137,32.4956321716309,26.7516994476318,5.11698532104492,4.31282806396484,104.906539916992,10.7983388900757,372.038116455078
"Reynoutria_japonica",5.85144166928094,45.0460817650883,9.00296306610107,32.5145950317383,27.3287811279297,5.14453506469727,16.8881206512451,81.7540740966797,11.5474834442139,263.231811523438
"Reynoutria_japonica",5.85967105509308,45.3881784493904,8.4485969543457,32.4953384399414,27.0072765350342,17.0624942779541,0.072211779654026,94.1916198730469,9.82305908203125,338.4462890625
"Reynoutria_japonica",5.8662720031406,45.4582402939838,8.10457038879395,32.5650596618652,26.8814315795898,4.32348251342773,3.46392941474915,104.238212585449,9.98307704925537,363.9091796875
"Reynoutria_japonica",5.88098138547706,47.0314134747966,10.7898969650269,32.162353515625,25.3133754730225,6.98133325576782,6.55469512939453,90.4659729003906,12.3863639831543,351.778259277344
"Reynoutria_japonica",5.88459129600371,45.178069563898,8.76054668426514,32.4469680786133,27.2808380126953,17.4739780426025,7.93734264373779,97.4576950073242,8.9152250289917,345.172515869141
"Reynoutria_japonica",5.88594336608933,46.461784448161,9.09955024719238,32.4993171691895,25.8302307128906,2.26390743255615,15.7147607803345,100.148612976074,16.9907321929932,343.201416015625
"Reynoutria_japonica",5.88612995124086,60.4283633881767,4.48258399963379,24.6609344482422,21.4822673797607,1.28249263763428,7.10024166107178,135.870208740234,30.6841945648193,584.432861328125
"Reynoutria_japonica",5.89650248028303,60.9139347499359,1.83747446537018,25.3487930297852,21.7021179199219,-1.46027302742004,4.56070899963379,146.537124633789,33.8160171508789,587.525085449219
"Reynoutria_japonica",5.89823599106163,61.5100301759613,3.48416233062744,24.3870658874512,20.6338634490967,-2.1954243183136,6.03267908096313,135.613265991211,32.9596900939941,518.364807128906
"Reynoutria_japonica",5.90159969486616,53.2650703601609,10.4118347167969,25.8600177764893,18.2910594940186,16.7891063690186,6.10471534729004,38.2869644165039,24.6022930145264,246.499938964844
"Reynoutria_japonica",5.91287317776187,44.8288675509771,9.5442419052124,32.6038589477539,27.5672950744629,5.65682506561279,18.3395690917969,62.2310600280762,20.401725769043,193.398315429688
"Reynoutria_japonica",5.91342443818557,61.4145665688718,4.93788242340088,24.6317539215088,21.2110767364502,1.67157804965973,7.61512804031372,109.33797454834,29.8240776062012,431.896759033203
"Reynoutria_japonica",5.9154498874567,61.7482123448684,5.27562808990479,23.5138645172119,19.5938167572021,-0.11979765444994,7.57685804367065,99.8160018920898,35.1464691162109,366.8515625
"Reynoutria_japonica",5.92056770424095,45.2023182840266,5.36846971511841,32.849853515625,26.97682762146,13.93678855896,4.46783542633057,104.329978942871,9.32149696350098,370.923095703125
"Reynoutria_japonica",5.92452186560039,61.0050702097886,1.54462623596191,25.3097457885742,21.8098640441895,-1.79873883724213,4.31026172637939,125.554916381836,33.2719306945801,508.255065917969
"Reynoutria_japonica",5.93075198662879,45.5069676420306,11.2944355010986,32.135856628418,27.288122177124,4.07487678527832,10.6025238037109,78.0943984985352,12.7269372940063,293.721618652344
"Reynoutria_japonica",5.93083642031769,60.4901273376331,3.17581105232239,24.8894634246826,21.634334564209,-0.0613976903259754,5.8260440826416,152.384841918945,31.3932590484619,648.948059082031
"Reynoutria_japonica",5.9315839184072,46.4093152800219,7.48669528961182,32.7079811096191,25.8443298339844,15.7067623138428,3.08110117912292,118.30541229248,12.7987356185913,475.090454101562
"Reynoutria_japonica",5.93803370709538,50.5772566530319,9.24202537536621,32.8391532897949,22.8684329986572,16.4834079742432,8.66658782958984,70.2715301513672,15.1399669647217,316.361694335938
"Reynoutria_japonica",5.9429341243073,45.047199342546,3.13515782356262,33.1966361999512,26.8211498260498,-0.49838262796402,10.8515844345093,100.66446685791,14.4630842208862,319.563110351562
"Reynoutria_japonica",5.94749186818597,46.4942528973996,8.82855224609375,32.5328330993652,25.8508415222168,1.99652862548828,4.43965005874634,107.755294799805,11.458155632019,389.613098144531
"Reynoutria_japonica",5.95788164810642,61.5018641369266,3.5735239982605,24.3828468322754,20.8011093139648,0.386643141508102,6.16381502151489,125.779289245605,35.5575637817383,462.051300048828
"Reynoutria_japonica",5.95822700073659,46.44113515136,7.00124645233154,32.7752914428711,25.7855339050293,15.2004327774048,2.59710597991943,127.080192565918,11.6094303131104,495.315490722656
"Reynoutria_japonica",5.95847964833937,45.6981745637338,8.24347019195557,32.5553588867188,26.8499946594238,16.8007793426514,3.61301493644714,101.804893493652,11.6772842407227,387.654327392578
"Reynoutria_japonica",5.96581786369473,53.0464022273128,10.3881168365479,28.5614738464355,19.3713989257812,16.8114261627197,6.16459941864014,41.4015998840332,24.4245376586914,240.12516784668
"Reynoutria_japonica",5.96904833104411,47.761757486505,11.5332460403442,32.0173645019531,24.8307666778564,19.6516227722168,7.42906665802002,58.2527046203613,16.9403686523438,253.260330200195
"Reynoutria_japonica",5.97038662270149,45.5999700824116,9.17861652374268,32.4058494567871,27.0309467315674,5.33411169052124,4.51675128936768,91.8529891967773,12.1837682723999,314.804321289062
"Reynoutria_japonica",5.97079936327272,45.6618708299029,7.16432809829712,32.6770820617676,26.7863616943359,3.40480327606201,2.53276705741882,103.705131530762,11.2870006561279,370.374298095703
"Reynoutria_japonica",5.97841849223724,50.3012526517183,8.35833549499512,32.8666458129883,23.1097412109375,2.39960622787476,11.3565492630005,70.6730346679688,15.0023012161255,303.875122070312
"Reynoutria_japonica",5.98536355142834,47.9897272921319,11.0567760467529,32.1997222900391,24.6669082641602,7.22763586044312,6.97168302536011,60.730354309082,16.3527126312256,265.61572265625
"Reynoutria_japonica",5.98665375922463,60.5740129976626,3.69195413589478,25.0259647369385,21.9239616394043,0.372522354125977,6.42910766601562,121.879531860352,32.1587066650391,495.005462646484
"Reynoutria_japonica",5.98933761464571,48.1113243366848,10.5425596237183,32.3183517456055,24.5967998504639,6.74009561538696,6.46517944335938,60.0935516357422,16.0107955932617,255.58984375
"Reynoutria_japonica",5.99454786493708,61.5720140810153,4.33449983596802,24.2320995330811,20.816593170166,1.1294196844101,6.93487405776978,102.539199829102,33.2570114135742,392.126953125
"Reynoutria_japonica",5.99597083348635,60.2924333729124,4.8759331703186,24.6084041595459,21.7384376525879,1.63668704032898,7.53010368347168,125.706069946289,34.3957443237305,476.620239257812
"Reynoutria_japonica",6.00105505398766,45.0854532819443,8.93447208404541,32.4083023071289,27.4969234466553,5.04217720031738,16.8763694763184,64.1425857543945,17.2281608581543,199.048370361328
"Reynoutria_japonica",6.0059961618271,45.3932570421412,11.2904081344604,32.0812034606934,27.5157451629639,4.0182147026062,10.5668344497681,83.3794784545898,9.70760536193848,290.638031005859
"Reynoutria_japonica",6.00717284845773,61.9971867192981,4.74249649047852,22.5548095703125,18.4400100708008,2.02680158615112,9.80724716186523,83.4592971801758,35.9387435913086,316.707214355469
"Reynoutria_japonica",6.01933093980234,47.0555360555186,10.9291648864746,32.1556358337402,25.4053936004639,19.1477279663086,6.68179750442505,82.9549179077148,12.5022850036621,328.149169921875
"Reynoutria_japonica",6.02344169336292,46.4431424302745,6.47799253463745,32.841480255127,25.8000946044922,-0.255297213792801,2.06698203086853,122.750114440918,11.9892978668213,479.553771972656
"Reynoutria_japonica",6.02570972746163,45.4758414292491,13.0269432067871,31.8810081481934,27.6294231414795,8.99915790557861,12.3618011474609,63.0243759155273,12.6423320770264,218.614959716797
"Reynoutria_japonica",6.03756927142659,61.715919127039,1.56643569469452,23.8337345123291,19.9616661071777,-1.45247840881348,3.94913721084595,114.173080444336,36.3727073669434,431.264739990234
"Reynoutria_japonica",6.04202825228943,45.0780261357776,7.03827476501465,32.6332817077637,27.3794631958008,3.20918583869934,6.14714670181274,71.863151550293,15.0686159133911,238.990966796875
"Reynoutria_japonica",6.04586818333331,45.7875471261441,9.582932472229,32.3987579345703,26.9992923736572,18.2042694091797,4.94590425491333,85.7292251586914,14.0837326049805,351.350860595703
"Reynoutria_japonica",6.053112163041,49.9571700418812,9.29067039489746,32.6983222961426,23.6020889282227,3.1117537021637,8.79411602020264,52.5231056213379,15.8954496383667,228.392181396484
"Reynoutria_japonica",6.05699366186877,61.2640306710868,2.27319478988647,24.9991016387939,21.9425506591797,-1.16359686851501,5.11962509155273,122.157836914062,35.1977844238281,485.222869873047
"Reynoutria_japonica",6.05763256761498,58.8228785275822,6.32530975341797,23.791690826416,20.0559253692627,3.74162364006042,8.42841053009033,95.8930816650391,31.6168594360352,440.704925537109
"Reynoutria_japonica",6.05918385260374,44.9518095223314,1.90573060512543,33.3397674560547,26.9102401733398,-1.70970511436462,10.3892631530762,81.6452713012695,18.319522857666,252.939300537109
"Reynoutria_japonica",6.06042800237196,59.5963499094289,4.24653911590576,24.298023223877,21.3355751037598,1.29166114330292,6.67205667495728,121.999717712402,31.4465160369873,493.771575927734
"Reynoutria_japonica",6.06508151251858,60.8799804770258,2.70896768569946,25.2763977050781,22.3079814910889,-0.760385930538177,5.5992751121521,109.770164489746,32.1712036132812,469.245178222656
"Reynoutria_japonica",6.06976750834405,44.9848263724087,4.18623304367065,33.0440864562988,27.110954284668,-2.75828242301941,12.0024785995483,78.2124252319336,20.4369106292725,241.395477294922
"Reynoutria_japonica",6.07360799909333,46.4729527036407,7.29855108261108,32.7493133544922,25.8670387268066,15.5241708755493,2.8884596824646,107.114730834961,12.7117137908936,441.516723632812
"Reynoutria_japonica",6.08001484762854,53.0095344724936,10.3560228347778,29.3574237823486,19.8089122772217,16.7991237640381,6.15176486968994,42.5327987670898,24.3083686828613,244.777038574219
"Reynoutria_japonica",6.0831453104755,45.2673327953041,4.93023872375488,32.8208541870117,27.0127429962158,-2.04259133338928,4.03391218185425,90.8180694580078,11.4201250076294,330.213470458984
"Reynoutria_japonica",6.09266134763065,44.8934415900233,1.86594426631927,33.3536224365234,26.9683952331543,-1.75619459152222,10.3637800216675,75.5725173950195,18.5631008148193,234.799438476562
"Reynoutria_japonica",6.10935909194327,52.8326084875708,10.3369474411011,30.7540607452393,20.5555381774902,16.8159427642822,6.19229459762573,44.1360015869141,24.4619102478027,255.381744384766
"Reynoutria_japonica",6.11252399110556,46.6786014147469,7.49897956848145,32.6732368469238,25.6416549682617,0.75102424621582,6.90856313705444,109.664283752441,11.9898614883423,400.332885742188
"Reynoutria_japonica",6.11365051235614,60.4591784759792,2.38259649276733,25.1395683288574,22.254711151123,-1.00111997127533,5.17327976226807,124.458450317383,32.0678787231445,518.74365234375
"Reynoutria_japonica",6.11416957718324,45.9686372735551,10.2506561279297,32.4161491394043,26.8330078125,6.37522506713867,5.65935373306274,81.9111557006836,14.6356639862061,293.557250976562
"Reynoutria_japonica",6.12090235219283,46.6484263567863,7.22486686706543,32.7205924987793,25.6753997802734,0.485057264566422,6.61613655090332,114.639808654785,11.2548427581787,432.057861328125
"Reynoutria_japonica",6.12113246552002,46.2595202207075,11.4562940597534,32.2883491516113,26.5915679931641,7.57565641403198,14.9969205856323,76.5900268554688,14.2526159286499,263.244049072266
"Reynoutria_japonica",6.13122165366581,58.5129339875219,7.37335872650146,23.0529098510742,19.3681411743164,4.91639995574951,9.32349014282227,104.326683044434,29.1244564056396,416.201019287109
"Reynoutria_japonica",6.13248027245018,60.3005362258136,5.96403121948242,24.7892112731934,22.5313320159912,2.52304148674011,8.8154411315918,109.209602355957,35.2846374511719,418.540802001953
"Reynoutria_japonica",6.13275479205793,46.8107118182185,8.61496829986572,32.5413513183594,25.6099014282227,1.82233572006226,4.27944946289062,93.0771789550781,11.3105554580688,358.950378417969
"Reynoutria_japonica",6.13774802566917,48.7293846311206,10.6080160140991,32.7471237182617,24.5517749786377,18.5796279907227,6.53248453140259,48.0361404418945,11.7937355041504,199.576187133789
"Reynoutria_japonica",6.1464409620898,61.4102891271522,4.33884382247925,24.6577606201172,22.0695705413818,0.830277621746063,7.25145101547241,94.4939270019531,35.7852401733398,370.411590576172
"Reynoutria_japonica",6.16033934110664,46.3399291665356,11.1130075454712,32.3145637512207,26.5130996704102,7.24575662612915,14.6442632675171,75.0630569458008,15.2169370651245,260.149658203125
"Reynoutria_japonica",6.17044834710714,59.1960391991402,5.80462121963501,24.5376949310303,21.4797554016113,2.89599061012268,8.24712657928467,97.3980255126953,32.5159568786621,443.659393310547
"Reynoutria_japonica",6.1793722837666,46.5280303571657,5.91585922241211,32.9282188415527,25.8400840759277,-0.808489441871643,5.24680328369141,110.104278564453,13.0358228683472,419.994079589844
"Reynoutria_japonica",6.18120457612303,45.7653678730151,8.62150573730469,32.4884185791016,27.0591239929199,1.50419294834137,3.95760631561279,78.2914810180664,12.2819852828979,303.237182617188
"Reynoutria_japonica",6.18301351273347,48.408795884542,10.8026628494263,32.5656661987305,24.6665878295898,4.11400938034058,6.72839069366455,57.5349655151367,12.8418798446655,233.502685546875
"Reynoutria_japonica",6.18371823867648,47.4573599085033,11.7584323883057,32.0125274658203,25.2206382751465,7.88080310821533,7.57614755630493,67.7649841308594,14.8673973083496,250.48291015625
"Reynoutria_japonica",6.18437291061139,45.5985635172519,7.33676862716675,32.5691452026367,27.1303730010986,0.245529383420944,10.6735916137695,86.4355773925781,12.8954362869263,322.768859863281
"Reynoutria_japonica",6.19122468650772,61.9917421045162,4.47270822525024,22.9856605529785,19.2405166625977,1.56095683574677,9.8150463104248,82.5100250244141,38.7066040039062,316.001892089844
"Reynoutria_japonica",6.19561433759972,45.8508230291786,11.2847013473511,32.2233848571777,27.2231063842773,19.9968700408936,6.62605953216553,67.1256484985352,12.9229879379272,268.892883300781
"Reynoutria_japonica",6.19869071428312,52.204501364101,10.6062898635864,32.3213882446289,21.7588233947754,17.5982913970947,6.56530237197876,43.7945404052734,21.8961582183838,246.994354248047
"Reynoutria_japonica",6.21107660398823,46.3506823902413,11.8223648071289,32.256233215332,26.6567153930664,7.9131121635437,7.30906343460083,66.7689437866211,11.636248588562,251.669174194336
"Reynoutria_japonica",6.21279533805501,61.7756121052508,6.10898685455322,23.7289123535156,20.8358497619629,2.82605791091919,8.74273872375488,74.1248931884766,36.115535736084,304.936370849609
"Reynoutria_japonica",6.22045582967296,62.2427726831517,4.92379283905029,21.9703884124756,17.671895980835,2.35711860656738,9.74190139770508,82.5725173950195,36.5458297729492,319.515777587891
"Reynoutria_japonica",6.22058321327011,45.3230364428726,5.36747169494629,32.6970977783203,27.252799987793,-1.68935525417328,13.2172861099243,63.3736457824707,21.7237319946289,212.287338256836
"Reynoutria_japonica",6.2213961672262,59.9260196850308,1.96839094161987,25.0390357971191,22.2716236114502,-1.26239538192749,4.62015819549561,118.985130310059,30.8736000061035,504.435180664062
"Reynoutria_japonica",6.22315392066245,61.4687013192168,2.68659687042236,24.6790542602539,21.9935531616211,-0.812536418437958,5.57799673080444,90.4583511352539,32.5523529052734,383.846862792969
"Reynoutria_japonica",6.23254951031383,61.9375113338271,6.09485292434692,23.1879863739014,19.7977142333984,3.0466775894165,11.6280488967896,71.9638595581055,39.8215866088867,274.737030029297
"Reynoutria_japonica",6.23282567286238,47.144164966805,10.1652565002441,32.297046661377,25.3833599090576,6.36254787445068,5.90465068817139,88.6462097167969,13.1302871704102,345.112731933594
"Reynoutria_japonica",6.24125223893795,61.6307699384607,1.46828556060791,24.3387775421143,21.2668037414551,-1.86657726764679,4.18042039871216,91.4466857910156,35.8068618774414,377.147674560547
"Reynoutria_japonica",6.25238821002007,45.6661139575324,7.91837882995605,32.4862594604492,27.2482719421387,0.772006273269653,11.2922372817993,72.0744476318359,17.6173973083496,261.899841308594
"Reynoutria_japonica",6.25606008540127,46.8431132937033,8.10841464996338,32.6548767089844,25.6218070983887,1.32818508148193,3.75981497764587,94.9316711425781,12.3964071273804,384.517272949219
"Reynoutria_japonica",6.25742247027179,59.1841138056,4.95798492431641,24.8716335296631,21.7909545898438,1.99637961387634,7.4556941986084,100.526962280273,33.0071983337402,451.174133300781
"Reynoutria_japonica",6.26819902116181,47.0874632835208,9.66298866271973,32.3900527954102,25.4307861328125,17.858715057373,5.38435935974121,91.8073425292969,13.4327449798584,377.998962402344
"Reynoutria_japonica",6.27089461061614,45.1474111806991,1.55580902099609,33.1550559997559,27.0090065002441,-5.3342399597168,4.62137126922607,79.4564743041992,16.1187686920166,261.546356201172
"Reynoutria_japonica",6.27663991656432,60.0296635018849,-0.95380038022995,25.3748798370361,22.2751617431641,-6.91051483154297,1.68697094917297,126.58927154541,30.1449890136719,550.033630371094
"Reynoutria_japonica",6.2768007841239,50.4449891540836,7.77716875076294,32.7753257751465,23.149486541748,1.82770192623138,10.7811307907104,68.6864013671875,16.3900623321533,293.323669433594
"Reynoutria_japonica",6.28175882539066,52.4646519322656,10.4442415237427,32.1168556213379,21.5549736022949,16.9933528900146,6.35792303085327,44.031810760498,24.324499130249,258.250427246094
"Reynoutria_japonica",6.28630047587439,47.0231324786008,9.62031936645508,32.4088706970215,25.5373001098633,5.83932256698608,5.31796407699585,76.6382141113281,13.2290096282959,308.144104003906
"Reynoutria_japonica",6.29800904704848,59.1566323618809,6.13522863388062,24.8921070098877,21.9628410339355,3.13336634635925,8.68303203582764,82.0272903442383,33.3102569580078,376.914428710938
"Reynoutria_japonica",6.30492307693305,45.8236984631305,7.16017436981201,32.6425018310547,27.0443477630615,0.08303052932024,10.5188798904419,80.9012680053711,14.4321718215942,306.693084716797
"Reynoutria_japonica",6.30580282200083,47.484615323895,11.682487487793,32.0348930358887,25.2751617431641,7.79946994781494,7.49311542510986,70.7560501098633,13.8794136047363,268.707672119141
"Reynoutria_japonica",6.30620810389726,45.1355264743109,1.6008882522583,33.156551361084,27.0504570007324,-5.30698823928833,0.600423514842987,79.2832946777344,14.750527381897,277.434814453125
"Reynoutria_japonica",6.3103281270799,46.836543472234,8.19542407989502,32.6582450866699,25.6736660003662,1.40314674377441,3.83762502670288,90.8410339355469,12.5073499679565,358.993316650391
"Reynoutria_japonica",6.32339487320731,62.1452624819325,5.19046497344971,22.6537685394287,18.715633392334,2.38383984565735,10.354190826416,78.8335037231445,35.1870155334473,309.937896728516
"Reynoutria_japonica",6.32456558585272,46.6870392152194,7.08709621429443,32.7781639099121,25.8498458862305,0.313758492469788,6.47272920608521,92.4557189941406,14.1314506530762,335.798889160156
"Reynoutria_japonica",6.33602815543514,59.403378561637,4.16214752197266,25.082820892334,22.4047164916992,1.04003286361694,6.79875326156616,109.165176391602,32.5179862976074,471.083862304688
"Reynoutria_japonica",6.34407757473815,45.3862641487944,5.6260724067688,32.630729675293,27.3676872253418,-1.48664319515228,4.75186824798584,76.7980194091797,12.2807674407959,289.001037597656
"Reynoutria_japonica",6.34640552929644,50.4822473084896,7.81503295898438,32.730712890625,23.1727981567383,1.85737574100494,7.2376971244812,61.5668716430664,15.518162727356,256.132995605469
"Reynoutria_japonica",6.34672191557705,60.5488322253619,1.12314128875732,25.3659229278564,23.0347385406494,-2.47201895713806,4.11424016952515,102.23999786377,33.0796966552734,436.022399902344
"Reynoutria_japonica",6.3572371187029,62.0256459909507,4.25660800933838,23.2890357971191,19.7606678009033,1.21724700927734,6.60482215881348,73.8143997192383,35.2149467468262,292.49853515625
"Reynoutria_japonica",6.36343703189517,45.4510866485522,3.01517915725708,32.9734153747559,27.0539112091064,-3.95083141326904,2.08812379837036,86.6167526245117,12.7214546203613,327.630859375
"Reynoutria_japonica",6.36501201839816,45.4759410861743,3.72787261009216,32.9095077514648,27.0737209320068,-3.26733636856079,2.82421660423279,90.7875747680664,12.5903301239014,369.137969970703
"Reynoutria_japonica",6.36684347072221,46.6793352716652,7.32391452789307,32.7665786743164,25.9190406799316,0.527967035770416,2.89828872680664,90.2693634033203,10.6213903427124,342.346832275391
"Reynoutria_japonica",6.36959744026054,60.1391755355293,3.13627600669861,25.1314010620117,22.9491004943848,-3.08231520652771,6.01033115386963,98.8098831176758,31.112886428833,448.311248779297
"Reynoutria_japonica",6.37235035488074,59.0721658050057,4.54315805435181,25.1272087097168,21.8385772705078,1.59025883674622,7.03969717025757,97.8474349975586,35.4511413574219,401.71728515625
"Reynoutria_japonica",6.37530105634903,45.1492048940507,2.34979009628296,33.0292739868164,27.218542098999,-4.62632179260254,10.196569442749,61.8408470153809,20.658784866333,195.699859619141
"Reynoutria_japonica",6.37620127273544,59.1926897429611,5.22672891616821,25.1490497589111,22.3116245269775,2.15284848213196,7.84349346160889,87.000373840332,34.2756576538086,375.047180175781
"Reynoutria_japonica",6.37765650232255,53.3280335160057,10.2998743057251,27.6965770721436,19.3001041412354,16.7940902709961,6.00259447097778,40.6735992431641,23.4409770965576,231.571578979492
"Reynoutria_japonica",6.38388369204432,46.37370490833,11.7670497894287,32.3155899047852,26.8278408050537,20.3612174987793,7.20294761657715,68.7326126098633,16.8675079345703,308.521606445312
"Reynoutria_japonica",6.39376696264132,45.9722589512463,7.38064241409302,32.7089385986328,26.934907913208,15.9598808288574,2.73034048080444,81.5782623291016,12.6383876800537,328.787780761719
"Reynoutria_japonica",6.40749622227065,46.808013507096,6.87741374969482,32.813404083252,25.7118759155273,15.0669708251953,2.49119353294373,108.554725646973,11.3065977096558,438.676635742188
"Reynoutria_japonica",6.4089605065941,45.4258069170523,2.92557215690613,32.9779472351074,27.0862674713135,-4.05324554443359,6.0920581817627,77.7776031494141,14.147310256958,300.550415039062
"Reynoutria_japonica",6.42150315650681,59.6182724976404,2.68754911422729,25.2760982513428,22.8353691101074,-0.565316140651703,5.41796875,119.215438842773,32.0095634460449,492.870300292969
"Reynoutria_japonica",6.42265903580586,58.5412437972851,5.60846614837646,23.9115695953369,20.2228527069092,2.99682831764221,7.72546815872192,117.367813110352,31.6275634765625,460.378540039062
"Reynoutria_japonica",6.43106454254015,45.3569740858345,2.19031691551208,33.0186538696289,27.1429557800293,-4.78447246551514,5.33021640777588,70.3553848266602,16.5712718963623,253.320007324219
"Reynoutria_japonica",6.4348367955607,46.4131395164304,11.8440141677856,32.3460502624512,26.804759979248,20.4369277954102,7.29178190231323,74.2818832397461,13.6669492721558,307.905334472656
"Reynoutria_japonica",6.43544376652674,45.8805872355906,6.0392632484436,32.7957534790039,26.9689502716064,14.6116161346436,1.369513630867,88.4588241577148,16.6126480102539,402.409301757812
"Reynoutria_japonica",6.43628136459467,60.5188379144232,2.1993932723999,25.2314376831055,23.3680572509766,-1.47742593288422,5.26551818847656,85.8527984619141,37.1528778076172,339.968566894531
"Reynoutria_japonica",6.4445957349944,59.7403734495289,2.82082033157349,25.2299003601074,22.9404125213623,-0.498185038566589,5.59439992904663,120.054496765137,33.6133193969727,478.987365722656
"Reynoutria_japonica",6.44505863213897,61.6267928542701,4.80980730056763,24.2902774810791,22.3305034637451,1.18235456943512,7.79887199401855,68.4500732421875,35.5427398681641,290.156982421875
"Reynoutria_japonica",6.45640879115981,45.4870963709346,6.48156881332397,32.5154495239258,27.4709930419922,-0.695554614067078,9.81075572967529,56.6576957702637,17.0367431640625,224.420227050781
"Reynoutria_japonica",6.46370549441725,61.4102864511743,0.776225924491882,24.8863334655762,23.0953693389893,-2.97046732902527,3.90191388130188,85.0338821411133,35.0475311279297,365.269836425781
"Reynoutria_japonica",6.46493936652454,46.5935085713299,10.5351448059082,32.4532203674316,26.4725551605225,6.68390607833862,6.04068851470947,68.2815093994141,11.5456600189209,262.341735839844
"Reynoutria_japonica",6.46520973190107,45.1786090693401,5.46826314926147,32.6227264404297,27.6086120605469,-1.69741189479828,4.55717945098877,59.4671058654785,16.7325916290283,213.067962646484
"Reynoutria_japonica",6.46989692233387,46.0350142099241,5.24129915237427,32.970157623291,26.7575721740723,13.733757019043,0.605025827884674,95.3132247924805,16.5384140014648,423.714080810547
"Reynoutria_japonica",6.47194086396988,62.0883894837036,3.68552184104919,23.3858909606934,19.7649230957031,0.634978830814362,9.19830226898193,79.0429153442383,36.664909362793,307.427673339844
"Reynoutria_japonica",6.47808182761747,45.5484472625186,8.56497383117676,32.3052978515625,27.6547775268555,1.27416622638702,7.78290033340454,63.0192947387695,14.0304746627808,266.622772216797
"Reynoutria_japonica",6.4781917454506,51.8707860332547,10.7466154098511,32.2271423339844,22.1941738128662,17.8910274505615,6.72416019439697,40.8798141479492,20.8768577575684,234.890350341797
"Reynoutria_japonica",6.47904221647315,62.0615823739102,4.07056379318237,23.5190982818604,20.0585308074951,-1.61254906654358,6.49370670318604,76.8981628417969,34.0721435546875,311.899475097656
"Reynoutria_japonica",6.48151600011419,50.6397234075827,9.50539779663086,32.5228614807129,23.1757183074951,16.8836612701416,8.9885835647583,50.7907752990723,15.2668476104736,225.443756103516
"Reynoutria_japonica",6.48752846956054,45.8766925098339,4.02468824386597,33.0264358520508,26.8210926055908,12.523609161377,-0.635959148406982,99.242073059082,15.4458150863647,444.320281982422
"Reynoutria_japonica",6.49436252768313,46.2865251592614,7.61976528167725,32.7944831848145,26.655689239502,16.1040630340576,3.03560781478882,100.987861633301,14.7787342071533,424.542205810547
"Reynoutria_japonica",6.49705002356073,60.0603277371444,1.56548237800598,25.2986812591553,23.1441707611084,-1.91544473171234,4.44590759277344,87.1280899047852,36.1519508361816,345.746887207031
"Reynoutria_japonica",6.49917745628803,48.415990989268,10.5668640136719,32.6236724853516,24.8112564086914,3.84690046310425,6.47292375564575,68.0829162597656,12.1739435195923,258.305419921875
"Reynoutria_japonica",6.50294273609122,61.324264308174,2.37355923652649,24.8491477966309,23.5016288757324,-1.48964238166809,5.61385583877563,75.5036239624023,38.259349822998,308.718780517578
"Reynoutria_japonica",6.50707156200047,46.4966159492973,11.7890768051147,32.3901176452637,26.800085067749,20.3671379089355,7.23746204376221,72.7518081665039,11.0289316177368,282.293090820312
"Reynoutria_japonica",6.51410254837677,49.7489931176141,10.4296636581421,32.2113990783691,24.1140613555908,18.2318363189697,6.3105993270874,43.3450355529785,14.9816942214966,205.226348876953
"Reynoutria_japonica",6.51493223062973,59.5215838798184,4.27531337738037,25.2780303955078,23.1700325012207,0.948117733001709,7.09214925765991,106.165084838867,33.6896553039551,416.597259521484
"Reynoutria_japonica",6.5158572122552,61.016593165341,2.32457447052002,25.0582714080811,23.7241325378418,-1.55508708953857,5.59114360809326,62.5083312988281,34.3057861328125,270.807067871094
"Reynoutria_japonica",6.52340297834486,45.8244961930228,7.26566028594971,32.5692901611328,27.2984008789062,15.9644012451172,2.54841566085815,74.120002746582,13.6917018890381,314.149475097656
"Reynoutria_japonica",6.5239913543808,59.8046065261465,1.54234623908997,25.4002914428711,23.129638671875,-4.64796733856201,4.36444044113159,101.743339538574,33.120849609375,410.009399414062
"Reynoutria_japonica",6.52433399059007,45.8549867829538,5.99721097946167,32.7448577880859,27.1217231750488,-1.09045338630676,1.30280470848083,81.1909637451172,13.7842702865601,337.778747558594
"Reynoutria_japonica",6.52487562681675,61.3527806984526,2.19784140586853,24.8250408172607,23.4245834350586,-1.64324080944061,5.41591835021973,72.2858352661133,37.6109275817871,301.706085205078
"Reynoutria_japonica",6.52638355163635,60.6351467641353,5.81935930252075,24.9077091217041,23.933177947998,1.93400478363037,9.09476280212402,71.0522308349609,33.0169486999512,312.479614257812
"Reynoutria_japonica",6.52815148016829,45.6956066680044,4.78002309799194,32.7860107421875,27.2092800140381,13.4138259887695,3.92816638946533,79.2493133544922,15.6370325088501,360.612609863281
"Reynoutria_japonica",6.52833442486331,46.6233482603838,10.9459028244019,32.4461708068848,26.5299663543701,7.07112169265747,6.43922519683838,61.9129409790039,12.1437902450562,249.270111083984
"Reynoutria_japonica",6.52853294917856,46.3509063776386,10.4145259857178,32.4853324890137,26.8573093414307,18.9940204620361,1.96157813072205,82.0151519775391,22.8436717987061,411.570068359375
"Reynoutria_japonica",6.52932895114534,45.5758314362729,5.39645624160767,32.6557579040527,27.3872375488281,-1.74389326572418,4.54215049743652,75.7520904541016,13.8601684570312,313.212890625
"Reynoutria_japonica",6.53149208023654,58.5028364956361,6.88931941986084,23.9403858184814,20.5232086181641,4.20889091491699,9.09233856201172,104.080184936523,32.4339218139648,414.994354248047
"Reynoutria_japonica",6.53351498109325,48.4498278884545,10.7109375,32.6314582824707,24.850025177002,3.9788658618927,6.61583995819092,64.2036743164062,11.8780508041382,243.215728759766
"Reynoutria_japonica",6.53610615980421,62.0052838237262,3.11696863174438,23.7328681945801,20.5336952209473,-0.0958399772644043,8.87235260009766,83.0160903930664,38.4681510925293,322.536468505859
"Reynoutria_japonica",6.53715171981594,45.3604441762546,4.02067470550537,32.7666854858398,27.4361991882324,-3.08559060096741,3.10454726219177,61.2395286560059,15.7979488372803,233.000564575195
"Reynoutria_japonica",6.53863010001859,60.2339207343501,1.15070080757141,25.3314113616943,23.3101921081543,-2.42399668693542,4.11354207992554,84.6216430664062,36.7942123413086,334.913787841797
"Reynoutria_japonica",6.54003551880061,60.9865804512018,1.50283098220825,25.1649951934814,23.6721878051758,-2.34882044792175,4.73943519592285,67.8864898681641,32.704402923584,301.323669433594
"Reynoutria_japonica",6.54005731560905,46.3202012214947,8.62382888793945,32.6945877075195,26.7452507019043,17.1455821990967,4.03845167160034,89.8047027587891,18.8764247894287,415.880096435547
"Reynoutria_japonica",6.54321694993602,48.6264435353573,10.7892122268677,32.7283897399902,24.8420791625977,18.8789749145508,6.69600582122803,58.2014122009277,12.130913734436,231.513305664062
"Reynoutria_japonica",6.55250379779962,47.864935684453,10.0962753295898,32.2976989746094,25.0293083190918,3.30689406394958,13.6258850097656,86.6530838012695,17.2848300933838,321.712768554688
"Reynoutria_japonica",6.56149843659898,46.9870275889779,7.34619760513306,32.8087348937988,25.6536846160889,15.5380582809448,2.98549175262451,96.0373611450195,13.4634866714478,420.808563232422
"Reynoutria_japonica",6.57083427379728,61.5382874512457,2.69911026954651,24.6268367767334,23.1657981872559,-1.10356390476227,5.86941480636597,64.3645172119141,34.8012542724609,274.687133789062
"Reynoutria_japonica",6.57574126277236,47.737843507204,11.1142330169678,32.1804542541504,25.1969795227051,4.25007200241089,14.6998043060303,82.1565170288086,15.9491443634033,313.882720947266
"Reynoutria_japonica",6.58036063549262,59.6514282358545,1.34391617774963,25.5237064361572,23.1574211120605,-4.80938625335693,4.1405348777771,109.525650024414,32.3492279052734,463.812316894531
"Reynoutria_japonica",6.58138641477362,47.9254310650654,8.96722984313965,32.486988067627,24.8508987426758,2.26072001457214,12.4389791488647,100.229644775391,15.4065532684326,388.221466064453
"Reynoutria_japonica",6.58540378247419,46.3460223518205,9.16440486907959,32.6313819885254,26.8305606842041,17.7165260314941,1.88566589355469,93.0016937255859,18.5537719726562,426.634826660156
"Reynoutria_japonica",6.58712679189943,60.1425760976619,3.05489015579224,25.1528511047363,23.6427097320557,-3.40665411949158,6.09910869598389,86.8810348510742,33.1824760437012,373.024383544922
"Reynoutria_japonica",6.58940074429739,45.3611011524847,1.66988027095795,33.0410652160645,27.2841300964355,-5.34372091293335,0.711902678012848,67.1529388427734,14.2706699371338,263.323211669922
"Reynoutria_japonica",6.5901766109585,61.6589577816426,1.01730620861053,24.5893325805664,22.7981185913086,-2.68703532218933,4.07841110229492,82.2802810668945,36.7504501342773,344.466156005859
"Reynoutria_japonica",6.60046395028261,45.1768211214224,4.03244400024414,32.7440948486328,27.630033493042,-3.10837340354919,3.09667921066284,53.8079071044922,15.7755870819092,187.422485351562
"Reynoutria_japonica",6.60083625223604,47.2143219007107,9.03966045379639,32.5543174743652,25.4963474273682,17.2455081939697,4.74944925308228,92.5248031616211,13.9697360992432,381.921234130859
"Reynoutria_japonica",6.60208688976418,62.0617854340473,1.33765959739685,23.8540706634521,20.6032752990723,-1.87598741054535,3.86106514930725,85.8487548828125,35.015209197998,338.347473144531
"Reynoutria_japonica",6.61644628953708,58.9051734664825,3.22812938690186,25.5712642669678,22.1578922271729,0.239658027887344,5.76249122619629,99.3593368530273,34.8599700927734,407.047424316406
"Reynoutria_japonica",6.62806924122165,50.7528605130757,10.4925050735474,32.3738403320312,23.2124061584473,17.9099006652832,6.4136848449707,43.6544952392578,20.2681312561035,219.041885375977
"Reynoutria_japonica",6.62826690694252,46.0042551064504,7.22130298614502,32.6573104858398,27.1773834228516,15.8769550323486,2.53652095794678,94.0412216186523,16.8203010559082,442.315307617188
"Reynoutria_japonica",6.63102755080923,46.1371920596315,6.34153413772583,32.8529853820801,26.9007053375244,-0.704525470733643,5.60766744613647,101.926307678223,12.5739822387695,404.314910888672
"Reynoutria_japonica",6.63273272133351,61.103155208995,2.76702117919922,24.8732986450195,24.1153602600098,-1.23066508769989,6.13914346694946,64.6525192260742,31.4184722900391,308.524139404297
"Reynoutria_japonica",6.6354958296114,45.3036447803447,-0.455080330371857,33.287914276123,27.1520576477051,-7.37855863571167,-1.46094596385956,62.5234832763672,12.8672609329224,241.874252319336
"Reynoutria_japonica",6.63552912700538,49.8991445901746,9.77333545684814,32.2229270935059,24.0063915252686,17.5256748199463,5.64636564254761,48.0047988891602,15.6009550094604,233.712753295898
"Reynoutria_japonica",6.63905319435006,62.2407626020382,2.84675264358521,23.3968601226807,19.6363582611084,-0.165667429566383,8.2923641204834,89.5446548461914,34.4387130737305,344.336456298828
"Reynoutria_japonica",6.64743489700488,45.1719947787546,5.49000263214111,32.5604476928711,27.8218555450439,-1.74293339252472,4.58534288406372,46.9085159301758,15.7156038284302,158.169876098633
"Reynoutria_japonica",6.65196452432166,45.2318303852884,2.77561640739441,32.8870239257812,27.5276527404785,-1.03554356098175,11.4814729690552,49.5753402709961,16.7600021362305,151.678024291992
"Reynoutria_japonica",6.65752998488793,45.4580672027349,6.80800247192383,32.3869743347168,27.7910003662109,-0.48127681016922,5.96575021743774,51.8758583068848,14.6212425231934,212.841888427734
"Reynoutria_japonica",6.66692829096021,47.8257592133136,9.66124629974365,32.3780326843262,25.0865879058838,2.86713719367981,13.1887311935425,93.5360946655273,16.5310935974121,367.399993896484
"Reynoutria_japonica",6.66747167269291,60.7298625033141,1.67953610420227,25.156192779541,24.050163269043,-2.2246949672699,4.95880794525146,80.2771759033203,33.6992073059082,362.807250976562
"Reynoutria_japonica",6.66811363087297,60.8860986988461,1.68539762496948,25.0601959228516,24.1379585266113,-2.27678108215332,5.01919221878052,67.2455520629883,36.4169502258301,286.666931152344
"Reynoutria_japonica",6.67194186500758,45.6659383004305,0.810422301292419,33.1909637451172,27.0269737243652,-6.13803911209106,-0.132020488381386,84.2944946289062,13.8255252838135,360.51953125
"Reynoutria_japonica",6.68017570393992,59.5650146708392,5.21025276184082,25.3219623565674,23.8059387207031,-1.14331459999084,8.1993350982666,81.520378112793,34.1523056030273,346.3642578125
"Reynoutria_japonica",6.68487862343744,62.2122685131318,1.49069166183472,23.5377864837646,19.7997932434082,-1.54467284679413,3.81493473052979,93.7618789672852,33.1042060852051,361.268707275391
"Reynoutria_japonica",6.69087719332833,45.3014377235815,0.74477881193161,33.1198043823242,27.3226642608643,-6.25572872161865,-0.233353838324547,58.0704956054688,12.5359888076782,214.991714477539
"Reynoutria_japonica",6.69787780386202,61.7535751936085,-0.0877019837498665,24.5490665435791,22.536979675293,-3.7224862575531,2.8922712802887,76.0667266845703,33.0097885131836,329.361694335938
"Reynoutria_japonica",6.70507517464295,45.9451820974327,7.48404407501221,32.5340385437012,27.3754730224609,0.276376515626907,6.73309469223022,80.8487548828125,14.5789766311646,353.190765380859
"Reynoutria_japonica",6.7117172147722,59.2771465935535,1.41114675998688,25.9182605743408,23.3159446716309,-1.86980390548706,4.20164585113525,101.243766784668,34.398624420166,434.794799804688
"Reynoutria_japonica",6.71852282031994,59.8085818597231,1.28148365020752,25.4893283843994,23.6696949005127,-5.09716367721558,4.23126888275146,85.4091262817383,36.0060386657715,335.916442871094
"Reynoutria_japonica",6.71885717638402,62.5841668731314,4.3892879486084,21.5576438903809,17.0464000701904,1.97357499599457,6.02551984786987,96.7789154052734,28.8856830596924,472.937133789062
"Reynoutria_japonica",6.72591294656137,61.9376155796907,2.75076389312744,24.2016773223877,22.0003681182861,-0.790384352207184,5.61761569976807,79.0842361450195,37.4121246337891,315.218170166016
"Reynoutria_japonica",6.72598919386359,58.4477398678607,6.42451238632202,23.6235370635986,20.5155487060547,3.74344325065613,8.61640930175781,115.020706176758,32.9921951293945,443.086853027344
"Reynoutria_japonica",6.72696225935013,59.7063773978325,2.806485414505,25.4271965026855,23.789176940918,-3.57410192489624,5.78077173233032,77.7231063842773,35.6089630126953,303.248077392578
"Reynoutria_japonica",6.72958200295644,60.977752188026,0.975030601024628,25.0108814239502,24.2185230255127,-3.01197171211243,4.32927370071411,63.3441886901855,35.4970169067383,272.670593261719
"Reynoutria_japonica",6.73737021418449,58.9461557450887,2.79037094116211,25.8305778503418,22.6213359832764,-0.307477682828903,5.42802333831787,97.3370361328125,34.6502151489258,369.560180664062
"Reynoutria_japonica",6.74263069529715,60.0213869344516,0.45826980471611,25.4219799041748,23.6631546020508,-5.97653770446777,3.44386506080627,88.081787109375,34.6071090698242,370.199890136719
"Reynoutria_japonica",6.7448566107133,59.497507517957,1.34552073478699,25.766731262207,23.5237464904785,-4.88817882537842,4.20644235610962,100.566307067871,33.4655380249023,441.676513671875
"Reynoutria_japonica",6.75476766185923,46.1857871097871,3.98196816444397,33.1104393005371,26.7361602783203,12.4443168640137,-0.64748078584671,122.737602233887,16.2659015655518,580.35888671875
"Reynoutria_japonica",6.76294123456379,45.950205178537,6.55723142623901,32.6310997009277,27.3510208129883,-0.631595313549042,5.78440475463867,79.8832015991211,14.3924026489258,346.651763916016
"Reynoutria_japonica",6.76320625110175,62.1480423532132,2.06056904792786,23.9114055633545,20.8219108581543,-1.2040501832962,4.62348699569702,79.973274230957,33.7592849731445,310.361145019531
"Reynoutria_japonica",6.7646553289419,60.6070607441672,1.96167099475861,25.0993480682373,24.1865425109863,-1.95538818836212,5.24991226196289,82.3765640258789,33.6886825561523,370.551239013672
"Reynoutria_japonica",6.76521860372582,45.6710538336201,2.24500942230225,32.9692916870117,27.232234954834,-4.80067300796509,1.34159052371979,77.3931274414062,14.2288274765015,326.678497314453
"Reynoutria_japonica",6.76637168260074,46.8464142158715,11.1977920532227,32.383846282959,26.3732795715332,19.6574668884277,6.74554014205933,64.7339324951172,10.7011432647705,248.605361938477
"Reynoutria_japonica",6.76993934356231,45.9085603728442,6.43918800354004,32.592903137207,27.4051094055176,15.1643371582031,5.65604877471924,77.8668212890625,17.6555347442627,366.844055175781
"Reynoutria_japonica",6.77329978004725,58.3206257526808,7.18375730514526,22.4726581573486,19.7858180999756,4.63854265213013,9.22786331176758,102.347015380859,33.2474098205566,395.187744140625
"Reynoutria_japonica",6.78122206776283,59.8678122950095,0.754849851131439,25.5133895874023,23.7315292358398,-5.66543674468994,3.7238667011261,86.8737869262695,35.994441986084,346.690246582031
"Reynoutria_japonica",6.78260560573316,46.2201677307688,4.66674089431763,33.044246673584,26.7533550262451,13.1404714584351,0.0431153178215027,114.626724243164,14.5097322463989,528.096557617188
"Reynoutria_japonica",6.78600148657228,47.4512207824805,10.9417333602905,32.3104629516602,25.5889129638672,19.2067127227783,6.70027923583984,74.3338317871094,15.3454113006592,314.200561523438
"Reynoutria_japonica",6.78611943254089,62.1904387909362,1.39002776145935,23.8306427001953,20.5004043579102,-1.79811298847198,3.87409257888794,85.9508743286133,32.4546813964844,332.866058349609
"Reynoutria_japonica",6.78833862674939,46.5551526729169,9.42008686065674,32.6496963500977,26.6889801025391,5.55179119110107,4.85992002487183,81.5743026733398,11.2731990814209,303.093170166016
"Reynoutria_japonica",6.8073881853857,47.7620762376475,8.66055011749268,32.5609550476074,25.0964889526367,1.91107141971588,12.1520328521729,94.721321105957,21.1849822998047,355.231140136719
"Reynoutria_japonica",6.81403446374942,45.2691769147082,5.21100664138794,32.5347175598145,27.9557933807373,1.25297236442566,13.2551898956299,45.2984466552734,10.7264518737793,152.836044311523
"Reynoutria_japonica",6.81558739167897,60.5186512361237,2.90402626991272,24.9766139984131,24.2882919311523,-1.03960788249969,6.21178531646729,73.0987319946289,32.3171310424805,332.089141845703
"Reynoutria_japonica",6.82956050593974,53.3788638577519,10.2728595733643,26.8174667358398,19.3505878448486,16.8658905029297,5.91725778579712,39.7071075439453,23.251407623291,228.964614868164
"Reynoutria_japonica",6.83054022719267,61.7576329461149,5.16402244567871,24.2489471435547,23.3120288848877,1.29366266727448,8.36150932312012,53.4841423034668,36.8506240844727,214.419296264648
"Reynoutria_japonica",6.83149545377825,59.215335373206,1.21353578567505,26.0796279907227,23.4637641906738,-2.10100054740906,4.03846740722656,93.2087554931641,34.0118865966797,425.796997070312
"Reynoutria_japonica",6.83180607120411,62.3004777018576,3.15359807014465,23.4942741394043,19.7431335449219,0.112456560134888,5.46383047103882,82.5133209228516,28.6955718994141,317.089233398438
"Reynoutria_japonica",6.83281226607814,49.5524662837383,9.23712062835693,32.2039108276367,24.2253646850586,2.73650193214417,12.6336402893066,54.3199996948242,19.059627532959,227.818725585938
"Reynoutria_japonica",6.84297091487727,60.5435564536913,4.18139791488647,24.8202857971191,24.5010528564453,0.159286320209503,7.56889295578003,60.1312942504883,34.5733070373535,255.941741943359
"Reynoutria_japonica",6.84776113392908,59.7403110303202,0.48172715306282,25.6599788665771,23.9283676147461,-5.95876836776733,3.46781015396118,92.194450378418,34.7187194824219,385.689422607422
"Reynoutria_japonica",6.85787966156136,46.0631430907256,2.68679141998291,33.1122016906738,26.8809509277344,11.1830778121948,1.84141945838928,95.3231964111328,19.9801216125488,480.90673828125
"Reynoutria_japonica",6.85815413428985,46.1668350402775,5.02986526489258,32.9316787719727,26.9337425231934,13.5671310424805,4.26430130004883,86.1728973388672,13.9126176834106,389.510589599609
"Reynoutria_japonica",6.86210059472005,52.8664838001116,10.191014289856,31.1542301177979,21.3770732879639,16.826343536377,6.03462886810303,44.1617889404297,22.5987491607666,244.482543945312
"Reynoutria_japonica",6.86278245918122,45.4843735917201,-0.121310964226723,33.1838417053223,27.2873878479004,6.59107446670532,4.8937816619873,67.6816024780273,11.8809375762939,283.240081787109
"Reynoutria_japonica",6.86961738565346,59.564668158426,2.32004237174988,25.6661682128906,24.0319709777832,-4.10940551757812,5.32219934463501,74.6229629516602,33.219612121582,312.292724609375
"Reynoutria_japonica",6.87044577954058,45.4125247149977,-1.02119612693787,33.3140640258789,27.2733917236328,5.65073585510254,-5.74452257156372,62.3421173095703,11.001823425293,247.846588134766
"Reynoutria_japonica",6.87216118084652,45.5488755971215,1.19487023353577,33.011833190918,27.3447532653809,9.82353687286377,6.21140241622925,72.496940612793,14.0367650985718,319.824188232422
"Reynoutria_japonica",6.87742709480099,60.9182504813978,3.64245533943176,24.6506977081299,24.7956790924072,-0.509523093700409,7.15066957473755,49.8583526611328,34.4156188964844,234.851669311523
"Reynoutria_japonica",6.88208655156411,50.7030849804963,10.4424638748169,32.2273368835449,23.4749069213867,17.9673671722412,6.3435435295105,39.521598815918,25.1613616943359,216.022201538086
"Reynoutria_japonica",6.88379885355695,48.5144231694496,10.4832944869995,32.6202964782715,25.0296764373779,3.6959433555603,6.38007211685181,74.1160430908203,12.5116233825684,290.386169433594
"Reynoutria_japonica",6.88540259152375,45.8791487615913,-0.43499767780304,33.366340637207,26.8146438598633,8.00607967376709,0.264266639947891,84.4255981445312,19.7410106658936,430.867004394531
"Reynoutria_japonica",6.88564071442442,45.9521881242837,5.19162845611572,32.6891288757324,27.3405456542969,13.8825492858887,4.39228057861328,69.5091781616211,15.6291027069092,318.221282958984
"Reynoutria_japonica",6.89325486768731,47.4887890881898,10.8316097259521,32.3464851379395,25.6106910705566,19.1047382354736,6.58770990371704,82.5261154174805,16.921106338501,374.387481689453
"Reynoutria_japonica",6.89597932973268,46.9910216970203,10.6057510375977,32.4770774841309,26.2631530761719,3.57605028152466,6.18893337249756,73.5469207763672,11.058177947998,271.933471679688
"Reynoutria_japonica",6.89624070581412,45.6736242978185,1.27819764614105,33.0410194396973,27.244930267334,-5.76703500747681,6.27687978744507,74.242919921875,13.3447599411011,296.916442871094
"Reynoutria_japonica",6.89921891725964,47.1722246992946,8.06600856781006,32.7736358642578,25.6820240020752,16.2910404205322,3.7318069934845,99.9195327758789,17.2698268890381,444.332702636719
"Reynoutria_japonica",6.90716789348205,47.9445005252666,7.43231916427612,32.7788429260254,24.907434463501,0.759719252586365,10.8741455078125,104.22785949707,18.6450977325439,418.676239013672
"Reynoutria_japonica",6.90801719726597,45.6604420095029,1.30833613872528,33.0206108093262,27.302417755127,-5.74619102478027,6.3098464012146,81.8746337890625,13.3394765853882,331.51416015625
"Reynoutria_japonica",6.90955298663773,61.2227039549408,2.65628480911255,24.5920848846436,24.6922168731689,-1.49982583522797,6.16705894470215,65.3041915893555,35.5147438049316,278.62060546875
"Reynoutria_japonica",6.91189562509789,59.2576098443549,1.67419171333313,26.0871315002441,23.8185596466064,-1.73761260509491,4.58774900436401,77.8920440673828,33.961856842041,313.559631347656
"Reynoutria_japonica",6.9120255102302,46.0970775636945,0.459077656269073,33.4033508300781,26.6202545166016,8.84385395050049,-0.431758493185043,101.476707458496,17.7516250610352,506.235778808594
"Reynoutria_japonica",6.9142147114883,50.7868424314637,10.4030160903931,32.2416763305664,23.3631916046143,17.8916702270508,6.30873107910156,44.934211730957,24.9928703308105,246.642440795898
"Reynoutria_japonica",6.91578451715921,46.6309562998084,9.05452156066895,32.6845207214355,26.6217594146729,17.5478668212891,0.700186729431152,79.8560943603516,18.5270881652832,377.439147949219
"Reynoutria_japonica",6.91835897732858,47.4916424233774,10.4678735733032,32.4140090942383,25.6093826293945,18.7310180664062,6.22064590454102,81.8772735595703,17.5722064971924,377.230133056641
"Reynoutria_japonica",6.91884234579177,61.3438617986469,1.53700506687164,24.5862884521484,24.5821075439453,-2.58971285820007,5.01675319671631,64.6364212036133,36.6962242126465,266.745513916016
"Reynoutria_japonica",6.92168323199217,46.5692968477926,7.68199491500854,32.8387184143066,26.6333255767822,16.1731376647949,-0.651764690876007,91.8224945068359,20.3847465515137,443.874816894531
"Reynoutria_japonica",6.92229305026161,45.3642821390026,-1.47548627853394,33.3772392272949,27.3388900756836,5.19327831268311,-8.68186855316162,63.0551528930664,12.6625308990479,249.941452026367
"Reynoutria_japonica",6.9277235659907,45.9998893188737,4.15810060501099,32.8677062988281,27.1463050842285,12.7696437835693,3.34982419013977,68.7043762207031,15.7524032592773,318.694213867188
"Reynoutria_japonica",6.92785894940606,45.4156246510419,-1.08864426612854,33.3011627197266,27.3679161071777,5.59998416900635,3.93381953239441,61.2394332885742,11.8742609024048,239.269271850586
"Reynoutria_japonica",6.93985922562494,60.7622916617102,1.15880036354065,24.9162540435791,24.5727348327637,-2.88373017311096,4.55382871627808,56.3719520568848,32.9914321899414,285.428161621094
"Reynoutria_japonica",6.94088671328798,58.625987945454,5.48169088363647,25.1747226715088,22.1752853393555,2.45338821411133,8.04608631134033,84.8834838867188,32.7442970275879,333.816558837891
"Reynoutria_japonica",6.94258307133036,60.9214532125875,3.3603367805481,24.6271820068359,24.8427391052246,-0.808042407035828,6.87977886199951,46.9389190673828,32.7242660522461,235.827941894531
"Reynoutria_japonica",6.9432101219161,45.8773476318506,-0.533048629760742,33.3484649658203,26.8370361328125,7.91586208343506,0.165264368057251,79.6607055664062,17.7476902008057,397.509094238281
"Reynoutria_japonica",6.94763595482946,50.6652789440849,10.3523721694946,32.2011795043945,23.5325546264648,17.9009666442871,6.24217414855957,38.0933647155762,25.1847114562988,207.774490356445
"Reynoutria_japonica",6.94937977158626,45.7604867146781,2.17778515815735,32.9680023193359,27.2542572021484,-4.89483785629272,7.17033863067627,68.4583511352539,14.1667156219482,280.771179199219
"Reynoutria_japonica",6.95353435221145,48.0428446951789,7.25940847396851,32.8563499450684,24.845911026001,0.606009423732758,10.6955690383911,93.9695053100586,15.8960266113281,375.465209960938
"Reynoutria_japonica",6.95402434812377,46.8647472850812,11.0602350234985,32.4897384643555,26.4945869445801,19.5571823120117,3.83574748039246,57.6198577880859,16.6825084686279,265.809234619141
"Reynoutria_japonica",6.95905181291988,48.4755548082426,9.76582622528076,32.6812286376953,24.9992275238037,3.00186657905579,5.65464019775391,77.8940277099609,12.954873085022,306.551635742188
"Reynoutria_japonica",6.96429163614546,47.2095418004115,7.6670880317688,32.837532043457,25.6435012817383,15.8813142776489,3.3415310382843,100.543998718262,19.8363075256348,477.300170898438
"Reynoutria_japonica",6.96875700220298,52.4863734847238,10.3707427978516,31.8887577056885,21.981071472168,17.0354194641113,6.28888940811157,42.7810821533203,21.9262714385986,232.084518432617
"Reynoutria_japonica",6.98087738991268,47.8305533372299,8.83265209197998,32.5833435058594,25.1916408538818,2.04210186004639,12.3668375015259,91.1589660644531,18.7672348022461,365.068420410156
"Reynoutria_japonica",6.98147855489999,46.5571393340377,6.37097263336182,32.9689521789551,26.539041519165,14.8162574768066,-1.90202832221985,85.3195266723633,22.8065814971924,438.041320800781
"Reynoutria_japonica",6.99274161069029,45.9407252649586,-2.85955047607422,33.6611747741699,26.5623245239258,5.47465229034424,-2.12573647499084,84.226921081543,16.8092918395996,423.815155029297
"Reynoutria_japonica",6.99345184372306,44.7029953115113,-0.3797847032547,33.4399490356445,27.3549346923828,2.61462426185608,-8.59482955932617,50.269832611084,18.2178573608398,209.489227294922
"Reynoutria_japonica",6.99759682846851,46.6229332573281,8.11801719665527,32.7786331176758,26.6537036895752,16.6176834106445,-0.225433751940727,71.3390121459961,24.9810466766357,388.083587646484
"Reynoutria_japonica",6.99884775513035,46.0329675674755,1.51093065738678,33.1618385314941,26.913272857666,10.0116844177246,2.16143536567688,81.1909637451172,18.3625316619873,400.587280273438
"Reynoutria_japonica",6.99947812872164,46.9003446190109,10.9448490142822,32.4808540344238,26.4676132202148,19.4258003234863,3.73422908782959,64.796142578125,17.320873260498,302.694122314453
"Reynoutria_japonica",7.00293551727514,46.6541022151668,8.42513179779053,32.7272682189941,26.651782989502,16.9284706115723,0.0737145766615868,78.2204208374023,18.905647277832,372.561492919922
"Reynoutria_japonica",7.00316521058613,44.7167446031908,1.40153133869171,33.2076950073242,27.6159896850586,4.4913067817688,-6.92903518676758,52.8096923828125,17.720573425293,213.672180175781
"Reynoutria_japonica",7.00420897821258,44.8302384810257,1.4650274515152,33.209846496582,27.7122344970703,4.58814430236816,-6.90202474594116,40.7784461975098,22.8009471893311,189.02880859375
"Reynoutria_japonica",7.00974975754303,45.7974969411241,1.18075323104858,33.0603370666504,27.1676979064941,-5.85453176498413,6.15947580337524,87.8822555541992,16.0651149749756,363.909729003906
"Reynoutria_japonica",7.01333675090186,61.2528467044831,3.86746311187744,24.3125648498535,25.0495986938477,-0.394697993993759,7.47220849990845,53.8757629394531,36.9292945861816,222.396987915039
"Reynoutria_japonica",7.0145955376927,45.5381386930209,-2.0468385219574,33.3841133117676,27.2184181213379,4.59930324554443,2.95797634124756,68.7623519897461,12.2242708206177,287.907653808594
"Reynoutria_japonica",7.01482430696807,61.2949982075288,2.39308309555054,24.4183521270752,24.8827972412109,-1.81433415412903,5.94560289382935,62.8686103820801,36.1236877441406,261.551910400391
"Reynoutria_japonica",7.01491712336739,46.4080497571061,4.46240615844727,33.101692199707,26.6505317687988,12.9163465499878,-2.72078418731689,91.2390594482422,19.7709465026855,439.585815429688
"Reynoutria_japonica",7.01546702117727,50.4542307732886,8.66216468811035,32.2577896118164,23.6770629882812,16.2662467956543,4.52946996688843,47.781551361084,21.0453624725342,241.206970214844
"Reynoutria_japonica",7.01589583658146,45.6988586317911,-0.438654452562332,33.2322731018066,27.1496181488037,-7.4294228553772,4.55132865905762,79.5953903198242,13.1196327209473,349.2802734375
"Reynoutria_japonica",7.01639659561215,45.9200694070615,-3.78710269927979,33.7456855773926,26.4959259033203,4.51131296157837,1.09882521629333,76.9003295898438,14.9396877288818,376.643676757812
"Reynoutria_japonica",7.01887213451449,62.4002946646456,4.60241556167603,23.5020027160645,20.0593605041504,1.48462116718292,6.97626066207886,74.9434356689453,31.0239696502686,290.056457519531
"Reynoutria_japonica",7.02212884203725,61.7538572110559,3.26175570487976,24.3474941253662,23.8807525634766,-0.724938035011292,6.57167387008667,52.2240943908691,35.0032501220703,210.46484375
"Reynoutria_japonica",7.02328598138487,58.947175854093,2.30761885643005,26.180419921875,23.4211845397949,-0.971689462661743,5.1134147644043,93.1613159179688,32.4334907531738,392.159820556641
"Reynoutria_japonica",7.0278577557015,46.2457795776197,9.99634742736816,32.2911033630371,27.4816188812256,18.7901554107666,10.4735698699951,58.4552459716797,22.5671882629395,306.873504638672
"Reynoutria_japonica",7.03387275500029,47.2177417600544,7.43399381637573,32.8700981140137,25.6525650024414,15.6414699554443,3.10751676559448,95.7262115478516,19.425817489624,449.866729736328
"Reynoutria_japonica",7.03806617818176,46.0396020640946,0.0722489655017853,33.3319358825684,26.7844142913818,8.51280498504639,0.749022662639618,73.6923294067383,21.467098236084,388.158874511719
"Reynoutria_japonica",7.03841621643129,48.0073428592745,7.05754613876343,32.8651275634766,24.8924522399902,0.393937230110168,10.4959955215454,86.0435791015625,17.3961296081543,332.218811035156
"Reynoutria_japonica",7.03983028849543,52.8571593741582,10.2712659835815,31.0324592590332,21.4350872039795,17.2968273162842,6.11734104156494,41.9794807434082,23.3099708557129,239.025421142578
"Reynoutria_japonica",7.04286842040051,44.8597046119639,2.41377949714661,33.0704116821289,27.8874435424805,5.60106039047241,-6.0263466835022,47.2156219482422,19.3811588287354,204.963668823242
"Reynoutria_japonica",7.04556910668369,48.1027502461205,6.27738475799561,33.0116424560547,24.8111152648926,-0.333760023117065,2.14528632164001,93.5720443725586,15.0368452072144,380.421264648438
"Reynoutria_japonica",7.05636842529703,46.4082845041079,4.79690361022949,33.0270538330078,26.7124710083008,13.2775259017944,0.191444560885429,85.8190155029297,17.2685508728027,409.167144775391
"Reynoutria_japonica",7.05660579216856,62.0010322803488,0.95183140039444,24.4094409942627,22.7108325958252,-5.55667781829834,3.95381808280945,66.8943023681641,33.0133209228516,268.134674072266
"Reynoutria_japonica",7.05683727786482,45.0187207710569,5.48426294326782,32.6512718200684,28.313196182251,8.84948539733887,-3.17197966575623,42.0947761535645,20.2519435882568,177.249038696289
"Reynoutria_japonica",7.05863238036105,48.1981231952546,7.66147518157959,32.8282241821289,24.9274730682373,0.973207890987396,3.53775525093079,94.3608474731445,13.833888053894,395.062103271484
"Reynoutria_japonica",7.05875689809281,46.4705168903341,7.12548542022705,32.7885932922363,26.8198394775391,15.6642293930054,-0.126748263835907,71.0031967163086,22.5795764923096,352.338806152344
"Reynoutria_japonica",7.06003598819579,46.1309857626768,7.80226182937622,32.4272613525391,27.4384288787842,16.5563163757324,7.1053991317749,54.2661628723145,15.9086132049561,268.434906005859
"Reynoutria_japonica",7.06137468130737,46.006127415415,0.701974153518677,33.2169151306152,26.8888835906982,9.1825475692749,1.36857259273529,61.3762817382812,18.9886455535889,311.957641601562
"Reynoutria_japonica",7.06284357700222,45.4846100897695,-2.07946395874023,33.3931694030762,27.3069648742676,4.5801739692688,-9.28006935119629,65.154167175293,14.1599779129028,263.70068359375
"Reynoutria_japonica",7.0644925700887,44.9888398290164,3.83787798881531,32.8632278442383,28.1230411529541,7.12547445297241,-4.72147941589355,42.1466369628906,22.5962200164795,179.717178344727
"Reynoutria_japonica",7.06455470294972,46.4312367583161,5.77097940444946,32.9323654174805,26.747350692749,14.2699737548828,-1.44783210754395,77.4834823608398,22.4162006378174,392.389465332031
"Reynoutria_japonica",7.06568689048983,44.6813405121303,-0.49690243601799,33.4431991577148,27.3554153442383,2.50226044654846,-8.71105003356934,52.3802337646484,20.1000347137451,220.488555908203
"Reynoutria_japonica",7.0676388557589,45.8556372063526,0.446053773164749,33.1316146850586,27.0783996582031,-6.55266332626343,5.41057252883911,82.2906341552734,16.0985431671143,350.499481201172
"Reynoutria_japonica",7.06854351551022,46.3407785904064,6.22868585586548,32.8249855041504,26.9224548339844,14.7951545715332,1.5983247756958,78.2721862792969,14.8268671035767,358.906158447266
"Reynoutria_japonica",7.08329320558199,62.8341672874048,7.4302282333374,21.0547523498535,16.7589645385742,5.10270881652832,8.95046997070312,84.2163772583008,31.7011451721191,438.992736816406
"Reynoutria_japonica",7.0847153243436,51.285481912187,9.78623485565186,32.1622581481934,22.8315582275391,17.1452198028564,9.27057838439941,64.0284271240234,17.4525566101074,317.376647949219
"Reynoutria_japonica",7.08735726621256,50.3002994124323,8.87450695037842,32.1272392272949,23.8646297454834,16.5560741424561,4.72713088989258,42.7881393432617,16.7403297424316,205.65119934082
"Reynoutria_japonica",7.08809680160784,44.8084211228007,7.40173721313477,32.4782028198242,28.3800926208496,10.7857837677002,-1.276007771492,33.8596687316895,23.6137771606445,147.18766784668
"Reynoutria_japonica",7.08887515124212,46.2289380396285,2.76368808746338,33.0897903442383,26.8027763366699,11.2487306594849,3.3675811290741,73.0934600830078,22.292516708374,384.583068847656
"Reynoutria_japonica",7.09000988719665,61.6883429835465,-2.18332815170288,24.6442623138428,24.0198307037354,-6.1482949256897,1.11958754062653,66.4101638793945,39.6554679870605,248.232757568359
"Reynoutria_japonica",7.09103356639669,58.3814260053251,5.57552051544189,23.6793174743652,20.9885082244873,0.201229751110077,7.86862421035767,115.411483764648,32.9948501586914,448.881683349609
"Reynoutria_japonica",7.09470150243239,58.3196257252187,5.7715802192688,22.8382301330566,20.3700408935547,0.539954543113708,7.93628835678101,115.737884521484,32.8523025512695,454.180999755859
"Reynoutria_japonica",7.10186426889151,46.2773323534956,5.11891460418701,32.8459587097168,26.9695243835449,13.6933879852295,5.67312479019165,73.7574615478516,21.6690845489502,389.325653076172
"Reynoutria_japonica",7.10281837511771,61.6588432044643,0.306512147188187,24.4677200317383,24.3065223693848,-3.75208163261414,3.70226192474365,56.9635772705078,38.5440292358398,219.113311767578
"Reynoutria_japonica",7.10353329471842,61.7503477897439,-1.42329919338226,24.6035079956055,23.814474105835,-8.27976322174072,1.838494181633,65.3549194335938,33.1846618652344,269.918121337891
"Reynoutria_japonica",7.1064580920263,45.0762465774745,2.53809762001038,32.9996871948242,28.0665035247803,5.80457544326782,-5.99105072021484,53.9680023193359,21.8061923980713,253.081329345703
"Reynoutria_japonica",7.11066846719708,45.7852299762313,2.18863105773926,32.8272666931152,27.4174880981445,-4.94391059875488,10.0467844009399,82.3304443359375,18.0361938476562,329.816833496094
"Reynoutria_japonica",7.11070667485143,62.4871091081186,4.30680227279663,23.3605060577393,19.7214965820312,1.27263379096985,6.59447193145752,70.4917678833008,26.9706420898438,282.059936523438
"Reynoutria_japonica",7.11313730345377,44.9521913233657,7.05978107452393,32.4802093505859,28.4791049957275,10.4734039306641,-1.6539294719696,37.7029647827148,23.1128063201904,166.364334106445
"Reynoutria_japonica",7.12323155130443,50.4458494428951,8.20378494262695,32.2609558105469,23.6712951660156,15.811261177063,4.06457567214966,47.4257888793945,20.3806076049805,235.783813476562
"Reynoutria_japonica",7.13644421051784,48.6357013240049,9.93273448944092,32.568000793457,25.0366859436035,18.1040859222412,5.82007360458374,72.2247543334961,13.3648128509521,296.256561279297
"Reynoutria_japonica",7.13818531085376,44.6722239594097,4.32565784454346,32.8168563842773,27.8591060638428,7.53163146972656,-4.1297664642334,43.4400939941406,24.2782001495361,171.595291137695
"Reynoutria_japonica",7.13858966871457,47.3290814777287,8.55553245544434,32.7599296569824,25.740930557251,16.8059959411621,4.24563932418823,85.8163757324219,18.6939125061035,397.391235351562
"Reynoutria_japonica",7.14752923187351,44.5493009579626,5.18892097473145,32.5810203552246,27.5989551544189,8.34607219696045,-3.20332407951355,53.2383995056152,21.0816116333008,203.921691894531
"Reynoutria_japonica",7.15146926022976,44.7954795523828,8.52499771118164,32.3250541687012,28.5223541259766,11.9655609130859,-0.218556925654411,34.1189651489258,24.934886932373,154.652893066406
"Reynoutria_japonica",7.15726671051172,45.7347313010806,4.37818336486816,32.5606956481934,27.7108898162842,-2.8946053981781,12.3319997787476,68.4922332763672,16.9732570648193,267.651672363281
"Reynoutria_japonica",7.15785350904811,45.4853995201404,-0.241941198706627,33.1591186523438,27.5562076568604,2.9579119682312,-8.64862442016602,56.1801414489746,16.4881935119629,224.736480712891
"Reynoutria_japonica",7.1605365429988,62.0841583731329,2.99567222595215,24.2587356567383,22.6433410644531,-3.49755454063416,5.98116397857666,56.1808013916016,30.1657199859619,227.361404418945
"Reynoutria_japonica",7.16739174446592,46.6212990359743,6.82286596298218,32.8448181152344,26.6500434875488,15.3127794265747,-1.50178825855255,80.8804702758789,29.5734329223633,469.100433349609
"Reynoutria_japonica",7.17058331357305,48.0377077524597,9.6517276763916,32.50830078125,25.2845554351807,17.8507823944092,5.5093035697937,62.6521415710449,13.9013643264771,269.338073730469
"Reynoutria_japonica",7.17195838482971,51.0306724929215,9.97359180450439,32.1108474731445,23.171106338501,17.4420948028564,5.88218355178833,62.014965057373,17.922176361084,325.354644775391
"Reynoutria_japonica",7.18288788746435,60.4800957465858,1.34772932529449,24.8002681732178,24.7701168060303,-2.70742893218994,4.72817850112915,57.7055053710938,28.7006683349609,282.119995117188
"Reynoutria_japonica",7.18315030870863,58.7839845217687,2.54673719406128,26.02565574646,23.1667194366455,-0.677170217037201,5.28904962539673,94.9176483154297,31.131950378418,413.523193359375
"Reynoutria_japonica",7.19201405433682,46.4656167264124,6.18233203887939,32.8089370727539,26.8129234313965,14.7166604995728,1.58334743976593,74.6397171020508,22.0295276641846,380.559631347656
"Reynoutria_japonica",7.19588970030659,44.8626941606279,8.00802326202393,32.3916053771973,28.5443859100342,11.455602645874,-0.737593710422516,35.1763763427734,27.8317813873291,161.338439941406
"Reynoutria_japonica",7.19785352073613,60.5539900026298,0.218628987669945,24.8507976531982,24.7122535705566,-3.8233380317688,3.59335207939148,57.9818344116211,29.7982559204102,279.604309082031
"Reynoutria_japonica",7.20399159995635,59.0000419350418,2.21910238265991,26.3232307434082,24.0995292663574,-1.22774434089661,1.02785241603851,71.6335067749023,31.2000102996826,355.2080078125
"Reynoutria_japonica",7.20678485062913,45.7941982805601,3.10762238502502,32.6553573608398,27.53346824646,-4.08768796920776,10.9971590042114,62.7251777648926,17.2257881164551,259.814208984375
"Reynoutria_japonica",7.20863898667328,46.0071448528061,1.09505021572113,33.0429420471191,27.0013732910156,9.62917613983154,1.74575066566467,55.2110137939453,18.0771141052246,276.701538085938
"Reynoutria_japonica",7.21174839017895,44.4603288870607,8.82332992553711,31.930233001709,27.5834350585938,12.0546760559082,0.345109105110168,49.3211288452148,21.443302154541,177.4912109375
"Reynoutria_japonica",7.21310287779649,59.0725030385611,1.81170392036438,26.3784923553467,24.2845191955566,-1.67881405353546,0.635112166404724,70.1724243164062,30.5882396697998,352.990020751953
"Reynoutria_japonica",7.22145034045973,47.4253641380541,9.61300945281982,32.5897674560547,25.7762908935547,17.8887462615967,2.59276866912842,82.1215057373047,20.6516990661621,415.113342285156
"Reynoutria_japonica",7.22466981124302,50.8853162711626,10.3138513565063,31.9933032989502,23.3985137939453,17.8504314422607,6.20301961898804,56.3403282165527,18.4069156646729,298.502593994141
"Reynoutria_japonica",7.22517568566454,58.8111384408193,2.54360628128052,26.1590251922607,23.4431056976318,-0.743408679962158,5.34621810913086,90.7591552734375,30.5304126739502,374.193511962891
"Reynoutria_japonica",7.23034000881033,44.7479965601602,6.86210870742798,32.4777908325195,28.2341823577881,10.2007637023926,-1.75524544715881,46.3409881591797,24.6613426208496,193.228698730469
"Reynoutria_japonica",7.23132994228294,48.4176029249144,8.68335342407227,32.6691627502441,25.0176200866699,16.8255443572998,4.56317472457886,77.3196258544922,14.315899848938,326.0107421875
"Reynoutria_japonica",7.2541548718149,51.7454344072377,10.5620822906494,31.8406887054443,22.6313037872314,17.9082565307617,6.4908504486084,44.0781173706055,19.4088401794434,237.388061523438
"Reynoutria_japonica",7.2567681090993,46.0629488075834,3.29554677009583,32.7727737426758,27.1856842041016,11.9272880554199,3.89527058601379,48.6301193237305,17.1069221496582,249.10107421875
"Reynoutria_japonica",7.25838430881124,46.1330929440064,3.4870936870575,32.7758178710938,27.1173057556152,12.0881004333496,4.07667446136475,51.6524238586426,19.0794792175293,264.209503173828
"Reynoutria_japonica",7.26096325922479,46.4687648156079,6.66275882720947,32.6943817138672,26.9004707336426,15.2366180419922,7.1607985496521,68.2694625854492,19.6400737762451,348.539581298828
"Reynoutria_japonica",7.26188609389004,58.7236341751625,3.20699954032898,25.8853206634521,23.1911430358887,-0.0260957088321447,5.96472787857056,89.5581207275391,30.9475212097168,360.87060546875
"Reynoutria_japonica",7.26892383859796,45.7635768595639,5.41468143463135,32.3250617980957,27.870361328125,1.39389193058014,13.4122457504272,51.007999420166,17.256326675415,190.680572509766
"Reynoutria_japonica",7.27064983501581,44.8892964461758,11.2251720428467,31.9968357086182,28.9953804016113,14.8356609344482,2.27854919433594,33.5914344787598,29.0602684020996,175.416290283203
"Reynoutria_japonica",7.27173313578643,61.5912848581396,3.85043096542358,24.0134544372559,25.0506725311279,-0.427273720502853,7.44520950317383,39.5830574035645,38.4576072692871,169.500793457031
"Reynoutria_japonica",7.27422309682565,45.9142866372819,-1.66297566890717,33.2611961364746,26.9285831451416,4.98483896255493,3.27932238578796,59.7144470214844,13.4450645446777,279.781463623047
"Reynoutria_japonica",7.27780520824138,48.2290549607988,8.79566478729248,32.6021194458008,25.1704006195068,16.9635906219482,4.67072916030884,65.6275787353516,14.7370338439941,281.677551269531
"Reynoutria_japonica",7.28198409696545,46.6838242715128,6.03862571716309,32.9167404174805,26.5097503662109,14.4740972518921,-2.21627616882324,81.6322860717773,26.5895309448242,461.6728515625
"Reynoutria_japonica",7.28212036729246,48.5073188919846,9.97674179077148,32.4574356079102,25.1474361419678,3.14479994773865,5.85563611984253,58.7494583129883,13.098801612854,232.307479858398
"Reynoutria_japonica",7.28350657480443,60.601478743752,-0.166441947221756,24.7783889770508,24.809383392334,-4.23699426651001,3.22756218910217,52.1287536621094,28.3070373535156,279.452056884766
"Reynoutria_japonica",7.28464836797955,61.7863202012798,-0.940800428390503,24.48659324646,24.2420692443848,-4.97864151000977,2.428795337677,56.829647064209,36.7701721191406,227.438217163086
"Reynoutria_japonica",7.28812653554736,44.8299567952351,12.2683305740356,31.849760055542,28.982006072998,15.879433631897,3.31992936134338,30.8896942138672,29.8745231628418,154.225036621094
"Reynoutria_japonica",7.28969050692226,48.4383636711205,7.54427814483643,32.8321914672852,24.9107494354248,15.6408576965332,3.42284393310547,81.9933166503906,15.7671756744385,356.977111816406
"Reynoutria_japonica",7.29324584582792,59.3993542431263,1.3096741437912,26.1793460845947,24.9760093688965,-2.42914962768555,0.202647820115089,56.6198577880859,30.8793849945068,298.818542480469
"Reynoutria_japonica",7.29382236670338,61.5019962067296,2.27588725090027,24.0686988830566,25.1362648010254,-2.01070117950439,5.88717031478882,45.4357643127441,35.6919136047363,224.39030456543
"Reynoutria_japonica",7.30110069872317,62.5509054679141,3.34930467605591,23.4548034667969,19.8436508178711,0.287999987602234,5.66732358932495,74.6924209594727,25.7547588348389,312.915649414062
"Reynoutria_japonica",7.30393400512155,52.0217265583738,9.97254657745361,31.8534851074219,22.4161796569824,17.2554740905762,5.89085817337036,46.1823081970215,19.7511291503906,247.059387207031
"Reynoutria_japonica",7.30396993493318,46.5677852807253,4.58240079879761,33.0056533813477,26.5678310394287,13.0290288925171,5.10472297668457,88.3469161987305,21.1643161773682,450.49609375
"Reynoutria_japonica",7.30650838128768,45.7963831373611,6.7092456817627,32.1569862365723,27.9583435058594,2.63324069976807,14.7443714141846,44.4831047058105,15.1056842803955,181.653839111328
"Reynoutria_japonica",7.30889834757977,62.8964095483546,6.00094747543335,21.5804176330566,17.2499389648438,3.55575394630432,7.65467166900635,88.0784912109375,27.9846324920654,351.501831054688
"Reynoutria_japonica",7.31071858845198,44.990706500512,9.43276882171631,32.2012138366699,28.9365463256836,13.0165271759033,0.525808572769165,33.2707748413086,32.778923034668,184.969223022461
"Reynoutria_japonica",7.31914201809046,44.561139589551,9.59401607513428,31.8964004516602,27.9441890716553,12.9285707473755,0.995352208614349,42.8715286254883,24.4156970977783,175.725555419922
"Reynoutria_japonica",7.32255580327179,45.7914115739632,8.52349090576172,31.9104843139648,28.2277755737305,4.35621643066406,16.6400012969971,42.1987762451172,15.0706624984741,169.658172607422
"Reynoutria_japonica",7.32811167676503,46.2218584452712,10.2310609817505,32.0131340026855,27.6804332733154,2.79370665550232,9.61643886566162,36.0239067077637,15.0695819854736,158.876525878906
"Reynoutria_japonica",7.33043310643941,45.9484043238765,-4.62351512908936,33.6559219360352,26.573356628418,1.8634432554245,0.274983495473862,53.8569412231445,13.055962562561,247.643188476562
"Reynoutria_japonica",7.33130515938466,59.1240205104173,1.22233653068542,26.4342575073242,24.5311622619629,-2.32638740539551,0.0588328540325165,71.17919921875,29.8091735839844,326.872283935547
"Reynoutria_japonica",7.33282052431707,61.7534934767432,-0.625282287597656,24.4359092712402,24.3682441711426,-4.69241714477539,2.76979923248291,54.496753692627,37.8593559265137,218.391235351562
"Reynoutria_japonica",7.3337589854818,50.8484309466794,10.0731935501099,31.9537925720215,23.4929046630859,17.6533126831055,9.63344287872314,60.4516716003418,16.5718421936035,307.024749755859
"Reynoutria_japonica",7.33447290585035,62.824802417607,5.296555519104,22.2933788299561,18.0246505737305,2.6560046672821,7.16161727905273,90.0515747070312,31.3473224639893,351.246398925781
"Reynoutria_japonica",7.3427583382178,46.3766936861453,2.97694897651672,33.0246658325195,26.6826629638672,11.4442167282104,3.54886603355408,72.3600921630859,27.5649337768555,455.083099365234
"Reynoutria_japonica",7.35093204180485,50.454157547898,10.1791276931763,31.8906078338623,23.9235877990723,17.9272212982178,6.03900527954102,41.4530830383301,20.2278251647949,207.316528320312
"Reynoutria_japonica",7.35611521189046,49.6194997388718,9.11901760101318,31.9189186096191,24.4199237823486,2.50233721733093,4.96918916702271,48.4818840026855,14.8624105453491,225.249786376953
"Reynoutria_japonica",7.36201796863415,46.4656082936965,4.01656532287598,32.9923820495605,26.637186050415,12.487361907959,4.55968475341797,84.6504440307617,24.1007099151611,484.891876220703
"Reynoutria_japonica",7.3650631948838,62.1767266042243,1.62451732158661,24.3127708435059,22.7821559906006,-2.08220076560974,4.62336492538452,49.7960472106934,31.0654163360596,206.905029296875
"Reynoutria_japonica",7.36731301694464,58.5359112068797,5.84361124038696,24.7197303771973,22.3534870147705,0.0856219455599785,8.44768619537354,84.3085174560547,31.5178909301758,322.635498046875
"Reynoutria_japonica",7.36803976338854,61.9997294317938,-0.68045574426651,24.4814929962158,23.7252807617188,-7.512047290802,2.54422283172607,54.9436225891113,31.674898147583,228.160659790039
"Reynoutria_japonica",7.3682667500339,62.1559059232653,0.223248198628426,24.4087390899658,22.9618721008301,-3.51502752304077,3.25873708724976,51.5699768066406,31.0950183868408,213.669555664062
"Reynoutria_japonica",7.36833180444629,44.9186434963112,12.5876665115356,31.8234348297119,29.2505779266357,16.2972736358643,3.53031539916992,27.6453647613525,34.1604766845703,161.128936767578
"Reynoutria_japonica",7.36852677230825,47.2448560979464,7.62403678894043,32.9038391113281,25.8720760345459,15.8899736404419,3.27328157424927,96.705322265625,15.4346857070923,425.780395507812
"Reynoutria_japonica",7.36897555501162,47.6113617969964,11.0355663299561,32.3650054931641,25.8431701660156,19.3642864227295,3.98635935783386,58.0646591186523,22.4740962982178,318.912658691406
"Reynoutria_japonica",7.37032989318468,51.9930889471204,9.94753932952881,31.8036708831787,22.4852523803711,17.2477512359619,5.85812711715698,45.5866355895996,18.5253658294678,234.224761962891
"Reynoutria_japonica",7.37447120915633,46.6163266769215,6.26508617401123,32.7986030578613,26.6818828582764,14.7715826034546,-0.940199255943298,74.2698364257812,21.328950881958,373.261840820312
"Reynoutria_japonica",7.37577277784895,46.2459207552261,9.79544639587402,31.9724559783936,27.6818256378174,18.6805038452148,9.17745780944824,35.67529296875,17.3728523254395,184.466354370117
"Reynoutria_japonica",7.37672983394378,45.6644822907078,-1.29950940608978,33.1482887268066,27.3835487365723,1.90336155891418,3.69152641296387,57.3684730529785,16.1649017333984,253.179107666016
"Reynoutria_japonica",7.3788819293449,58.943476915726,2.37160110473633,26.3563957214355,24.2634353637695,-1.10546040534973,1.17336940765381,73.4220275878906,29.3271331787109,317.302215576172
"Reynoutria_japonica",7.38212804175577,58.1654176723041,7.38515424728394,20.8196086883545,19.675895690918,4.82804107666016,9.42823886871338,91.3816452026367,31.0423450469971,382.316619873047
"Reynoutria_japonica",7.38376166035247,58.2344109700746,6.89095067977905,21.8768119812012,20.3289127349854,1.63151061534882,9.0692892074585,95.8303070068359,31.2819576263428,404.541198730469
"Reynoutria_japonica",7.38890021902704,58.7565376406649,3.49573945999146,25.9971618652344,23.6375904083252,0.153601512312889,2.24628067016602,83.3704452514648,29.5541305541992,377.413757324219
"Reynoutria_japonica",7.38953880732229,47.8272433385973,11.7352256774902,32.2359428405762,25.7878971099854,20.0698127746582,4.69153881072998,49.211483001709,20.8538246154785,260.656860351562
"Reynoutria_japonica",7.3933799144115,46.0960892120593,1.23866081237793,32.9115257263184,26.9843292236328,9.77640628814697,-5.96693181991577,43.5817413330078,15.5669784545898,208.449508666992
"Reynoutria_japonica",7.39692366872839,46.6235351319232,6.41580438613892,32.7493362426758,26.7117557525635,14.9378814697266,6.89315795898438,77.5040969848633,25.3839931488037,433.871154785156
"Reynoutria_japonica",7.39747782333474,46.0721867989033,-0.930900812149048,33.1661567687988,26.8202056884766,7.51996374130249,-0.254175662994385,45.5469169616699,15.3127212524414,219.526763916016
"Reynoutria_japonica",7.39998416690259,62.334573482294,3.32840085029602,24.071949005127,21.8839435577393,-0.186607047915459,6.11346197128296,57.1186828613281,34.4735412597656,234.41618347168
"Reynoutria_japonica",7.40153135429467,46.4763677511872,4.72426414489746,32.8427467346191,26.7352294921875,13.2349300384521,5.24991846084595,67.8029174804688,26.4221420288086,410.179290771484
"Reynoutria_japonica",7.40227436213999,46.3806333293422,1.72650396823883,33.1144981384277,26.5861358642578,10.145923614502,2.32302141189575,68.2223968505859,27.8298473358154,433.035217285156
"Reynoutria_japonica",7.40409619026702,47.3914018576827,10.053279876709,32.5736656188965,25.964225769043,18.3758201599121,2.98608160018921,68.0429153442383,17.2269744873047,323.913879394531
"Reynoutria_japonica",7.41029658891673,47.1792159412621,10.396388053894,32.5607986450195,26.2105712890625,18.7995662689209,6.01804256439209,80.2470550537109,10.056529045105,311.105590820312
"Reynoutria_japonica",7.41914900196588,61.7541145845729,-0.674321591854095,24.3305473327637,24.6246223449707,-4.80903196334839,2.77855038642883,45.3440933227539,35.7067451477051,205.778823852539
"Reynoutria_japonica",7.43761757779981,46.8428373785714,8.63021373748779,32.6064987182617,26.575122833252,17.1205673217773,0.289264321327209,75.9982147216797,29.8100986480713,467.386169433594
"Reynoutria_japonica",7.44015917915339,58.5696479738307,5.58569002151489,24.9727821350098,22.7251682281494,-0.277460396289825,8.27562236785889,88.496940612793,30.6945476531982,384.922821044922
"Reynoutria_japonica",7.44466410667236,46.599585502723,4.16933441162109,32.9781761169434,26.5125179290771,12.5982351303101,4.6878228187561,84.6598587036133,30.3329334259033,545.11962890625
"Reynoutria_japonica",7.45112764547152,46.5568463219359,3.32299017906189,33.0604858398438,26.4817218780518,11.7336015701294,3.86532545089722,95.1246109008789,26.5217456817627,559.869995117188
"Reynoutria_japonica",7.45591928377166,46.0370520118111,-2.45923161506653,33.3159675598145,26.7158012390137,5.93644094467163,-1.75259280204773,45.2031059265137,17.4810428619385,235.017425537109
"Reynoutria_japonica",7.45703383754127,62.8347851251228,5.366455078125,22.3297901153564,18.0185317993164,2.73239994049072,7.22598743438721,83.1109619140625,26.671724319458,336.114349365234
"Reynoutria_japonica",7.46137313668476,49.2502097685042,10.1673107147217,31.8951244354248,24.7798023223877,3.37830281257629,6.02711057662964,55.3853187561035,13.544020652771,245.477844238281
"Reynoutria_japonica",7.46775727318261,47.2996257129203,8.5657377243042,32.7597351074219,25.9537868499756,16.8616237640381,1.51829814910889,84.5928421020508,20.472677230835,406.893005371094
"Reynoutria_japonica",7.47024344432083,45.9087722861487,0.21987222135067,32.876838684082,27.2012233734131,6.99278926849365,5.18400764465332,46.3244247436523,13.4776945114136,213.708801269531
"Reynoutria_japonica",7.47258210631151,45.4569567591695,6.22610473632812,32.3274765014648,28.5600738525391,9.78490161895752,-2.61116075515747,37.9240493774414,27.6111526489258,192.320098876953
"Reynoutria_japonica",7.47306651993754,45.7328084176063,8.77097129821777,31.8226013183594,28.3781185150146,16.0541248321533,13.8512096405029,39.1936950683594,13.5666122436523,191.055328369141
"Reynoutria_japonica",7.47418878439166,46.4986071205633,2.79913210868835,33.0204620361328,26.5595569610596,11.2328720092773,3.35769891738892,88.9391021728516,23.3520469665527,504.544372558594
"Reynoutria_japonica",7.4764041232579,45.8485756134419,-0.752077639102936,32.9777526855469,27.175500869751,5.98238086700439,-0.0706902518868446,53.6765174865723,14.1360998153687,260.488372802734
"Reynoutria_japonica",7.47687002595707,61.5333425761916,0.572494208812714,24.0174026489258,25.2688102722168,-3.72644233703613,4.19276714324951,42.8373641967773,36.0670585632324,228.607238769531
"Reynoutria_japonica",7.48124687929099,47.2058167599841,10.7119817733765,32.5107803344727,26.2958869934082,19.1433162689209,6.32497549057007,81.3018341064453,17.0400142669678,366.494018554688
"Reynoutria_japonica",7.48176467431423,62.188624863708,1.34132039546967,24.3439102172852,23.1619205474854,-2.45186185836792,4.42511224746704,47.3711051940918,30.4296360015869,203.625122070312
"Reynoutria_japonica",7.4840219081706,46.1040392550502,2.55409407615662,32.6699752807617,27.138858795166,11.1669979095459,-4.69931745529175,38.6157188415527,17.3952007293701,194.814392089844
"Reynoutria_japonica",7.49500065214966,58.3198018711062,6.74169874191284,22.8190975189209,21.1150493621826,1.29523301124573,9.08314990997314,84.1024017333984,32.0371055603027,331.580047607422
"Reynoutria_japonica",7.49523782269744,58.8452111129166,3.71488547325134,26.1403579711914,24.1711616516113,0.250641614198685,2.50747609138489,71.8303070068359,28.9538059234619,296.872955322266
"Reynoutria_japonica",7.49877930892689,44.5279610111116,12.4714822769165,31.1969966888428,27.8884792327881,15.8795948028564,3.79721570014954,36.1626358032227,27.2813510894775,165.714920043945
"Reynoutria_japonica",7.49925334232676,59.0349498981517,2.77622866630554,26.3401508331299,24.7255821228027,3.28285813331604,1.61934292316437,67.1953887939453,28.4229259490967,285.163757324219
"Reynoutria_japonica",7.50074210275557,59.1524702424958,4.62433671951294,26.0661869049072,25.3097515106201,5.0365424156189,-0.45299768447876,45.3595275878906,28.7761554718018,233.439056396484
"Reynoutria_japonica",7.50097476449718,46.2588492256493,9.11961936950684,31.9680347442627,27.5672187805176,17.9713706970215,9.58125305175781,34.7705421447754,19.2505912780762,191.570159912109
"Reynoutria_japonica",7.50613582032338,45.1965496984522,12.5632705688477,31.735034942627,29.5020236968994,16.3905735015869,3.37500548362732,28.9801406860352,33.2965240478516,184.757171630859
"Reynoutria_japonica",7.50647897911406,46.0920933816947,2.13120484352112,32.6938285827637,27.105525970459,10.7287464141846,-2.51377868652344,43.3632926940918,17.852258682251,228.481140136719
"Reynoutria_japonica",7.52185491686317,59.3973181687744,0.480182379484177,26.314416885376,25.215877532959,0.924825131893158,-4.5227746963501,54.2866821289062,28.6722431182861,307.015258789062
"Reynoutria_japonica",7.52366405860406,46.2164473994137,3.44930720329285,32.6478614807129,27.0399627685547,12.0506038665771,4.02378225326538,47.1451301574707,22.0879859924316,270.492889404297
"Reynoutria_japonica",7.52630802630602,58.0763465137925,8.49756240844727,19.6227588653564,19.2538166046143,6.01577091217041,10.4639825820923,75.433219909668,31.4461231231689,296.524139404297
"Reynoutria_japonica",7.53146135288571,46.6915114728305,5.31014347076416,32.853141784668,26.5172138214111,13.7605285644531,-1.84061324596405,92.6862106323242,26.5308094024658,499.743896484375
"Reynoutria_japonica",7.53274029354421,44.4260219911334,12.7212247848511,30.7793884277344,27.3636226654053,16.0416965484619,4.16720342636108,41.5598106384277,24.7500457763672,175.192199707031
"Reynoutria_japonica",7.53927727922146,46.8040932246555,10.1296682357788,32.3681983947754,26.8196411132812,18.7254981994629,1.67546045780182,53.1274337768555,30.0050354003906,325.682342529297
"Reynoutria_japonica",7.53981150365259,58.7232424519458,4.86634349822998,25.7346420288086,23.7459850311279,1.49256932735443,3.62424468994141,73.7829666137695,29.2188911437988,328.216491699219
"Reynoutria_japonica",7.54138518322774,45.0518631951327,13.0743455886841,31.7451477050781,29.5217590332031,16.8879871368408,3.89895987510681,30.2723770141602,33.4405632019043,201.840087890625
"Reynoutria_japonica",7.54318276869714,61.8485096300419,-2.85725092887878,24.4465007781982,24.5048847198486,-6.92993402481079,0.54225105047226,49.1287536621094,33.0469398498535,228.74446105957
"Reynoutria_japonica",7.54464760391928,59.3662308294192,1.23370039463043,26.2735347747803,25.3124141693115,1.66094434261322,-3.79030585289001,53.0743522644043,28.5918731689453,304.346618652344
"Reynoutria_japonica",7.54641915434576,45.9757841184856,-4.2026481628418,33.4133720397949,26.6201591491699,4.13546371459961,-11.2574825286865,47.5455055236816,17.3916511535645,240.959350585938
"Reynoutria_japonica",7.546888492371,46.3154056372757,8.73800086975098,32.0138664245605,27.4707012176514,1.36537873744965,12.3297958374023,36.6476249694824,16.6003170013428,170.477935791016
"Reynoutria_japonica",7.54697861091141,62.2127446417975,-0.535965859889984,24.4482707977295,23.0746650695801,-4.28918743133545,2.5137882232666,55.8921394348145,32.860466003418,239.932220458984
"Reynoutria_japonica",7.55545218736794,46.9270095300753,9.78171634674072,32.4897499084473,26.5909824371338,18.2919006347656,2.56068086624146,73.60791015625,24.7248706817627,401.485076904297
"Reynoutria_japonica",7.55647047085017,44.4948954146213,13.0062866210938,30.8137340545654,27.5840167999268,16.3842182159424,4.37807989120483,38.6569404602051,25.713960647583,171.158111572266
"Reynoutria_japonica",7.55679096448276,45.629999637579,0.459192186594009,32.8575706481934,27.6509742736816,3.76587772369385,-8.0395622253418,55.4812240600586,19.1484050750732,254.631057739258
"Reynoutria_japonica",7.55785396194124,44.5796898800597,13.2277269363403,31.096342086792,28.0911254882812,16.7103385925293,4.46452713012695,38.1018333435059,25.8309364318848,173.774688720703
"Reynoutria_japonica",7.56281118173761,59.4994626001511,0.222053796052933,26.2331924438477,25.2657508850098,0.642191350460052,-4.76751518249512,52.1644248962402,28.0792274475098,308.802734375
"Reynoutria_japonica",7.56435895715235,45.9171399028251,-1.8490207195282,33.0886917114258,26.9411201477051,4.80615997314453,-10.1136026382446,45.3600921630859,16.3294315338135,221.251098632812
"Reynoutria_japonica",7.56935383370438,61.2889657504648,1.53921616077423,23.8422336578369,25.6052703857422,-2.8333113193512,5.22692108154297,31.4489421844482,34.5656700134277,184.43115234375
"Reynoutria_japonica",7.57242591646735,46.374181091397,1.63942670822144,32.9502258300781,26.6744766235352,-5.33262586593628,0.833756923675537,57.5469169616699,15.1645345687866,268.015441894531
"Reynoutria_japonica",7.57464153566057,58.2918532580971,6.97804403305054,22.7903690338135,21.216423034668,1.49274981021881,9.34981918334961,86.7072906494141,30.9970645904541,383.476623535156
"Reynoutria_japonica",7.57503201252791,61.7261891299586,-1.86513495445251,24.2924671173096,24.8687438964844,-6.04586505889893,1.63337886333466,42.1652717590332,34.1457672119141,213.454299926758
"Reynoutria_japonica",7.57979081057426,46.222936045918,4.92804145812988,32.4236869812012,27.2046966552734,13.608172416687,5.4681224822998,39.0202369689941,19.5356216430664,211.900802612305
"Reynoutria_japonica",7.58134646467999,59.5840388005439,0.377151727676392,25.9701976776123,25.3096008300781,0.754017293453217,-4.60074806213379,46.1061630249023,27.3521194458008,266.17919921875
"Reynoutria_japonica",7.58598476834331,58.9800788686722,4.50681352615356,26.126070022583,24.8885173797607,4.97391080856323,3.35747456550598,60.2823524475098,27.724494934082,281.094879150391
"Reynoutria_japonica",7.58674190919182,58.572861403698,5.70735883712769,24.917594909668,22.9257221221924,-0.219559252262115,8.44329929351807,84.9485168457031,29.3673534393311,365.310607910156
"Reynoutria_japonica",7.58771889546186,46.2772821515687,4.28636598587036,32.5010833740234,27.074182510376,12.9206104278564,4.83597803115845,46.6601409912109,19.2511711120605,254.378723144531
"Reynoutria_japonica",7.59256745747368,45.4580088971543,9.20070266723633,31.9340953826904,28.9561595916748,12.9145050048828,0.176324769854546,40.1067276000977,25.1797885894775,211.492797851562
"Reynoutria_japonica",7.60432230156158,46.1845436706118,3.44790697097778,32.5152244567871,27.1375427246094,12.0800609588623,-1.1976580619812,40.3192481994629,18.1558437347412,214.464279174805
"Reynoutria_japonica",7.61531393705723,62.494348082612,1.90447211265564,24.0662326812744,21.6242904663086,-1.53578662872314,4.61493921279907,65.8644714355469,28.1027050018311,286.07763671875
"Reynoutria_japonica",7.61538436862545,59.7817938930545,1.99249172210693,25.5094108581543,25.4649887084961,2.27868390083313,-2.99513578414917,44.32470703125,27.4293746948242,269.2412109375
"Reynoutria_japonica",7.61580884322993,46.842091982063,9.70187950134277,32.4288711547852,26.7137031555176,18.2625007629395,1.27556395530701,70.0441436767578,31.6100635528564,436.873291015625
"Reynoutria_japonica",7.61901426501327,47.573637460032,11.7078428268433,32.2680320739746,26.1145877838135,20.1081218719482,4.58011913299561,46.8281402587891,24.3689231872559,267.778717041016
"Reynoutria_japonica",7.62224513381685,53.4176389011359,10.2072162628174,26.0924892425537,19.776762008667,16.969066619873,5.79806900024414,42.2247543334961,23.8439769744873,246.079345703125
"Reynoutria_japonica",7.62667579298735,45.5055613158233,2.82548928260803,32.6424713134766,28.1374702453613,6.25773000717163,-5.84753894805908,48.2610816955566,26.4579601287842,250.975723266602
"Reynoutria_japonica",7.62824458086411,45.8816065785374,1.11112940311432,32.6658630371094,27.3168754577637,7.93836545944214,-7.33905410766602,47.9910583496094,16.8449420928955,230.869934082031
"Reynoutria_japonica",7.63617434581648,44.4581398931119,13.1147165298462,30.4282779693604,27.1880588531494,13.6154727935791,4.56188058853149,39.8605155944824,26.10622215271,172.891754150391
"Reynoutria_japonica",7.63882629477466,47.4876012986394,9.9579381942749,32.5874519348145,25.9719066619873,18.2896518707275,1.73175060749054,70.7483291625977,24.4474105834961,395.519622802734
"Reynoutria_japonica",7.64264636108458,51.1237665475154,8.53897762298584,31.9306163787842,23.2520389556885,2.4262478351593,11.6872844696045,74.56884765625,18.5045566558838,345.455047607422
"Reynoutria_japonica",7.64354948046035,59.1549572470507,1.82444036006927,26.4130210876465,25.1278305053711,2.28949642181396,-3.20423984527588,62.3972702026367,28.0696887969971,339.990020751953
"Reynoutria_japonica",7.6501825498565,44.4966419872362,13.2827816009521,30.602165222168,27.4938087463379,16.663480758667,4.65445613861084,36.348705291748,26.7815265655518,166.910583496094
"Reynoutria_japonica",7.65226577262697,61.499073472949,2.53133916854858,23.6930637359619,25.7120571136475,-1.89223849773407,6.26474332809448,25.9172706604004,30.6564998626709,164.953216552734
"Reynoutria_japonica",7.65473192958673,47.5562274518438,11.4998188018799,32.3117599487305,26.0991802215576,19.8922214508057,4.37459897994995,56.7792930603027,22.5190277099609,308.135437011719
"Reynoutria_japonica",7.65621660122556,46.6545733239836,5.53733730316162,32.7285385131836,26.6111907958984,14.0339288711548,-2.77758598327637,82.8509140014648,33.6353340148926,522.533813476562
"Reynoutria_japonica",7.65696845867677,49.3150230224848,9.99235248565674,31.8109359741211,24.7858619689941,3.17963910102844,5.84584808349609,49.4853668212891,13.502552986145,220.545501708984
"Reynoutria_japonica",7.66408362673225,46.0300617600488,-3.17646360397339,33.2217483520508,26.6802253723145,3.39863514900208,-11.3476266860962,41.860424041748,18.9179782867432,203.134689331055
"Reynoutria_japonica",7.66938665629896,46.3216791360558,7.71781492233276,32.045036315918,27.3713874816895,0.387807011604309,7.06331586837769,39.3023986816406,14.7213563919067,187.740051269531
"Reynoutria_japonica",7.67090273038125,47.6115224411313,10.9025449752808,32.3978614807129,26.007604598999,19.265754699707,3.8036470413208,71.2694625854492,19.6453914642334,353.334014892578
"Reynoutria_japonica",7.67147284750004,44.5573058496938,13.5075654983521,30.8096408843994,27.9883670806885,16.9933490753174,4.74059152603149,34.9453163146973,27.2305126190186,170.466537475586
"Reynoutria_japonica",7.67303713632591,59.5249234499525,1.02176988124847,26.0628471374512,25.4943904876709,1.39109182357788,-3.99310111999512,51.5143508911133,26.8293437957764,258.682159423828
"Reynoutria_japonica",7.67811969532444,61.3760010261395,-0.166807845234871,23.8671836853027,25.5524978637695,-4.51961421966553,3.50119376182556,29.0231533050537,32.8277816772461,178.261367797852
"Reynoutria_japonica",7.68129430268698,58.5645067664442,6.09075021743774,24.8107128143311,23.0224933624268,2.85744619369507,8.85212421417236,78.9466400146484,28.7592029571533,309.427581787109
"Reynoutria_japonica",7.68367444845831,46.0646620093169,-4.81644725799561,33.4597282409668,26.4303150177002,3.46832323074341,-12.8787965774536,45.1846580505371,20.0198249816895,230.130355834961
"Reynoutria_japonica",7.68374037122034,58.4430971366414,5.96784162521362,23.9602851867676,22.1658821105957,0.243736490607262,8.53433513641357,89.3994369506836,29.7622203826904,360.811859130859
"Reynoutria_japonica",7.68784845523927,46.289883399397,4.07419157028198,32.4556007385254,27.0598487854004,12.7073459625244,4.62101459503174,40.9038124084473,20.2711162567139,225.274169921875
"Reynoutria_japonica",7.70931474292247,45.5368803853969,6.743980884552,32.1051177978516,28.6176090240479,10.3619432449341,-2.15468072891235,41.9705390930176,26.8915023803711,217.685363769531
"Reynoutria_japonica",7.71162467201131,45.4198496749382,11.0521678924561,31.6555461883545,29.2367916107178,14.8663625717163,1.90209090709686,32.7573661804199,32.1108741760254,187.562438964844
"Reynoutria_japonica",7.7141434499556,59.5243881186413,1.77949059009552,25.9900856018066,25.5903358459473,2.12925481796265,-3.25681567192078,48.9298820495605,26.7426338195801,268.497619628906
"Reynoutria_japonica",7.72705199806506,58.9125555776793,5.83597850799561,25.9061546325684,24.7573089599609,2.20105886459351,4.67342758178711,54.9443778991699,27.8874816894531,271.314453125
"Reynoutria_japonica",7.73223422555305,45.821091337488,1.97862672805786,32.5074615478516,27.5665321350098,8.88329219818115,-6.56445980072021,54.5590591430664,19.220100402832,265.000762939453
"Reynoutria_japonica",7.73357637255269,61.5987227142887,-0.75506317615509,23.9499645233154,25.4058074951172,-5.07612991333008,2.88244533538818,33.911247253418,32.1411209106445,198.203491210938
"Reynoutria_japonica",7.73484929234672,47.0235017950996,9.41012287139893,32.5247573852539,26.4673404693604,17.8861999511719,1.05648636817932,80.5693206787109,23.2941837310791,410.734954833984
"Reynoutria_japonica",7.73658971090144,46.9012354425571,8.59853172302246,32.5464477539062,26.5521030426025,17.1012096405029,0.231099605560303,63.8736953735352,36.2185592651367,455.126220703125
"Reynoutria_japonica",7.73911341766809,46.5679566000228,4.68675756454468,32.6428909301758,26.682975769043,13.1998462677002,-3.64097738265991,74.9778823852539,33.6450157165527,476.55078125
"Reynoutria_japonica",7.74010598355837,45.6987212213467,7.66626024246216,31.8118553161621,28.4476509094238,14.9239387512207,-1.23362195491791,52.8387756347656,18.4195823669434,257.677551269531
"Reynoutria_japonica",7.74459159724207,59.4962380324404,2.30952167510986,25.9733581542969,25.6538467407227,2.65799999237061,-2.74748873710632,50.356517791748,26.2868213653564,250.992462158203
"Reynoutria_japonica",7.75088527918656,47.7415837311976,9.11312580108643,32.5761337280273,25.755012512207,2.18147611618042,4.875403881073,86.3339309692383,9.89704132080078,336.513305664062
"Reynoutria_japonica",7.76061652207456,45.9485572125608,-4.90610265731812,33.3940048217773,26.6025695800781,1.58673250675201,-13.0258731842041,48.8700218200684,22.0144958496094,243.683288574219
"Reynoutria_japonica",7.76234129556781,45.4565138338071,11.9074802398682,31.5353965759277,29.3454303741455,15.7672100067139,2.70410203933716,32.6591987609863,31.7494831085205,188.926971435547
"Reynoutria_japonica",7.76525757047605,46.3173281263962,7.46097373962402,32.0073013305664,27.3365936279297,16.2385349273682,7.93586206436157,35.8871536254883,13.4829177856445,174.13166809082
"Reynoutria_japonica",7.77074993873918,46.0615987721408,2.25096201896667,32.4674797058105,27.1749286651611,9.09713172912598,-6.19507789611816,35.5128479003906,20.518871307373,160.9296875
"Reynoutria_japonica",7.77081849391887,46.6000339214888,3.8293673992157,32.7669906616211,26.5213470458984,12.2880172729492,-4.43034029006958,85.7137908935547,35.8667831420898,582.502502441406
"Reynoutria_japonica",7.77338510371452,61.5303546971733,0.301512479782104,23.7866687774658,25.629524230957,-4.08332681655884,3.99631524085999,30.1911525726318,29.974946975708,197.716033935547
"Reynoutria_japonica",7.77883748169331,61.47996856219,-0.12941762804985,23.8241176605225,25.6087532043457,-4.50321578979492,3.55594825744629,26.6221179962158,28.9461727142334,179.598022460938
"Reynoutria_japonica",7.78194861214301,46.4980238136832,-1.90276122093201,33.3691635131836,26.1151809692383,6.34958267211914,-9.92256641387939,83.0886611938477,26.5891284942627,473.397369384766
"Reynoutria_japonica",7.7914218302724,47.5167910874662,10.9075841903687,32.4181442260742,26.1174411773682,19.2887172698975,3.77845644950867,65.6186370849609,23.3267917633057,343.914916992188
"Reynoutria_japonica",7.79146652568668,58.5714052664416,6.9064884185791,24.6460342407227,23.1312484741211,3.64349484443665,9.70258331298828,72.9206619262695,28.6072692871094,293.13232421875
"Reynoutria_japonica",7.79207356209396,46.1333142506417,1.8221435546875,32.5504112243652,27.0153408050537,10.4082870483398,-6.56824445724487,40.0561866760254,19.9282836914062,187.882827758789
"Reynoutria_japonica",7.79232577111857,44.9941214257543,13.685845375061,31.4755001068115,29.5742874145508,17.5426540374756,4.46024179458618,25.4767055511475,34.7700843811035,188.143905639648
"Reynoutria_japonica",7.79302427987336,45.1138916433,13.1524200439453,31.5919857025146,29.6853446960449,17.037410736084,3.89239692687988,39.2133636474609,28.9962463378906,255.942962646484
"Reynoutria_japonica",7.7978350825643,61.355814909487,0.446805894374847,23.7037334442139,25.7560653686523,0.55741810798645,4.15794658660889,31.0318126678467,30.7152500152588,209.689880371094
"Reynoutria_japonica",7.79843284934952,45.8479564977922,1.05624938011169,32.5556259155273,27.4024753570557,7.90553092956543,-7.42711067199707,43.1656455993652,24.8197822570801,220.578735351562
"Reynoutria_japonica",7.79847288651312,47.3305909007073,10.5762166976929,32.491268157959,26.2662200927734,18.9889640808105,6.20516729354858,69.9727096557617,13.1842679977417,292.846405029297
"Reynoutria_japonica",7.7991719647286,51.2489238507744,8.80348300933838,31.7856101989746,23.2314357757568,2.68275761604309,8.29943561553955,65.2535552978516,16.2751636505127,300.102111816406
"Reynoutria_japonica",7.80094031327675,62.4934558274933,2.72398591041565,24.1299247741699,22.3362255096436,-0.872040808200836,5.59074974060059,51.8641891479492,30.197265625,226.955474853516
"Reynoutria_japonica",7.80189280487943,59.559520104845,3.58312702178955,25.6966819763184,25.853572845459,3.86668395996094,-1.49413168430328,43.1374130249023,25.0996608734131,232.410537719727
"Reynoutria_japonica",7.80436871691871,59.3992928889897,2.77816343307495,26.0473136901855,25.6748809814453,3.12839365005493,-2.29733800888062,49.9472923278809,26.1358604431152,283.331298828125
"Reynoutria_japonica",7.80704979047764,46.4314454115296,0.231260403990746,33.0081558227539,26.401554107666,8.60560035705566,-6.83643436431885,65.219482421875,16.0551414489746,323.046966552734
"Reynoutria_japonica",7.81066122281786,45.9485052334839,-5.43405485153198,33.4288749694824,26.5546913146973,2.86064624786377,-13.5293045043945,50.3334579467773,22.7528762817383,258.079437255859
"Reynoutria_japonica",7.8121705942545,48.2011339932675,11.3137807846069,32.0111999511719,25.7454681396484,19.674617767334,4.25039863586426,50.5730819702148,27.5187835693359,306.821563720703
"Reynoutria_japonica",7.82022469037016,48.3459172494697,11.7365894317627,31.8633499145508,25.6398582458496,20.1165161132812,3.48658347129822,46.7196235656738,26.8029289245605,270.484619140625
"Reynoutria_japonica",7.8365297170967,50.4174509120786,9.9259557723999,31.5746269226074,24.0896759033203,17.7995166778564,9.56429672241211,45.4902572631836,15.4054365158081,214.986068725586
"Reynoutria_japonica",7.83701954500254,58.6378411869548,5.06829023361206,25.1725063323975,23.4653854370117,1.75047850608826,3.77219939231873,83.7519073486328,28.2768459320068,398.35888671875
"Reynoutria_japonica",7.83730227931424,62.4324915439567,3.26270318031311,24.1666851043701,22.7809219360352,-0.440771758556366,6.23778676986694,40.8392486572266,29.3787479400635,185.786727905273
"Reynoutria_japonica",7.8438230875933,48.5051464962065,11.7084217071533,31.7744197845459,25.5749549865723,20.0968189239502,4.64994335174561,48.1334609985352,25.0162086486816,265.519165039062
"Reynoutria_japonica",7.84478347644897,45.8778245021892,-4.85813188552856,33.3322944641113,26.6813468933105,-1.8030070066452,-13.00084400177,40.2057418823242,30.3332328796387,225.648742675781
"Reynoutria_japonica",7.84529657609757,45.9369084649424,-7.66035890579224,33.7361030578613,26.3035945892334,-1.3144690990448,-15.6330289840698,50.0197639465332,24.0858707427979,259.140441894531
"Reynoutria_japonica",7.84539569368835,61.3453793548766,1.92123401165009,23.5615634918213,25.9367141723633,6.8100266456604,5.68599081039429,26.7701644897461,30.9974784851074,180.077270507812
"Reynoutria_japonica",7.85149826311313,58.2577976059324,7.24514865875244,22.0317897796631,21.0469741821289,4.40891313552856,9.59842967987061,81.4175033569336,30.0173263549805,339.59423828125
"Reynoutria_japonica",7.85233459137721,45.4265377023357,13.4207067489624,31.312047958374,29.5679149627686,17.3652973175049,4.11352634429932,34.2489433288574,26.9760780334473,194.887908935547
"Reynoutria_japonica",7.85295829064012,45.8520376306754,-0.432730227708817,32.7520561218262,27.2359237670898,6.33582592010498,-8.83293342590332,46.699577331543,27.4017105102539,260.286499023438
"Reynoutria_japonica",7.85515008719189,61.7520267635661,-2.3332188129425,24.1298522949219,25.2302322387695,-6.58823537826538,1.23416948318481,26.5990581512451,27.2041606903076,173.872283935547
"Reynoutria_japonica",7.85673905725358,58.7213396212954,5.50383234024048,25.4704399108887,23.9486961364746,2.06513404846191,4.25960159301758,69.242073059082,28.2421741485596,358.224639892578
"Reynoutria_japonica",7.85779523093919,46.7826038041576,5.08745145797729,32.7502517700195,26.4150505065918,13.5192518234253,-3.16491913795471,86.4905395507812,33.1889190673828,550.807434082031
"Reynoutria_japonica",7.86141583914296,61.4756358395091,-1.93996858596802,23.9149971008301,25.5325546264648,-1.77461171150208,1.70765972137451,28.9673404693604,28.7335090637207,202.76904296875
"Reynoutria_japonica",7.86263892956989,47.8318674433262,7.32546758651733,32.7746315002441,25.5433883666992,0.497559159994125,3.10278415679932,101.327339172363,10.9587640762329,395.471130371094
"Reynoutria_japonica",7.86276036655053,58.8809818937007,3.94974613189697,26.0077514648438,24.5975608825684,4.44013643264771,-1.08410358428955,65.8784027099609,28.989574432373,357.613098144531
"Reynoutria_japonica",7.86430353059387,46.0124268874136,-3.90900039672852,33.2196731567383,26.577033996582,2.62152147293091,-12.049204826355,51.2057418823242,24.1527252197266,260.683837890625
"Reynoutria_japonica",7.86875312070742,48.3506870854899,11.6115579605103,31.8403129577637,25.6794548034668,19.9909858703613,3.35727381706238,52.316234588623,25.9257125854492,297.058074951172
"Reynoutria_japonica",7.87036338355813,62.5845600744741,3.56082129478455,23.9904861450195,21.5329036712646,0.152512967586517,6.2349066734314,62.3086128234863,32.6667060852051,260.43603515625
"Reynoutria_japonica",7.87360273763736,46.1284640409748,-3.10382771492004,33.1458473205566,26.4935340881348,3.4366352558136,-11.230188369751,47.1532249450684,22.4799880981445,240.633880615234
"Reynoutria_japonica",7.87873948536467,45.6985317151771,3.86154985427856,32.2635154724121,28.029956817627,10.9139156341553,-4.84526586532593,57.812328338623,23.2916469573975,298.436889648438
"Reynoutria_japonica",7.88522119027103,46.99538067104,7.45260572433472,32.6482887268066,26.3592853546143,14.2560987472534,-0.829269111156464,108.947387695312,20.0984039306641,512.801513671875
"Reynoutria_japonica",7.88853273998648,58.2249263234849,7.61171627044678,21.4635906219482,20.7547664642334,4.83023834228516,9.90832805633545,77.0754852294922,30.468921661377,308.41064453125
"Reynoutria_japonica",7.89205017012676,48.108645086854,11.3173866271973,32.0036163330078,25.8301162719727,18.1991443634033,4.23123455047607,62.0407524108887,19.0120048522949,304.54345703125
"Reynoutria_japonica",7.89644377912625,58.5113575816315,5.72670221328735,24.352668762207,22.7264270782471,2.55527520179749,4.35346031188965,89.0902557373047,28.4122524261475,378.014495849609
"Reynoutria_japonica",7.91652384073548,47.866051924789,6.73025465011597,32.8193244934082,25.4776000976562,-0.0653724744915962,2.51092720031738,106.961975097656,11.3720321655273,426.688568115234
"Reynoutria_japonica",7.92048588078591,46.3730760250251,1.54711186885834,32.655216217041,26.6506729125977,-2.23483920097351,9.19658184051514,51.9033393859863,14.1924247741699,218.217315673828
"Reynoutria_japonica",7.9218697362072,62.4533066653416,2.08066511154175,24.2647514343262,22.954662322998,-1.64872479438782,5.08646106719971,43.2403755187988,30.2429389953613,199.658721923828
"Reynoutria_japonica",7.93007304985245,46.0111266316906,-2.47680854797363,32.9686851501465,26.7342586517334,0.663940370082855,-10.6939220428467,39.0268249511719,32.471263885498,208.26692199707
"Reynoutria_japonica",7.9350051869588,46.190364406308,0.118169061839581,32.6768379211426,26.7665691375732,6.82137393951416,-8.1621789932251,57.2480926513672,21.8862800598145,271.004516601562
"Reynoutria_japonica",7.93644046780872,59.3046657973032,3.47379326820374,26.069896697998,25.6760559082031,3.82433271408081,-1.61529719829559,49.4597663879395,26.601432800293,267.581634521484
"Reynoutria_japonica",7.94051432064277,58.9127199080246,3.63949131965637,25.9750213623047,24.5374603271484,4.13790130615234,-1.39155769348145,66.8762359619141,28.0109481811523,346.121520996094
"Reynoutria_japonica",7.94435734124448,47.6436880192213,8.87759780883789,32.5847549438477,25.8806304931641,17.1682643890381,4.60035610198975,103.248565673828,11.7995481491089,444.073913574219
"Reynoutria_japonica",7.94449032568991,62.2464533589033,0.308034151792526,24.3625888824463,24.0803375244141,-6.62305879592896,3.58516073226929,28.4120464324951,27.7235774993896,146.740707397461
"Reynoutria_japonica",7.95332403148844,46.0751218283157,-1.14400434494019,32.8007659912109,26.8144950866699,2.05258989334106,-9.41519260406494,41.4354820251465,28.3425350189209,218.4287109375
"Reynoutria_japonica",7.96138800381083,46.4308863294339,-3.01108360290527,33.2939033508301,26.0639343261719,3.44254565238953,-11.003885269165,67.9747772216797,15.4486751556396,331.707092285156
"Reynoutria_japonica",7.96380102695993,46.316780671382,7.64598083496094,31.8267135620117,27.3462295532227,11.1986150741577,15.5241661071777,39.1700706481934,13.6801996231079,173.144653320312
"Reynoutria_japonica",7.96757945028944,47.0526269818947,8.7132568359375,32.558406829834,26.3864097595215,17.1592350006104,0.382868975400925,79.9563293457031,30.4336566925049,481.035095214844
"Reynoutria_japonica",7.96827259164369,46.8123318618594,5.14025640487671,32.7177925109863,26.3433685302734,13.5584878921509,-1.98789811134338,100.797454833984,26.632381439209,539.849426269531
"Reynoutria_japonica",7.97475378277534,46.3491238608797,4.69816541671753,32.247371673584,26.9680671691895,0.778851807117462,12.4560804367065,47.649787902832,16.9505729675293,183.716796875
"Reynoutria_japonica",7.97632156261324,46.1886711973292,-2.63446283340454,33.0404739379883,26.4546737670898,3.91807222366333,-10.7661304473877,62.7372245788574,23.3243885040283,308.799896240234
"Reynoutria_japonica",7.97654087569807,47.1216633707574,9.62348461151123,32.4731712341309,26.4430027008057,18.0874576568604,1.26365494728088,73.8937454223633,25.7491970062256,393.288208007812
"Reynoutria_japonica",7.98066907646068,45.7208904291242,3.85223984718323,32.2006568908691,27.9602432250977,7.33513212203979,-4.84043121337891,49.1833419799805,27.3481712341309,263.395477294922
"Reynoutria_japonica",7.98111717738287,47.6441009695821,8.03433799743652,32.7004280090332,25.8035583496094,16.2908821105957,3.75491285324097,102.338447570801,11.4961156845093,434.258239746094
"Reynoutria_japonica",7.9842418342511,53.1304840864755,10.2225999832153,28.9814186096191,21.2710018157959,17.3702259063721,5.92850494384766,42.0906372070312,21.4278812408447,238.957183837891
"Reynoutria_japonica",7.98440042396797,61.7238719230284,-2.34437108039856,24.0573806762695,25.4398498535156,2.50906825065613,-3.00143694877625,24.7670593261719,28.0162830352783,175.884338378906
"Reynoutria_japonica",7.98616178073676,46.0093088929007,-1.13589489459991,32.7808227539062,26.8725166320801,2.0638964176178,-9.42212581634521,49.2874336242676,29.3681449890137,270.704284667969
"Reynoutria_japonica",7.99299923706143,62.3360938737984,1.35062205791473,24.3317413330078,23.5502586364746,-2.51256942749023,4.4917631149292,31.3184947967529,28.6364994049072,157.136749267578
"Reynoutria_japonica",7.99914327170487,62.5228147323412,0.594691038131714,24.293327331543,22.4106731414795,-2.98508071899414,3.45762991905212,53.023624420166,27.3603172302246,245.175720214844
"Reynoutria_japonica",8.0019380998772,45.671695991879,5.23648309707642,32.0369491577148,28.2197933197021,8.792067527771,-3.55578517913818,45.7191543579102,30.3411197662354,259.960845947266
"Reynoutria_japonica",8.01036776526588,47.4642291699594,10.3875675201416,32.4433326721191,26.2020435333252,18.7780055999756,10.6195259094238,68.7908706665039,21.434476852417,349.801788330078
"Reynoutria_japonica",8.01210311530903,46.8668000942672,6.41267681121826,32.5719108581543,26.4312858581543,14.8640565872192,2.57780718803406,88.5171737670898,28.0100498199463,509.406494140625
"Reynoutria_japonica",8.01294532474837,62.3657400374982,3.2448513507843,24.2256164550781,23.7621459960938,-0.679140448570251,6.43765020370483,26.49684715271,28.5183296203613,134.762359619141
"Reynoutria_japonica",8.01358517309219,58.2273836612206,8.14876079559326,21.1615562438965,20.7756061553955,5.35723161697388,10.4682846069336,70.5974578857422,30.7149639129639,282.685638427734
"Reynoutria_japonica",8.01421038441339,46.3217199977429,7.2630090713501,31.8334674835205,27.3111724853516,14.3000364303589,-1.34139919281006,46.3501167297363,14.2467565536499,217.190124511719
"Reynoutria_japonica",8.01875077484854,59.4966758404584,3.55958914756775,25.846809387207,25.8371486663818,8.33594799041748,-1.52711057662964,52.7201881408691,26.6224498748779,318.806884765625
"Reynoutria_japonica",8.02201862838188,58.5764013288321,5.77717161178589,24.3674354553223,22.9286499023438,6.42498683929443,0.78181654214859,80.2297439575195,28.4073715209961,348.454864501953
"Reynoutria_japonica",8.03022189514786,53.4123597766604,10.1891279220581,26.8917217254639,20.4209041595459,17.2323970794678,5.77799224853516,42.0804710388184,22.5751152038574,245.191711425781
"Reynoutria_japonica",8.03079132167876,46.9644358268266,8.57274532318115,32.4514846801758,26.4996891021729,17.0585155487061,1.36114192008972,89.9123764038086,21.8915042877197,431.340026855469
"Reynoutria_japonica",8.03525698662526,59.8132246727542,1.45774185657501,25.5165309906006,25.6094493865967,6.22561120986938,-3.5321319103241,42.5409889221191,24.7702102661133,237.887344360352
"Reynoutria_japonica",8.04424307470772,58.626386587109,5.68761587142944,24.7415504455566,23.4058818817139,6.28973197937012,0.668530225753784,67.690071105957,27.7399921417236,302.543243408203
"Reynoutria_japonica",8.04462620522077,61.6573669325509,-0.183389753103256,23.7440242767334,25.8081703186035,4.70905733108521,-0.830544352531433,18.9283771514893,28.3917369842529,144.770919799805
"Reynoutria_japonica",8.04760239083329,47.115664251499,10.0486812591553,32.4099388122559,26.483642578125,18.5377006530762,1.65001571178436,74.1231079101562,27.0343265533447,404.541931152344
"Reynoutria_japonica",8.05666326984565,52.4557094152916,10.2344417572021,31.0338306427002,22.4262027740479,17.5985984802246,6.06772565841675,43.448657989502,19.5035820007324,230.268981933594
"Reynoutria_japonica",8.06009251352,50.1121998479274,8.92111206054688,31.6653385162354,24.2915191650391,16.9221267700195,4.74434185028076,42.8015060424805,20.1955718994141,219.979293823242
"Reynoutria_japonica",8.06185490664492,63.0119504494739,6.91756057739258,22.9189453125,18.7773551940918,4.16423082351685,8.8979606628418,69.2121429443359,28.0872211456299,297.372894287109
"Reynoutria_japonica",8.06245290687787,58.4455614994524,6.97424411773682,23.2381591796875,22.1946811676025,7.69409227371216,9.58607578277588,74.325080871582,29.4241333007812,307.273803710938
"Reynoutria_japonica",8.06264804274631,51.0336976610177,8.20597171783447,31.6551322937012,23.5010356903076,1.99220550060272,7.72443294525146,67.8074340820312,18.180305480957,311.65673828125
"Reynoutria_japonica",8.06300543710541,48.4752873345297,10.1264181137085,31.9036636352539,25.5068702697754,18.4665699005127,5.97003602981567,83.3205642700195,16.8984565734863,371.206970214844
"Reynoutria_japonica",8.06447677864946,50.5080042280737,9.73459911346436,31.4728717803955,24.0812797546387,3.2464063167572,9.3715124130249,47.5710105895996,16.3952484130859,232.95133972168
"Reynoutria_japonica",8.06737937769469,48.4391423092303,9.82756805419922,31.9620933532715,25.5043678283691,18.1559906005859,5.67072296142578,92.5638580322266,14.5285501480103,398.177673339844
"Reynoutria_japonica",8.07173787835295,46.842109650969,4.90551710128784,32.7354850769043,26.2896842956543,13.2971296310425,5.38455200195312,107.011672973633,27.5211277008057,615.974792480469
"Reynoutria_japonica",8.07690714888309,51.1323709025088,8.86813163757324,31.5962543487549,23.4422855377197,2.66466665267944,8.39859294891357,63.2864952087402,17.9380016326904,310.270202636719
"Reynoutria_japonica",8.07708817031034,46.5071962070982,-4.77717065811157,33.544075012207,25.7572422027588,1.55860698223114,-12.6386461257935,83.2077178955078,16.5986976623535,394.549072265625
"Reynoutria_japonica",8.07749634638942,46.0380302919734,2.09234619140625,32.3232192993164,27.2256736755371,5.44480800628662,-6.37573623657227,50.1776008605957,32.5842361450195,265.747955322266
"Reynoutria_japonica",8.07870991518458,58.8812323104693,4.19408512115479,25.7643756866455,24.5156898498535,4.68698358535767,-0.859196960926056,57.3191528320312,28.7774295806885,315.476684570312
"Reynoutria_japonica",8.08483485087848,61.6582981790544,-0.559954047203064,23.7686004638672,25.8139381408691,7.87155151367188,-1.208948969841,18.7747764587402,28.479190826416,149.401123046875
"Reynoutria_japonica",8.08810760491692,46.315642233695,0.0726764425635338,32.6751861572266,26.5452423095703,6.72628545761108,-8.14792156219482,77.4492263793945,20.880407333374,363.51171875
"Reynoutria_japonica",8.08900767185883,46.0690508725834,5.25179719924927,31.9143810272217,27.5065879821777,8.74284267425537,-3.37332558631897,47.854305267334,33.0261917114258,245.894683837891
"Reynoutria_japonica",8.09205582941513,45.6419557908783,9.41191101074219,31.526439666748,28.809871673584,13.1767950057983,0.363007038831711,41.1577415466309,32.0261993408203,229.824371337891
"Reynoutria_japonica",8.09214115001567,46.5628201526291,-3.9399836063385,33.4622421264648,25.7780151367188,4.19271850585938,-11.8277349472046,83.0014114379883,24.5051021575928,457.679321289062
"Reynoutria_japonica",8.10152894497929,61.2874682944965,-0.468835711479187,23.7273864746094,25.8669738769531,7.97663354873657,-1.18211770057678,26.7606582641602,29.1945323944092,202.071990966797
"Reynoutria_japonica",8.10711106840118,46.7779917783008,6.03846836090088,32.4428634643555,26.5207252502441,14.5259132385254,6.50656461715698,92.6063079833984,19.7050666809082,461.622100830078
"Reynoutria_japonica",8.10779038444793,61.5016967083938,-2.31306433677673,23.8659400939941,25.6841125488281,2.57000160217285,-2.98235297203064,28.2522354125977,29.7962436676025,213.030685424805
"Reynoutria_japonica",8.10920690236127,47.511655871422,10.2445917129517,32.4415969848633,26.165599822998,18.629186630249,10.4767751693726,80.7195281982422,19.473949432373,400.67041015625
"Reynoutria_japonica",8.10923287196293,46.1677988049807,3.90212154388428,32.1098480224609,27.1672191619873,7.3092737197876,-4.58792161941528,55.7889862060547,29.3305263519287,270.103637695312
"Reynoutria_japonica",8.11156510187966,47.5515659074197,10.8476114273071,32.3756256103516,26.2049217224121,19.2539978027344,11.0566606521606,73.0110092163086,17.5521469116211,351.061553955078
"Reynoutria_japonica",8.11255367273846,46.661990015221,0.740053415298462,32.9496765136719,26.1452140808105,9.04777526855469,1.32094597816467,94.5725173950195,23.3164215087891,495.8359375
"Reynoutria_japonica",8.1153198520122,46.3697103184399,3.2461314201355,32.323600769043,26.8104858398438,10.0551652908325,-5.12216806411743,69.5401382446289,16.9896354675293,310.802429199219
"Reynoutria_japonica",8.11690362267982,62.3992067792543,-0.234823912382126,24.4428310394287,23.4832763671875,-4.05548715591431,2.87818837165833,37.5818367004395,30.429370880127,187.725463867188
"Reynoutria_japonica",8.1260566460656,48.1057108130497,6.83319807052612,32.5564804077148,25.4372234344482,13.5023937225342,2.63478899002075,102.19416809082,12.1763887405396,433.673217773438
"Reynoutria_japonica",8.12653790469255,58.5123095042493,6.83380508422852,23.6448879241943,22.650089263916,7.50644874572754,1.81531929969788,69.3817443847656,28.6999626159668,293.822967529297
"Reynoutria_japonica",8.12908140099664,62.5789466435624,5.09746170043945,24.1783618927002,22.699878692627,1.42449879646301,8.02963161468506,36.9497413635254,26.7375526428223,172.205932617188
"Reynoutria_japonica",8.13185713021943,59.771575471382,1.90532314777374,25.5903835296631,25.6807441711426,10.1440019607544,-3.10377407073975,40.3863525390625,26.2393589019775,267.737243652344
"Reynoutria_japonica",8.13279750489665,62.1891327379972,-0.486590147018433,24.3730411529541,24.6123847961426,-7.58108377456665,2.90429949760437,21.6471519470215,26.3385028839111,129.466735839844
"Reynoutria_japonica",8.13622180118664,48.0370215002597,7.5414252281189,32.4989585876465,25.5777034759521,15.7750196456909,7.7141284942627,92.6673889160156,12.6292753219604,405.093627929688
"Reynoutria_japonica",8.13645975608083,46.4101705972939,5.77064228057861,32.0008506774902,27.0251197814941,12.7031593322754,-2.71370363235474,62.6554336547852,15.752721786499,257.261840820312
"Reynoutria_japonica",8.1386196647317,61.4457758412631,-2.45250940322876,23.8383693695068,25.7204608917236,5.9389066696167,-3.13852381706238,28.4511070251465,29.7211303710938,221.577209472656
"Reynoutria_japonica",8.14309299348346,46.8963731344246,5.52252864837646,32.6685256958008,26.3060417175293,13.9225959777832,-1.6112642288208,104.261177062988,21.9713478088379,521.26025390625
"Reynoutria_japonica",8.15610706294038,58.2675360460227,7.89616584777832,21.313907623291,20.9773559570312,8.75871467590332,10.266077041626,73.6287994384766,30.5730037689209,296.788146972656
"Reynoutria_japonica",8.15713168473803,47.2125606533279,9.28533744812012,32.5225639343262,26.3356704711914,17.6987609863281,5.40168476104736,90.9303512573242,22.072135925293,444.038696289062
"Reynoutria_japonica",8.16212140877525,46.3173734207649,0.13981419801712,32.6655044555664,26.5495624542236,3.34832954406738,-8.08719539642334,70.1152954101562,24.0645503997803,358.488372802734
"Reynoutria_japonica",8.16372775084244,46.5370306190701,-3.79417252540588,33.3695030212402,25.8472099304199,2.5927529335022,-11.7099781036377,81.1589660644531,14.8624725341797,343.583984375
"Reynoutria_japonica",8.16599140701749,62.61207929477,5.39719295501709,24.1166019439697,22.3913326263428,1.78913104534149,8.26010227203369,41.3846588134766,26.681957244873,189.227111816406
"Reynoutria_japonica",8.17039156921815,61.0652025607569,-2.24826335906982,24.077844619751,25.5735340118408,6.09735679626465,-7.05377244949341,33.5555763244629,28.5738544464111,254.209777832031
"Reynoutria_japonica",8.17040826919775,46.4947871505542,-0.439782291650772,32.8683624267578,26.2333641052246,2.7286856174469,-8.55527210235596,83.7261199951172,16.8225383758545,294.938171386719
"Reynoutria_japonica",8.17042575352376,46.5663191203221,-1.74391734600067,33.1297569274902,25.9913520812988,6.49982404708862,-9.74722099304199,79.0848922729492,16.9963226318359,371.260711669922
"Reynoutria_japonica",8.17111965090716,62.5269924831831,3.39383339881897,24.2815437316895,23.0141086578369,-0.344133317470551,6.39330053329468,43.9570846557617,28.1171245574951,210.456481933594
"Reynoutria_japonica",8.17555302649855,48.9965367242246,11.5959930419922,31.3413600921631,25.4363574981689,20.0138072967529,7.4373197555542,55.0294570922852,14.3915710449219,237.312652587891
"Reynoutria_japonica",8.17637411115535,59.7204677024253,1.36119377613068,25.7579574584961,25.6135330200195,9.56522846221924,-3.64466023445129,46.8661651611328,26.2148876190186,298.429748535156
"Reynoutria_japonica",8.17693363316224,62.4002532728038,-1.71242594718933,24.5747566223145,23.5544090270996,-5.5319561958313,1.40593874454498,37.9136009216309,27.3971614837646,199.418823242188
"Reynoutria_japonica",8.18286532793821,46.8073186837704,7.49691104888916,32.2978248596191,26.6183242797852,16.0297794342041,7.93706512451172,85.2956237792969,27.3358592987061,495.618835449219
"Reynoutria_japonica",8.18440556067491,58.5358242420962,6.97558355331421,23.4684143066406,22.6255531311035,7.6512393951416,1.94796860218048,67.6597671508789,28.6306533813477,298.309265136719
"Reynoutria_japonica",8.18488698730834,46.3771530621202,2.85612940788269,32.3415336608887,26.7222213745117,9.63420391082764,-5.47324991226196,82.3336486816406,16.4490985870361,351.690063476562
"Reynoutria_japonica",8.18942638826662,62.4941474912564,3.74211406707764,24.2830410003662,23.313232421875,-0.0746603831648827,6.8191876411438,36.3948249816895,26.9328746795654,179.087158203125
"Reynoutria_japonica",8.19033778778757,51.0988592459211,7.91850757598877,31.6168823242188,23.4711246490479,1.72502744197845,7.41909790039062,68.6394348144531,18.2787647247314,332.125549316406
"Reynoutria_japonica",8.19442134882189,46.9334981652629,5.31436586380005,32.7103424072266,26.2267761230469,13.6866731643677,-2.90323448181152,116.679809570312,22.3436431884766,573.767639160156
"Reynoutria_japonica",8.1955783670423,48.2980201934881,9.89837741851807,31.9258823394775,25.6772041320801,2.87640786170959,5.71746826171875,79.9756240844727,11.9975738525391,331.918792724609
"Reynoutria_japonica",8.21677485880965,62.3750155242131,-1.3785799741745,24.544979095459,23.6491279602051,-5.22451305389404,1.76160943508148,34.3444709777832,25.9561214447021,183.426071166992
"Reynoutria_japonica",8.21875270967714,45.9196575148016,4.10763740539551,32.0525550842285,27.6046676635742,7.57652568817139,-4.51612854003906,67.8737869262695,29.4151096343994,392.481597900391
"Reynoutria_japonica",8.22215581574335,62.5766737886762,0.228593692183495,24.4086952209473,22.6811103820801,-3.39135384559631,3.13284873962402,57.1042823791504,26.860725402832,269.953033447266
"Reynoutria_japonica",8.22921810199789,46.1878100044817,4.98942756652832,31.9380035400391,27.2555103302002,8.44707584381104,-3.55822587013245,65.9608459472656,28.787109375,353.803955078125
"Reynoutria_japonica",8.23261809018899,46.1590010569509,5.77024364471436,31.8438701629639,27.419548034668,9.26853942871094,-2.84203910827637,56.634822845459,34.7424583435059,315.539764404297
"Reynoutria_japonica",8.237570362601,48.4520719239524,8.75324821472168,32.0089836120605,25.4444694519043,1.80386507511139,13.088171005249,95.2161865234375,13.1054258346558,402.701538085938
"Reynoutria_japonica",8.24519846229861,46.104091726839,7.83975315093994,31.5607089996338,27.7286491394043,11.4445352554321,-0.910484671592712,54.1417427062988,31.9572772979736,298.614410400391
"Reynoutria_japonica",8.24941435431443,46.4132604814587,0.637337207794189,32.6114730834961,26.4768753051758,7.29685640335083,-7.57663059234619,89.8850860595703,18.3585319519043,399.416107177734
"Reynoutria_japonica",8.25241927282877,48.5933900011928,7.64080286026001,32.0165405273438,25.2324886322021,0.76576155424118,11.9563674926758,89.3858795166016,11.679292678833,360.863067626953
"Reynoutria_japonica",8.2633434920661,47.1719056068917,10.4024238586426,32.3541412353516,26.4999713897705,18.8816795349121,3.16014122962952,70.6092224121094,27.3962707519531,385.019470214844
"Reynoutria_japonica",8.263978878483,61.232614600084,0.160781532526016,23.6966171264648,25.9877815246582,8.65629768371582,-4.69517183303833,29.7770347595215,30.6095066070557,225.738739013672
"Reynoutria_japonica",8.26750710886563,46.4139833554849,-0.635926306247711,32.7626304626465,26.3408660888672,2.52728152275085,-8.7850399017334,90.1318588256836,19.7498760223389,405.946258544922
"Reynoutria_japonica",8.27342716336686,51.4125944029762,8.1448974609375,31.5988960266113,23.2559337615967,15.6992883682251,3.99066185951233,68.5459747314453,16.3618144989014,328.107971191406
"Reynoutria_japonica",8.27398371694314,45.9081862728235,6.10723161697388,31.7942237854004,27.9313411712646,9.67509841918945,-2.64376783370972,57.1422119140625,32.2375831604004,338.604614257812
"Reynoutria_japonica",8.27543504430874,46.5027243751633,0.974203824996948,32.6562881469727,26.3463134765625,0.177060380578041,-7.20287227630615,85.8386840820312,14.1193265914917,311.615234375
"Reynoutria_japonica",8.27604724298612,45.8497795140977,9.02066516876221,31.4430484771729,28.3543434143066,12.7333679199219,0.0867105349898338,44.3623504638672,32.2803764343262,286.218811035156
"Reynoutria_japonica",8.27958906522853,62.5161783688935,-0.896894931793213,24.5214958190918,22.995397567749,-4.58056020736694,2.07586979866028,52.3945426940918,26.6773719787598,253.300506591797
"Reynoutria_japonica",8.28538725297765,62.331902391402,-0.791760802268982,24.4756374359131,24.2281036376953,-7.7370810508728,2.48987770080566,32.6277656555176,29.7152709960938,178.410919189453
"Reynoutria_japonica",8.29351076286738,58.2606445232272,8.17201328277588,20.636137008667,20.8319053649902,9.05707931518555,10.5319881439209,70.7603759765625,30.6655559539795,281.717742919922
"Reynoutria_japonica",8.30418733757225,58.8181366665168,5.28447151184082,24.842845916748,23.9535636901855,5.82524061203003,0.215076074004173,57.2802810668945,27.6877021789551,302.587005615234
"Reynoutria_japonica",8.3046459310411,58.2269952742673,8.46051597595215,20.1924953460693,20.5650730133057,9.37652397155762,10.7681741714478,69.8255996704102,31.1987609863281,280.262878417969
"Reynoutria_japonica",8.3061978323698,52.2350237618858,9.94864368438721,31.064172744751,22.6884059906006,17.4062519073486,5.76872491836548,45.8530807495117,17.9405136108398,238.196136474609
"Reynoutria_japonica",8.31098196511589,51.2899951285567,7.98249673843384,31.5977306365967,23.3611297607422,1.82000625133514,7.47373628616333,70.2345428466797,17.2402687072754,339.887329101562
"Reynoutria_japonica",8.31243856707209,48.5126454714424,8.10290718078613,31.9755954742432,25.3663997650146,1.18213963508606,12.4287452697754,90.2695541381836,14.2171354293823,366.355102539062
"Reynoutria_japonica",8.31629736361778,46.4645770381338,1.6612321138382,32.5207672119141,26.4622688293457,10.1078338623047,2.22700548171997,91.6275787353516,12.1304082870483,392.213287353516
"Reynoutria_japonica",8.32127088193954,60.0276275654949,1.00401842594147,25.292781829834,25.580150604248,9.25448036193848,-3.96499586105347,29.5439052581787,31.9767284393311,214.154159545898
"Reynoutria_japonica",8.32270477185839,47.5745514411011,10.6028470993042,32.3455390930176,26.2705135345459,19.0145511627197,10.8345317840576,71.926025390625,18.17698097229,340.377593994141
"Reynoutria_japonica",8.32455032006165,58.5968782804218,6.90475416183472,23.5720672607422,22.951322555542,7.55081415176392,1.84288322925568,65.8283309936523,29.0770969390869,305.370635986328
"Reynoutria_japonica",8.32502757390186,46.7455426985194,4.70156145095825,32.4489669799805,26.4464931488037,13.1586513519287,-3.58440017700195,99.7186813354492,17.9905586242676,463.624572753906
"Reynoutria_japonica",8.32956048710021,46.560019819373,1.04223489761353,32.6657295227051,26.3003673553467,4.27007865905762,-7.12395906448364,95.4418792724609,11.4289979934692,362.179473876953
"Reynoutria_japonica",8.3338840659857,46.724002778824,3.14613175392151,32.6166000366211,26.296630859375,11.5349359512329,-5.06011152267456,106.220985412598,20.1127548217773,514.66259765625
"Reynoutria_japonica",8.33683218191559,61.3172322497625,-1.05916857719421,23.7652187347412,25.9306545257568,7.40909957885742,-5.89359045028687,31.3833408355713,31.6249523162842,239.862884521484
"Reynoutria_japonica",8.34046026735615,46.3510220773423,0.489676088094711,32.5597038269043,26.5292224884033,3.70938205718994,-7.74048614501953,81.3590545654297,27.2862815856934,397.9765625
"Reynoutria_japonica",8.34336874757664,62.3629539424413,-1.10129261016846,24.5473861694336,24.1067848205566,-7.99228858947754,2.14672470092773,28.5876712799072,24.4186115264893,164.657501220703
"Reynoutria_japonica",8.35648964530885,47.0240626012495,10.8941717147827,32.0998306274414,26.7222099304199,19.4831199645996,2.38676071166992,82.5252685546875,29.9273128509521,485.586547851562
"Reynoutria_japonica",8.3570740634373,45.9448156275064,6.62770748138428,31.717414855957,27.9353141784668,10.214298248291,-2.14068555831909,68.3546371459961,30.6882877349854,419.920837402344
"Reynoutria_japonica",8.36489401312177,47.204555125672,10.2219219207764,32.3309326171875,26.5239429473877,18.7050361633301,1.80956399440765,78.4662551879883,26.1912975311279,418.478790283203
"Reynoutria_japonica",8.37293235185545,58.3239397012754,8.08654308319092,20.8656311035156,21.0605564117432,8.95097541809082,3.0570650100708,70.2738800048828,30.5910530090332,301.168090820312
"Reynoutria_japonica",8.39091244383535,46.5686315850924,0.165299609303474,32.755672454834,26.2082252502441,6.7453236579895,-7.95914173126221,123.910591125488,10.5451202392578,457.180969238281
"Reynoutria_japonica",8.3914607641457,46.2488802374874,3.67872977256775,32.0488243103027,27.0858726501465,10.5599451065063,-4.78647708892822,78.2802810668945,29.7542171478271,522.257995605469
"Reynoutria_japonica",8.39605555819537,45.233764234232,14.3782768249512,31.1993141174316,29.957836151123,14.6128005981445,4.92746496200562,38.2630577087402,27.944953918457,180.113891601562
"Reynoutria_japonica",8.3985303127513,56.2255026469431,9.08012390136719,22.6465969085693,18.9947395324707,10.3549222946167,4.30009269714355,42.8856468200684,29.4750289916992,247.759338378906
"Reynoutria_japonica",8.40041892223475,46.3526428761672,2.52404475212097,32.2770347595215,26.7455615997314,5.83632612228394,-5.81772041320801,74.8586349487305,27.4950695037842,372.476715087891
"Reynoutria_japonica",8.40121420529635,45.1475442572488,14.2519693374634,31.1592102050781,29.8727245330811,14.504768371582,4.83177757263184,41.4934577941895,28.9388446807861,176.202545166016
"Reynoutria_japonica",8.4019575774719,46.6301597712203,-3.68035221099854,33.3579406738281,25.7024841308594,4.4365930557251,-11.558892250061,123.091384887695,13.9228267669678,529.170532226562
"Reynoutria_japonica",8.40256604193424,46.989499795584,10.1440343856812,32.0863189697266,26.7371845245361,18.723840713501,1.65871524810791,84.6144027709961,35.2169303894043,571.60595703125
"Reynoutria_japonica",8.4041397215094,47.0251575626392,10.7395009994507,32.0948295593262,26.7380619049072,19.3253116607666,2.23447847366333,77.4219284057617,35.584415435791,531.4697265625
"Reynoutria_japonica",8.40425389613899,56.8692254014713,9.20455169677734,17.5036811828613,17.5774879455566,10.5975322723389,4.3735466003418,39.9392013549805,29.0167045593262,212.015625
"Reynoutria_japonica",8.40534036166397,59.9619302679871,0.846747398376465,25.4421634674072,25.573902130127,9.08476161956787,-4.12533330917358,30.9251766204834,32.1867828369141,235.384094238281
"Reynoutria_japonica",8.40617667136606,46.1064343999049,5.71474885940552,31.7986087799072,27.5177211761475,12.7511434555054,-2.92408299446106,81.5795745849609,28.7434310913086,563.660888671875
"Reynoutria_japonica",8.40742707544647,59.7061438442967,1.52854704856873,25.8854961395264,25.6829929351807,6.27064800262451,-3.4927122592926,47.9065399169922,29.4243812561035,308.837646484375
"Reynoutria_japonica",8.4076561621728,48.7265301024338,8.66142177581787,31.7573547363281,25.3272285461426,1.69818043708801,12.9832553863525,90.1103057861328,13.2504262924194,386.185241699219
"Reynoutria_japonica",8.40957350455808,61.1015377290034,-0.417539983987808,23.9016075134277,25.878475189209,8.03861618041992,-5.28663682937622,27.7977409362793,31.6038150787354,212.062103271484
"Reynoutria_japonica",8.41258303444383,46.8696375607755,5.937096118927,32.4063758850098,26.4537620544434,14.3906936645508,-2.36678600311279,95.2350082397461,31.244909286499,587.846801757812
"Reynoutria_japonica",8.41477962893548,56.7842136355143,9.02539730072021,18.4507465362549,17.7746353149414,10.3966875076294,4.21145439147949,42.2566604614258,28.5457096099854,227.736373901367
"Reynoutria_japonica",8.42812837190743,46.3092000972395,1.92371654510498,32.3439140319824,26.7407627105713,5.21454572677612,-6.40654277801514,88.3260269165039,26.9791622161865,531.764526367188
"Reynoutria_japonica",8.43380983661254,46.9023971561592,4.72386598587036,32.6200675964355,26.2892894744873,13.1024856567383,-3.50518274307251,112.663909912109,35.4156646728516,767.263488769531
"Reynoutria_japonica",8.43429220584358,50.9829823534722,8.02451992034912,31.4771270751953,23.7194271087646,1.72646117210388,7.56179761886597,56.9242362976074,17.3721179962158,255.548324584961
"Reynoutria_japonica",8.43978057907524,58.5328897053957,6.83520841598511,22.3890399932861,22.154541015625,7.577392578125,1.77787613868713,74.3593444824219,29.0429248809814,318.361968994141
"Reynoutria_japonica",8.43980498973935,51.3775998389626,8.25944519042969,31.4400234222412,23.347728729248,2.09427452087402,4.08872318267822,64.4942092895508,15.5927762985229,294.759246826172
"Reynoutria_japonica",8.44305237195408,58.295724119897,8.31107139587402,20.4414234161377,20.9184284210205,9.19301223754883,3.26338052749634,69.2407531738281,30.5121231079102,278.230224609375
"Reynoutria_japonica",8.44395212144502,58.3902982327142,7.45696544647217,21.2797508239746,21.3978538513184,8.28727722167969,2.41191220283508,74.3753433227539,30.0048389434814,302.14794921875
"Reynoutria_japonica",8.45369212993567,46.8340062082869,2.78609585762024,32.7932281494141,26.1345977783203,11.1044960021973,-5.35623216629028,118.755950927734,30.5504283905029,723.14013671875
"Reynoutria_japonica",8.45499975661673,47.3926119742788,10.6825838088989,32.3213005065918,26.4405364990234,19.1443786621094,2.26147150993347,64.8712463378906,27.4814891815186,365.349853515625
"Reynoutria_japonica",8.46380172395884,46.4684033603058,1.51381492614746,32.4577751159668,26.475471496582,4.7667293548584,-6.72599697113037,95.8302154541016,19.6345615386963,452.068420410156
"Reynoutria_japonica",8.46676146160148,46.2221904796538,2.84613537788391,32.1713447570801,26.9943428039551,7.72524404525757,-5.57981204986572,81.8247528076172,33.244327545166,545.666137695312
"Reynoutria_japonica",8.48478763992672,45.5425381631112,13.5042972564697,31.1657218933105,29.6102676391602,17.5128154754639,4.14007711410522,43.6384010314941,28.1758575439453,239.486389160156
"Reynoutria_japonica",8.5060867031729,47.7409788006442,9.45207023620605,32.3587608337402,26.1605186462402,17.8295402526855,5.13042020797729,70.4857406616211,18.7219772338867,343.0048828125
"Reynoutria_japonica",8.51165907151528,45.828755409122,11.5581398010254,31.1675834655762,28.8585796356201,15.4274635314941,2.42258667945862,54.4027290344238,34.1330375671387,332.345794677734
"Reynoutria_japonica",8.51704445325192,46.6521489610411,1.73017764091492,32.5842399597168,26.283519744873,8.36741638183594,-6.4519248008728,91.471809387207,15.1896295547485,398.264282226562
"Reynoutria_japonica",8.52585874264995,47.1502366433017,9.6881275177002,32.3048057556152,26.5684814453125,18.1822662353516,1.26279056072235,81.9166107177734,38.9482154846191,614.550659179688
"Reynoutria_japonica",8.53935145687814,47.5555133339207,10.735785484314,32.299934387207,26.3961982727051,19.1773223876953,6.36811923980713,60.1757164001465,21.6942348480225,316.715942382812
"Reynoutria_japonica",8.55361170193629,45.6347759302262,13.1037158966064,31.1514530181885,29.4459190368652,17.0878734588623,3.78974270820618,50.2242813110352,27.7117786407471,281.126037597656
"Reynoutria_japonica",8.55430776484189,45.8244068543303,13.1972751617432,30.9890594482422,29.0553150177002,13.4507532119751,3.97238731384277,53.2001876831055,30.2157325744629,314.80810546875
"Reynoutria_japonica",8.55439786482032,45.7864763751513,13.4037275314331,30.9804992675781,29.2000007629395,13.6515626907349,4.13832950592041,52.2365188598633,28.4854583740234,297.834167480469
"Reynoutria_japonica",8.56112897832714,63.0766834029329,4.26440572738647,23.5582218170166,19.5948143005371,1.35802030563354,6.42156076431274,88.5112457275391,24.5920295715332,368.837951660156
"Reynoutria_japonica",8.56671518078373,47.5234468225486,10.4539623260498,32.3248863220215,26.4091491699219,18.8918113708496,6.06757211685181,67.7114334106445,24.2778301239014,370.399047851562
"Reynoutria_japonica",8.57532850001732,48.5645031766622,8.90356540679932,31.7439632415771,25.5617980957031,1.89126443862915,13.2561006546021,65.5863494873047,14.0283689498901,286.401885986328
"Reynoutria_japonica",8.58035556335923,46.7182832125842,2.98523998260498,32.5461006164551,26.3292045593262,9.65688323974609,-5.23498630523682,96.0517654418945,14.0620670318604,398.198394775391
"Reynoutria_japonica",8.58209410552544,58.8461082089796,6.69143581390381,24.0177364349365,23.9048290252686,7.22306346893311,1.55314040184021,52.9901161193848,28.7680931091309,269.655639648438
"Reynoutria_japonica",8.5864315468424,45.9402045222225,12.9979028701782,30.9593448638916,28.7846965789795,16.9059371948242,3.84536933898926,52.4182586669922,33.0214309692383,401.989166259766
"Reynoutria_japonica",8.59311137460981,61.1970710781001,-1.27150619029999,24.0171604156494,25.8930625915527,7.17439365386963,-6.13634347915649,37.6794357299805,33.6279411315918,290.771850585938
"Reynoutria_japonica",8.60408245478361,56.942332429549,9.08995342254639,17.6837463378906,17.7352180480957,10.4462833404541,4.24477338790894,42.6163749694824,27.4754600524902,220.102401733398
"Reynoutria_japonica",8.61003478888467,48.4702866148621,8.84405422210693,31.7591857910156,25.6502208709717,1.82671070098877,8.91244888305664,70.0209884643555,14.0006046295166,311.722717285156
"Reynoutria_japonica",8.61072386001092,46.8766979667245,9.62542343139648,31.9628505706787,26.8310966491699,18.2413158416748,1.10941481590271,74.5909652709961,27.1519184112549,426.291778564453
"Reynoutria_japonica",8.61163163763736,60.0806504785785,1.33840346336365,25.370719909668,25.7658729553223,9.62844657897949,-3.66157174110413,29.991153717041,35.4942817687988,246.983825683594
"Reynoutria_japonica",8.61308810871106,51.8788736481478,10.0202922821045,31.077823638916,23.0983715057373,17.6032218933105,5.83224010467529,50.9187774658203,17.7379264831543,255.889587402344
"Reynoutria_japonica",8.61321566031469,46.5071015713132,3.96731805801392,32.1681938171387,26.6876049041748,10.7648944854736,-4.39994668960571,74.7141647338867,24.5483932495117,394.149383544922
"Reynoutria_japonica",8.61599894102223,62.8242250493927,2.21630930900574,24.3698825836182,21.6406402587891,-1.1485333442688,4.85107278823853,76.5494613647461,23.1084766387939,353.91162109375
"Reynoutria_japonica",8.61788768138817,61.2931685752708,0.359410583972931,23.7358436584473,26.128885269165,8.90089416503906,-4.53580093383789,27.1167049407959,32.8810806274414,212.235855102539
"Reynoutria_japonica",8.62177739491989,53.7183015513597,10.0019292831421,26.466947555542,20.5824108123779,16.9504108428955,5.47688150405884,39.2855529785156,25.2912216186523,249.980987548828
"Reynoutria_japonica",8.62248032847763,48.7176699247482,8.3511905670166,31.6886024475098,25.4061164855957,16.6894931793213,8.39637470245361,70.6312484741211,14.2188653945923,319.421936035156
"Reynoutria_japonica",8.62342874985232,46.3753580895536,3.75592088699341,32.0718002319336,26.866662979126,4.28056001663208,-4.64973640441895,77.5850372314453,31.8238372802734,466.812438964844
"Reynoutria_japonica",8.62792663871268,50.8154764496424,9.38564586639404,31.227876663208,24.1031799316406,2.9070086479187,5.18322372436523,42.5195274353027,15.8183479309082,208.134307861328
"Reynoutria_japonica",8.63082997522507,55.7577810744125,9.14641094207764,23.9263534545898,19.5665225982666,6.91581964492798,4.36773014068604,43.5196228027344,28.0239849090576,215.099014282227
"Reynoutria_japonica",8.6327109863445,49.7080696281422,10.7208576202393,31.3611011505127,25.1073417663574,19.0682373046875,6.53252410888672,60.9403305053711,17.1392383575439,295.372985839844
"Reynoutria_japonica",8.64686430056212,50.9203967588054,9.35381889343262,31.1981105804443,23.9915008544922,2.92059755325317,5.15439510345459,39.9000473022461,15.76198387146,188.822113037109
"Reynoutria_japonica",8.65160165637497,47.0520226406838,7.93258094787598,32.4006729125977,26.5033683776855,16.3941898345947,-0.434967845678329,123.958114624023,25.3906402587891,658.477844238281
"Reynoutria_japonica",8.65321000571318,46.6512283701186,0.810197651386261,32.6906471252441,26.2104930877686,7.40128612518311,-7.33750581741333,100.724044799805,17.7157020568848,499.412322998047
"Reynoutria_japonica",8.65462723277641,48.6560202342958,8.8315372467041,31.67333984375,25.5428886413574,17.199275970459,4.63680934906006,61.3283767700195,13.4274482727051,270.466064453125
"Reynoutria_japonica",8.65464288759316,46.9364874732282,6.15537786483765,32.4581565856934,26.4369220733643,14.5980281829834,-2.16596388816833,121.400283813477,28.190185546875,698.429260253906
"Reynoutria_japonica",8.65569842637684,46.7784605545658,6.61177635192871,32.0881881713867,26.6953506469727,15.1665182113647,-1.79507768154144,76.6133651733398,17.0193996429443,350.400268554688
"Reynoutria_japonica",8.6608925275873,47.1752630435459,9.26526737213135,32.3520317077637,26.5568466186523,17.7416763305664,0.852181911468506,78.4153442382812,37.1883926391602,558.155517578125
"Reynoutria_japonica",8.66113631677749,56.0756043506943,9.01747703552246,24.5360469818115,19.8064384460449,6.73406744003296,4.24628877639771,43.6550598144531,27.3511390686035,213.866546630859
"Reynoutria_japonica",8.66147664682677,59.1926654115278,3.86285519599915,25.497034072876,25.1119060516357,4.26530027389526,-1.25350904464722,51.2278594970703,28.1929473876953,301.600189208984
"Reynoutria_japonica",8.67090652334899,47.1139523455252,7.14409017562866,32.5280914306641,26.4166603088379,15.5631294250488,-1.1783607006073,111.754257202148,30.9661979675293,684.587890625
"Reynoutria_japonica",8.67247007470771,56.2898357500288,8.89790439605713,24.4162635803223,19.8036060333252,10.0751304626465,4.12136650085449,43.9265899658203,26.8001003265381,220.313507080078
"Reynoutria_japonica",8.6735272193082,55.9441647063616,9.17753028869629,24.6334629058838,19.8783721923828,6.88023519515991,4.40384292602539,44.0831069946289,27.3368263244629,222.804809570312
"Reynoutria_japonica",8.6742767803547,45.9518094388125,11.2812175750732,31.1694278717041,28.6278495788574,18.7078247070312,2.21577405929565,81.3287506103516,29.1005115509033,590.731018066406
"Reynoutria_japonica",8.68077252450572,46.7101340180822,1.22015023231506,32.7049980163574,26.1879615783691,9.54920482635498,-6.92076539993286,95.1535034179688,22.062686920166,526.889404296875
"Reynoutria_japonica",8.68398138161512,46.1585956835673,8.71556091308594,31.3895702362061,27.8927249908447,13.6637277603149,-0.0912203416228294,78.2257843017578,34.5023536682129,625.470031738281
"Reynoutria_japonica",8.68649145939803,46.6828941923657,-0.233108252286911,32.8396034240723,26.097354888916,6.29268836975098,-8.31461048126221,99.1081390380859,18.5313148498535,494.441955566406
"Reynoutria_japonica",8.6882217497363,59.6524317183868,2.86173295974731,25.9190940856934,25.9052715301514,11.1037635803223,-2.21415853500366,43.1401405334473,32.899974822998,314.1630859375
"Reynoutria_japonica",8.69316351103966,46.5951034713576,-0.0853541791439056,32.7301979064941,26.1822776794434,6.47683763504028,-8.20339965820312,83.8574142456055,22.9505405426025,496.590118408203
"Reynoutria_japonica",8.70009933773267,62.8349436203779,4.08382558822632,24.2835578918457,21.5671234130859,0.723345875740051,6.69629621505737,74.7577438354492,23.5508556365967,336.812622070312
"Reynoutria_japonica",8.70255303294731,56.8991606930076,9.15314769744873,18.5307655334473,18.0282173156738,10.4763040542603,4.31103563308716,41.4597625732422,26.6443729400635,214.646209716797
"Reynoutria_japonica",8.71416798481367,61.0140108577256,0.793309807777405,24.0913429260254,26.0474739074707,10.2796487808228,-4.15598297119141,30.50315284729,35.3440780639648,246.400665283203
"Reynoutria_japonica",8.71641854434166,46.0928767863324,12.6794300079346,30.9382266998291,28.4449882507324,20.1231079101562,3.62184643745422,59.9532241821289,33.388614654541,498.178253173828
"Reynoutria_japonica",8.71835321185318,61.1261966591073,2.92558097839355,23.7229290008545,26.3461265563965,12.5734367370605,-2.06268382072449,26.3854122161865,33.4469757080078,211.011108398438
"Reynoutria_japonica",8.72672501973929,52.0528514240128,10.118914604187,30.9025859832764,23.0399913787842,17.6997241973877,5.91434192657471,47.0080947875977,16.1620540618896,222.968841552734
"Reynoutria_japonica",8.73213630563635,49.6845820630836,9.43991661071777,31.5138778686523,25.0064945220947,17.7436103820801,5.24104166030884,69.4199523925781,13.828821182251,317.607818603516
"Reynoutria_japonica",8.73817482868761,49.181881803057,10.9434452056885,31.2183303833008,25.511266708374,19.4175815582275,6.75274991989136,55.3560485839844,17.625358581543,254.651290893555
"Reynoutria_japonica",8.74152047870544,45.8189556549444,13.1850614547729,31.0386638641357,29.1608104705811,20.7741451263428,3.93784308433533,54.3920936584473,28.5809230804443,370.466156005859
"Reynoutria_japonica",8.74466819243069,46.5325038213035,3.64697289466858,32.1275901794434,26.719539642334,8.47800350189209,-4.7144627571106,67.6176910400391,27.5951728820801,404.162353515625
"Reynoutria_japonica",8.75085713737413,59.1241742160775,5.10308694839478,24.8585414886475,24.7833518981934,5.54219484329224,-0.0514572598040104,52.2590103149414,29.8994293212891,308.159332275391
"Reynoutria_japonica",8.75521077465127,59.5963445339557,4.27230644226074,25.7936267852783,26.0857124328613,9.02039337158203,-0.855258107185364,37.8895988464355,30.2159404754639,261.333190917969
"Reynoutria_japonica",8.75891175607122,63.2935882931685,5.70933675765991,22.5753707885742,18.0529308319092,3.1355357170105,7.51582098007202,78.4631500244141,21.7779026031494,321.316162109375
"Reynoutria_japonica",8.76015097701707,62.6464940431133,2.63609027862549,24.5841159820557,23.1592750549316,-1.09219145774841,5.63067150115967,48.0723762512207,22.0952644348145,244.409027099609
"Reynoutria_japonica",8.76214606020087,59.1641209618288,5.63878965377808,24.9519996643066,25.0473518371582,6.03977727890015,0.466549098491669,46.5257415771484,29.0346031188965,268.813568115234
"Reynoutria_japonica",8.76497142246701,62.7708165685298,2.81839370727539,24.4963493347168,22.2931213378906,-0.700360834598541,5.59841728210449,58.7116241455078,20.3270301818848,291.961975097656
"Reynoutria_japonica",8.76890941618354,45.7617561866791,12.8693227767944,31.134578704834,29.2408103942871,20.4585952758789,3.60916066169739,65.8894119262695,25.8188514709473,410.548248291016
"Reynoutria_japonica",8.77085073946146,46.5982953093147,-0.150416970252991,32.6988182067871,26.2137870788574,6.40994024276733,-8.27527046203613,73.6311492919922,24.3682594299316,443.536865234375
"Reynoutria_japonica",8.77684930935236,47.0836702921667,7.24407577514648,32.5050621032715,26.4582500457764,15.672266960144,3.42868065834045,99.5819320678711,32.4136352539062,634.789916992188
"Reynoutria_japonica",8.78051970979923,63.0107656092377,5.31908416748047,23.878833770752,20.483434677124,2.21512317657471,7.67130661010742,81.1002349853516,24.4208087921143,346.858245849609
"Reynoutria_japonica",8.78824674051916,46.1645938117365,12.9648675918579,30.8661193847656,28.4165287017822,20.4065170288086,3.91349339485168,51.520378112793,35.4443359375,450.292358398438
"Reynoutria_japonica",8.79163636704609,60.0482388894154,3.3951313495636,25.3031959533691,26.2111358642578,11.7956409454346,-1.68758761882782,30.7315769195557,36.737907409668,256.055816650391
"Reynoutria_japonica",8.80481164007555,47.1436888494372,7.49687623977661,32.526050567627,26.4871730804443,15.9301252365112,-0.860445559024811,111.1376953125,32.0096855163574,698.487060546875
"Reynoutria_japonica",8.80706112612342,46.2774339225045,6.6871132850647,31.6515865325928,27.4598960876465,14.5969896316528,-1.95807361602783,65.4316253662109,35.5749397277832,549.516723632812
"Reynoutria_japonica",8.81224696575067,46.6878826050802,4.13105583190918,32.2868118286133,26.5434074401855,11.7494621276855,-4.19185876846313,63.1832466125488,18.8837509155273,305.756713867188
"Reynoutria_japonica",8.8221563925178,62.979071496013,5.13986253738403,24.0546417236328,20.9242343902588,1.939772605896,7.59003591537476,71.9935989379883,23.3539714813232,322.189178466797
"Reynoutria_japonica",8.82292705978484,59.3152765972435,6.56489038467407,25.3445377349854,25.8001518249512,6.85348701477051,1.36627149581909,40.0926132202148,29.6409206390381,260.671051025391
"Reynoutria_japonica",8.8276464926935,58.6374353156322,7.67582225799561,21.3293533325195,22.2184562683105,8.42193603515625,2.51384139060974,62.8424453735352,29.0826091766357,275.306091308594
"Reynoutria_japonica",8.8333603961982,46.5999544919107,1.1385098695755,32.5339813232422,26.3628711700439,9.53878593444824,-7.06313562393188,64.9849395751953,26.9645748138428,423.333648681641
"Reynoutria_japonica",8.83609810433511,46.4392435651782,7.12667989730835,31.6378765106201,27.2405834197998,12.0131015777588,-1.46905720233917,56.9245185852051,32.7211227416992,406.068237304688
"Reynoutria_japonica",8.83653959637016,62.6110121124792,1.81802833080292,24.6704578399658,23.5193214416504,-1.98346829414368,4.88796377182007,41.5018348693848,20.6964492797852,225.89533996582
"Reynoutria_japonica",8.83725844556108,56.1053729410281,8.82902526855469,25.5485000610352,20.3494510650635,6.44419765472412,4.05586528778076,45.7016487121582,25.5927314758301,228.728942871094
"Reynoutria_japonica",8.83962935002761,46.7409734947643,2.31154084205627,32.5272102355957,26.350061416626,8.9637975692749,-5.90617895126343,74.0513916015625,19.1802635192871,338.115112304688
"Reynoutria_japonica",8.85386019015802,55.7362297648559,9.09909534454346,25.0657863616943,20.1531372070312,6.76234817504883,4.31898212432861,45.7553901672363,26.8008556365967,228.803207397461
"Reynoutria_japonica",8.86824176963157,47.4928297998478,9.4953145980835,32.435962677002,26.5033416748047,17.9388599395752,1.07004547119141,72.846305847168,27.7232551574707,417.110778808594
"Reynoutria_japonica",8.87206153705251,58.5761223738617,8.14602184295654,20.302755355835,21.6305046081543,8.96295833587646,2.98384141921997,63.6796226501465,29.2796936035156,280.539489746094
"Reynoutria_japonica",8.87306312055514,62.8267030388627,3.05294156074524,24.5139007568359,22.1620330810547,-0.433019548654556,5.79848480224609,61.8088493347168,24.7524318695068,288.503631591797
"Reynoutria_japonica",8.87315701043457,46.8664274001359,-0.0271305646747351,33.037166595459,25.9809989929199,8.20295524597168,-8.07966613769531,98.0828247070312,31.2057151794434,654.158935546875
"Reynoutria_japonica",8.87678695370166,46.9661151122904,2.03299379348755,32.982234954834,26.1015892028809,10.3065929412842,-1.60271048545837,145.491760253906,27.4951419830322,832.396240234375
"Reynoutria_japonica",8.87920585802602,41.5937942515943,15.649884223938,22.0439739227295,18.8020706176758,13.704327583313,22.4888381958008,9.14371776580811,57.6050033569336,48.4418830871582
"Reynoutria_japonica",8.8827762168465,46.9331348165819,2.01361775398254,32.9115867614746,26.1315860748291,10.3043880462646,-1.62852084636688,136.817687988281,27.8027000427246,786.616943359375
"Reynoutria_japonica",8.88292212993251,56.5028566680178,9.04666709899902,23.58229637146,19.7028884887695,10.1979341506958,4.25757503509521,43.4270095825195,24.5021705627441,215.227203369141
"Reynoutria_japonica",8.88793922330917,47.1798653835734,10.6220197677612,32.231330871582,26.799840927124,19.1927909851074,2.08612561225891,74.6457443237305,37.8128204345703,536.04638671875
"Reynoutria_japonica",8.89453748325307,41.8625425661995,13.4927577972412,23.5066871643066,19.2051391601562,8.78389453887939,20.3530139923096,13.3106822967529,55.4978065490723,62.4100723266602
"Reynoutria_japonica",8.89946216168461,47.271537733405,9.43315696716309,32.4329566955566,26.6234245300293,17.918270111084,0.97591370344162,110.99341583252,24.5564384460449,583.106994628906
"Reynoutria_japonica",8.90258932008801,46.9005886997032,2.58400940895081,32.7439804077148,26.2421760559082,10.9216861724854,-5.59938669204712,103.343902587891,28.2472133636475,619.958679199219
"Reynoutria_japonica",8.90437961488908,59.6828633672629,4.26454973220825,25.8029956817627,26.2190685272217,12.5983562469482,-0.870619654655457,40.5553894042969,33.6086120605469,302.517761230469
"Reynoutria_japonica",8.90730266669095,62.7362490603272,0.956534624099731,24.747631072998,22.7314834594727,-2.6414680480957,3.82648015022278,51.7925643920898,21.5537872314453,271.688171386719
"Reynoutria_japonica",8.90862516384235,46.8407595702547,-0.171857327222824,33.0406379699707,25.991828918457,8.05903625488281,-8.22352504730225,91.2389602661133,30.5662517547607,606.159057617188
"Reynoutria_japonica",8.91199004369221,46.1266853553639,11.1578540802002,31.1651439666748,28.2289886474609,18.5069332122803,2.19006276130676,63.3569869995117,33.6457481384277,525.443664550781
"Reynoutria_japonica",8.91295797522592,62.8907639583104,1.66949987411499,24.4803295135498,21.6067657470703,-1.66209733486176,4.27042675018311,69.7923736572266,21.694019317627,335.411560058594
"Reynoutria_japonica",8.92115425021256,59.4937489099062,2.83010220527649,25.9981002807617,25.7724800109863,7.56450510025024,-2.28506517410278,49.4992942810059,33.6096687316895,354.794158935547
"Reynoutria_japonica",8.92129165946092,59.6528574927926,5.55280685424805,25.6877307891846,26.3616561889648,10.3187408447266,0.376316785812378,39.6079063415527,33.7629508972168,288.563385009766
"Reynoutria_japonica",8.92995156905928,47.2787111926915,9.03568744659424,32.48291015625,26.6209697723389,17.5160217285156,0.589072942733765,119.748611450195,22.8257675170898,605.994750976562
"Reynoutria_japonica",8.94117452224473,54.9241821050545,9.50154304504395,25.8533420562744,20.3379936218262,10.6675691604614,4.79339122772217,41.2544021606445,27.2380676269531,236.335998535156
"Reynoutria_japonica",8.94180674390727,46.7212534235565,5.55070781707764,32.148265838623,26.6833324432373,13.2056283950806,-2.84931468963623,61.8005638122559,18.8512420654297,291.106811523438
"Reynoutria_japonica",8.95380324878713,60.0901463879246,0.642454028129578,25.6625480651855,26.000150680542,8.94463348388672,-4.3893084526062,36.4409408569336,35.6558494567871,302.631256103516
"Reynoutria_japonica",8.96025110540083,63.0780141859859,4.76345014572144,24.0741882324219,20.6928195953369,1.63007998466492,7.14914798736572,73.268424987793,25.9300899505615,312.766204833984
"Reynoutria_japonica",8.96295102589958,45.7880864827057,12.4770603179932,31.3003635406494,29.3021850585938,16.4244899749756,3.21873426437378,67.3194351196289,28.4819183349609,363.215637207031
"Reynoutria_japonica",8.96372510017541,47.586675315856,10.4254522323608,32.306812286377,26.5814304351807,18.906759262085,3.09640789031982,63.0072479248047,23.7394962310791,331.49560546875
"Reynoutria_japonica",8.96597475422977,41.8446374877328,14.7812156677246,23.5982494354248,19.4270210266113,12.7389984130859,21.7088298797607,11.0437650680542,54.2887420654297,50.9970855712891
"Reynoutria_japonica",8.97128388866418,46.7135974416388,5.74771738052368,32.1161575317383,26.7362060546875,14.316912651062,-2.67222118377686,60.1494598388672,21.4240093231201,325.023620605469
"Reynoutria_japonica",8.97220508038863,45.6696722915064,13.1397972106934,31.2814121246338,29.5941734313965,17.1444244384766,3.79299306869507,55.4939308166504,28.284330368042,307.444976806641
"Reynoutria_japonica",8.97584473185596,55.6721101311265,8.9300422668457,25.3666896820068,20.3901271820068,6.54548358917236,4.14285802841187,47.3836250305176,25.9592838287354,239.264099121094
"Reynoutria_japonica",8.97897033132181,47.2669655368055,8.54891014099121,32.542652130127,26.5929317474365,17.0136432647705,0.125984355807304,128.836517333984,21.1610126495361,628.45849609375
"Reynoutria_japonica",8.97954872858579,51.1661419304422,8.4615421295166,31.1041221618652,23.8799724578857,16.2831020355225,4.24774742126465,40.9977416992188,20.9490604400635,224.478668212891
"Reynoutria_japonica",8.98321306128894,42.0588936472266,14.1809253692627,23.8324508666992,19.4427757263184,9.38983345031738,21.1108627319336,15.4633407592773,52.5748023986816,65.6595764160156
"Reynoutria_japonica",8.98543381443499,46.6829982732694,3.19591879844666,32.3736305236816,26.5264205932617,11.6688594818115,-5.10337066650391,62.9431533813477,25.5374393463135,390.88037109375
"Reynoutria_japonica",8.98592563985656,46.8946334288866,6.03277778625488,32.3294906616211,26.6282825469971,14.5395755767822,2.20687532424927,87.7218856811523,20.8882961273193,435.873901367188
"Reynoutria_japonica",8.99403873239617,46.037810555306,11.3908700942993,31.1961154937744,28.5961685180664,18.8122863769531,2.33937883377075,54.3759078979492,35.7735748291016,461.450164794922
"Reynoutria_japonica",9.00462712063511,46.8662500507523,0.246037662029266,32.9801292419434,26.0976829528809,8.51576137542725,-3.35675930976868,109.870964050293,25.1899108886719,624.311279296875
"Reynoutria_japonica",9.00469068155119,46.1333010910115,8.46108818054199,31.5058765411377,27.9978542327881,17.4745998382568,-0.370458006858826,74.5567092895508,35.6604461669922,631.23974609375
"Reynoutria_japonica",9.0052862828142,46.3810492655764,5.58233642578125,31.8492183685303,27.1742496490479,14.317253112793,-2.96624779701233,61.8744468688965,36.4993667602539,536.557922363281
"Reynoutria_japonica",9.00854159940588,46.5007986690366,-1.04096269607544,32.7131004333496,26.3245182037354,7.31426668167114,-9.1859188079834,71.5634841918945,33.1167449951172,545.785766601562
"Reynoutria_japonica",9.0117558522331,47.2354768223641,9.90447998046875,32.3411865234375,26.7905406951904,18.4474182128906,1.39279055595398,117.443862915039,24.7193737030029,626.700622558594
"Reynoutria_japonica",9.01469183267554,46.2900211449815,9.83034133911133,31.2867698669434,27.8796424865723,18.8448143005371,0.994931757450104,50.3404235839844,39.4557342529297,485.558868408203
"Reynoutria_japonica",9.02623372055603,62.7655344216221,0.981942296028137,24.8094310760498,22.7052898406982,-2.59437966346741,3.82758116722107,53.7953872680664,22.2703037261963,279.915008544922
"Reynoutria_japonica",9.03184056233772,48.2668965813795,7.4844069480896,32.0477256774902,25.904914855957,14.3318653106689,-0.820282399654388,63.8012237548828,25.1789989471436,338.359741210938
"Reynoutria_japonica",9.0318909426035,62.7054264699568,1.35253608226776,24.7931690216064,23.2575340270996,-2.36416625976562,4.33239698410034,39.7365646362305,21.1594085693359,220.073028564453
"Reynoutria_japonica",9.03314998140405,46.4996909136307,0.360291004180908,32.5249290466309,26.5118408203125,7.00660705566406,-7.87056303024292,69.658447265625,33.5823173522949,527.916687011719
"Reynoutria_japonica",9.04583158094069,51.0670171485065,8.28613185882568,31.1102447509766,24.0165748596191,16.1466770172119,4.05904340744019,40.3815536499023,19.2754058837891,209.931945800781
"Reynoutria_japonica",9.05616354048255,46.2514590682309,4.87095403671265,31.9004364013672,27.3607540130615,11.8354721069336,-3.70017576217651,60.9304466247559,39.3976211547852,579.386474609375
"Reynoutria_japonica",9.05769518537836,47.2100230925415,8.08033084869385,32.5699729919434,26.6404418945312,16.5520286560059,-0.338936477899551,134.716232299805,26.8083972930908,760.238159179688
"Reynoutria_japonica",9.06094548914444,46.0683545402193,7.22471141815186,31.7394065856934,28.0521793365479,14.3962116241455,-1.58197331428528,63.1574592590332,37.5306968688965,548.920837402344
"Reynoutria_japonica",9.06535631189824,46.4700337374438,-1.00327062606812,32.7142944335938,26.3844223022461,5.57462882995605,-9.16703987121582,70.8893203735352,33.606517791748,526.403564453125
"Reynoutria_japonica",9.0663278555712,41.7738193407832,11.8478116989136,23.3232116699219,19.2323379516602,9.88078022003174,18.7104415893555,11.9318590164185,55.0020217895508,56.3032455444336
"Reynoutria_japonica",9.06749523545578,47.4247574464348,9.79525089263916,32.4383392333984,26.6828594207764,18.2850723266602,1.31279373168945,66.3808975219727,27.6680374145508,382.628692626953
"Reynoutria_japonica",9.06778051818191,46.8030796349445,1.51183640956879,32.7525215148926,26.2838401794434,9.86062240600586,-5.57936143875122,96.2898788452148,15.08434009552,412.161895751953
"Reynoutria_japonica",9.06881253321311,41.9299383044892,10.2742576599121,24.0216407775879,19.3437080383301,8.29143047332764,17.1258354187012,17.236141204834,53.0413436889648,74.1471099853516
"Reynoutria_japonica",9.0850537001346,42.0556290091191,6.75839281082153,23.9790267944336,19.1743831634521,2.12533807754517,13.5417127609253,22.0691776275635,51.5993614196777,89.7529449462891
"Reynoutria_japonica",9.08653424585946,46.0666642248429,8.06938648223877,31.6115436553955,28.1786155700684,15.2923784255981,-0.791129410266876,55.7346801757812,38.1049957275391,440.9951171875
"Reynoutria_japonica",9.08926028540437,62.7928943335896,1.32322466373444,24.8096103668213,22.6614303588867,-2.2317271232605,4.14645195007324,47.8517646789551,22.2785625457764,248.668609619141
"Reynoutria_japonica",9.09278854410426,45.4890908357963,14.1238622665405,31.3867645263672,30.193826675415,14.3245258331299,4.59558439254761,55.1404228210449,24.7827663421631,249.788421630859
"Reynoutria_japonica",9.09462977006981,59.8940111305767,3.81561088562012,25.759859085083,26.5287704467773,12.2311878204346,-1.33903539180756,37.6036720275879,34.9147338867188,290.315368652344
"Reynoutria_japonica",9.09513096767868,60.8510428982113,2.10342955589294,24.5003967285156,26.3146724700928,11.6647939682007,-2.95332384109497,25.917459487915,39.5212631225586,241.198669433594
"Reynoutria_japonica",9.10595082305189,46.7446695682472,3.91607284545898,32.3451843261719,26.61376953125,12.4234323501587,-4.42554187774658,60.8158111572266,29.5680122375488,418.121704101562
"Reynoutria_japonica",9.1084969986529,46.8027536484832,4.05223035812378,32.4572525024414,26.5515289306641,12.5257768630981,-0.47050815820694,78.9858856201172,15.2132349014282,344.219207763672
"Reynoutria_japonica",9.10897078004306,46.5964553636033,0.2621129155159,32.6232948303223,26.3793983459473,8.65637683868408,-7.92984962463379,66.5226364135742,29.5797882080078,456.105499267578
"Reynoutria_japonica",9.11257408168257,47.8624198039141,9.48335838317871,32.2112503051758,26.4172420501709,17.9319343566895,1.02666187286377,51.3736457824707,32.6089019775391,336.392639160156
"Reynoutria_japonica",9.11512775308235,41.8681498547298,10.1795282363892,23.6537475585938,19.2684135437012,5.50631237030029,17.0288772583008,17.6944942474365,52.7887268066406,78.651481628418
"Reynoutria_japonica",9.11958627680502,49.2172018838778,10.6761713027954,31.1557312011719,25.6849975585938,19.2015705108643,6.45378494262695,49.2692718505859,14.2580270767212,225.512557983398
"Reynoutria_japonica",9.12444600338942,51.1241166564627,8.90150451660156,31.007266998291,24.0520267486572,16.7840728759766,4.66792917251587,36.2207984924316,20.8768863677979,189.519439697266
"Reynoutria_japonica",9.12698619524993,59.1815547408238,6.15105724334717,24.621753692627,25.1636428833008,6.56866359710693,0.919146656990051,51.9693183898926,30.7281246185303,332.550689697266
"Reynoutria_japonica",9.12870444385928,46.7752726191259,6.74295234680176,32.075756072998,26.8705043792725,15.3651285171509,-1.73946499824524,56.3065414428711,25.1689224243164,332.573638916016
"Reynoutria_japonica",9.12934167834743,47.3973296205449,8.9503345489502,32.5866889953613,26.6701927185059,17.4276638031006,0.490796804428101,84.5918121337891,29.8197937011719,518.251342773438
"Reynoutria_japonica",9.12950130442043,47.1422170606994,7.94052314758301,32.5041732788086,26.7400665283203,16.4488277435303,-0.501537263393402,118.433692932129,20.9512042999268,566.112854003906
"Reynoutria_japonica",9.13032222107075,49.4362260813354,9.56905651092529,31.3558959960938,25.4226360321045,2.51382112503052,9.39380550384521,53.7182121276855,14.3070888519287,242.750869750977
"Reynoutria_japonica",9.13329664261527,59.679500227841,5.81300401687622,25.7291316986084,26.6374397277832,10.6050024032593,0.591913759708405,37.203483581543,31.9941635131836,264.033325195312
"Reynoutria_japonica",9.13367044782028,51.0728417923951,8.99775314331055,31.0072441101074,24.1126403808594,16.9090766906738,4.76246881484985,36.4111061096191,19.3850231170654,184.309829711914
"Reynoutria_japonica",9.13486716719135,62.8688996956899,1.96670389175415,24.7647285461426,22.5268421173096,-1.55527532100677,4.75030612945557,46.1415519714355,22.6083450317383,234.526870727539
"Reynoutria_japonica",9.14642149825496,41.926581158592,11.8485021591187,23.5725765228271,19.3917541503906,9.82926082611084,18.7573070526123,15.1346826553345,51.5395317077637,65.6296463012695
"Reynoutria_japonica",9.15361594748454,46.8353799492376,0.407097667455673,32.9719085693359,26.1797256469727,8.70483779907227,-7.71395778656006,99.810920715332,21.1014595031738,503.096099853516
"Reynoutria_japonica",9.15597151458527,45.7028663020611,13.176721572876,31.340799331665,29.6745223999023,17.1931686401367,3.8036470413208,54.7746810913086,28.5230712890625,312.608551025391
"Reynoutria_japonica",9.16088713828048,46.4441816023026,1.68207180500031,32.3334655761719,26.7797355651855,8.4266414642334,-6.65277671813965,68.3005218505859,33.910774230957,482.250915527344
"Reynoutria_japonica",9.17208363640682,47.1749587199233,6.18703460693359,32.7855110168457,26.5539283752441,14.6108741760254,2.39541959762573,114.851387023926,24.5050239562988,604.457275390625
"Reynoutria_japonica",9.1734168966766,45.6603293713898,13.4849510192871,31.3662166595459,29.8156623840332,21.1752471923828,4.06797981262207,55.1546363830566,26.7336235046387,298.072937011719
"Reynoutria_japonica",9.17912845689734,46.3719871045832,4.16955184936523,31.9927825927734,27.2041130065918,11.0795564651489,-4.34291124343872,63.7592468261719,35.0406112670898,457.075866699219
"Reynoutria_japonica",9.18551277115695,58.912145341578,7.20425081253052,22.2328224182129,23.3907470703125,7.83824777603149,1.95914351940155,61.007999420166,29.0967082977295,311.427490234375
"Reynoutria_japonica",9.19013603634345,45.8181107299022,10.9867534637451,31.5077705383301,29.129919052124,14.8667573928833,1.80840468406677,55.390495300293,34.3238143920898,375.826629638672
"Reynoutria_japonica",9.1903007592453,41.9939675370723,10.1300392150879,23.4693374633789,19.2680110931396,8.1400146484375,17.0057125091553,16.390682220459,51.4511375427246,69.340705871582
"Reynoutria_japonica",9.19127992959954,46.5642077396002,1.08556509017944,32.4917068481445,26.5590324401855,7.76036262512207,-7.1758508682251,64.7470092773438,30.9049701690674,441.673400878906
"Reynoutria_japonica",9.19497453558008,46.8951518342703,1.84282743930817,32.8810348510742,26.3226909637451,10.1927700042725,-6.34833431243896,85.2135543823242,30.4240741729736,537.060424804688
"Reynoutria_japonica",9.19972711643821,59.8926148440696,1.62989807128906,26.0879936218262,26.3443489074707,9.95626354217529,-3.48550748825073,42.7204704284668,32.1641426086426,321.178161621094
"Reynoutria_japonica",9.20063348457158,54.5624688833303,9.47035026550293,27.9651851654053,21.3442935943604,16.4908103942871,4.83304452896118,40.5155754089355,26.6751461029053,251.7353515625
"Reynoutria_japonica",9.20269659059838,42.4592309457451,15.3576221466064,20.1858863830566,18.493091583252,13.2528638839722,22.3050956726074,11.7687530517578,47.0159378051758,57.9423065185547
"Reynoutria_japonica",9.20320861676687,41.80108320629,8.9019889831543,23.1495513916016,19.072696685791,6.9758620262146,15.7228469848633,13.7826824188232,53.926025390625,63.4137420654297
"Reynoutria_japonica",9.20826206972663,56.5677688637986,8.98791217803955,24.4874114990234,20.3165092468262,10.0661754608154,4.17353105545044,40.6817893981934,22.8776397705078,201.900985717773
"Reynoutria_japonica",9.22518571744922,50.4758510135113,8.02830600738525,31.3650035858154,24.605806350708,1.39025568962097,3.78674983978271,68.2955322265625,16.4612884521484,328.237670898438
"Reynoutria_japonica",9.22646809343378,46.2481002091458,3.04937958717346,32.1771507263184,27.3159332275391,9.94450378417969,-5.46547603607178,70.3039016723633,36.5208892822266,595.737609863281
"Reynoutria_japonica",9.22760985829164,59.5655217350976,6.77775144577026,25.5801906585693,26.63303565979,11.5765018463135,1.51702904701233,38.4268226623535,31.0004997253418,259.197662353516
"Reynoutria_japonica",9.2277896196703,45.2011612855578,14.5802392959595,31.2400493621826,30.3160190582275,14.826976776123,4.97909355163574,50.9478569030762,24.1438789367676,190.494293212891
"Reynoutria_japonica",9.22804838189608,48.7522282315686,10.4635810852051,31.2138175964355,26.0324993133545,19.0251007080078,1.96722042560577,36.8964691162109,33.0206604003906,245.23567199707
"Reynoutria_japonica",9.22888619484974,46.9587121826387,2.67247796058655,32.9231300354004,26.3840293884277,11.0323762893677,-1.02794671058655,107.974304199219,24.8225879669189,571.187927246094
"Reynoutria_japonica",9.23431062427311,42.3587048261215,11.2213134765625,21.3800067901611,18.6574020385742,9.19425868988037,18.0969734191895,21.0222110748291,46.4093856811523,92.3611297607422
"Reynoutria_japonica",9.23545535756158,59.1832567437775,6.85110902786255,24.4466419219971,25.2419776916504,7.26393222808838,1.58896636962891,45.4345397949219,30.5102691650391,275.179382324219
"Reynoutria_japonica",9.23659344483894,48.352523573065,8.04908752441406,31.8567237854004,26.0139122009277,16.4696941375732,-0.326624244451523,48.3448486328125,28.9436511993408,290.127807617188
"Reynoutria_japonica",9.23761459418655,46.7198227167583,6.22109985351562,32.0805053710938,26.9200572967529,14.8508081436157,-2.26454901695251,53.5632934570312,31.2862377166748,371.854675292969
"Reynoutria_japonica",9.23780285940285,63.0212444342666,4.94367170333862,24.5285797119141,21.7659015655518,1.58289730548859,7.55845975875854,53.3680953979492,21.1235961914062,265.985321044922
"Reynoutria_japonica",9.2391649365777,48.2529949681415,8.18268299102783,31.9420757293701,26.0747489929199,16.5969371795654,-0.201827451586723,50.7872924804688,27.7039585113525,295.829162597656
"Reynoutria_japonica",9.24138364532876,46.6485290052289,0.711874544620514,32.6154289245605,26.454568862915,9.13152980804443,-7.5113697052002,62.6256942749023,32.7095985412598,476.729614257812
"Reynoutria_japonica",9.25622375282991,47.4504560648053,9.20675849914551,32.5582656860352,26.7683963775635,17.7115955352783,0.711010217666626,75.8548736572266,34.1615791320801,519.5166015625
"Reynoutria_japonica",9.25734279684371,46.1880464812009,6.91271352767944,31.6903381347656,27.8532905578613,14.0355453491211,-1.83875930309296,52.340705871582,39.4998931884766,407.186645507812
"Reynoutria_japonica",9.26044156811351,48.9441948484822,10.7031450271606,31.1016254425049,25.9644317626953,19.2811527252197,6.46557807922363,48.2986335754395,26.336498260498,267.379669189453
"Reynoutria_japonica",9.26172354264386,46.7237083434265,2.33069562911987,32.5498847961426,26.5510406494141,10.7864418029785,-5.95660400390625,68.9998092651367,31.4046821594238,480.823425292969
"Reynoutria_japonica",9.26456834962777,41.7802431545635,13.1427297592163,22.1662635803223,19.0296192169189,11.1498355865479,20.0578269958496,10.0582590103149,55.8876991271973,47.3594360351562
"Reynoutria_japonica",9.26564225964911,48.4081103426736,8.19585132598877,31.8133754730225,26.0138072967529,16.6319198608398,-0.194054841995239,46.2623062133789,29.9161128997803,284.983703613281
"Reynoutria_japonica",9.26700174153027,60.7259866747493,1.29747724533081,24.9217281341553,26.3813285827637,10.7967672348022,-3.77923774719238,27.6605186462402,40.6902084350586,270.616088867188
"Reynoutria_japonica",9.2675200874522,41.8692794061617,11.7137002944946,22.5731258392334,19.0965728759766,9.72695064544678,18.6129035949707,10.8219289779663,56.7239189147949,48.6420707702637
"Reynoutria_japonica",9.28237727782517,46.988201347926,2.5654125213623,32.9528770446777,26.40185546875,10.930513381958,-5.65191555023193,98.9972686767578,24.9641361236572,531.000183105469
"Reynoutria_japonica",9.2833028289113,42.2947767956443,12.6036443710327,21.377758026123,18.7707576751709,10.5432891845703,19.525993347168,19.521411895752,43.9165840148926,86.7938842773438
"Reynoutria_japonica",9.28453311624805,42.548822223693,12.5879287719727,19.1614265441895,18.056489944458,10.5512218475342,19.4617881774902,11.3914356231689,51.5751876831055,61.6790618896484
"Reynoutria_japonica",9.28921673166557,45.8594894769203,11.0574760437012,31.4692840576172,29.0695915222168,18.5333671569824,1.90023839473724,61.7818374633789,30.3322257995605,385.761962890625
"Reynoutria_japonica",9.29573385260885,48.4474949281781,8.08109092712402,31.7576274871826,26.0130252838135,16.5202198028564,-0.309907346963882,54.3040008544922,30.7791423797607,340.944854736328
"Reynoutria_japonica",9.29590851715868,49.1210035223666,10.3914632797241,31.0813465118408,25.8704662322998,18.9556102752686,6.15420579910278,51.975154876709,19.3687496185303,252.5087890625
"Reynoutria_japonica",9.29799148791943,59.3441760233986,5.74145793914795,25.2919578552246,25.8970813751221,6.08639812469482,0.487429022789001,51.6240005493164,31.6786708831787,337.543640136719
"Reynoutria_japonica",9.30383112232522,62.8609368243109,0.560944676399231,25.0465831756592,22.8508701324463,-3.00880002975464,3.40405321121216,54.9766578674316,23.1576824188232,296.859191894531
"Reynoutria_japonica",9.32323059808385,42.5457568816103,12.9332733154297,18.9302158355713,18.0430870056152,10.8849220275879,19.8249969482422,12.8615531921387,49.5765495300293,65.9935073852539
"Reynoutria_japonica",9.32544771077337,48.4091877265607,8.15598201751709,31.8144626617432,26.032283782959,16.5965671539307,-0.240986704826355,49.8393402099609,29.5157890319824,304.262298583984
"Reynoutria_japonica",9.32771631433277,47.0882051343849,9.02146911621094,32.3809394836426,26.9912757873535,17.6245803833008,5.07867288589478,77.2436676025391,29.520809173584,459.767456054688
"Reynoutria_japonica",9.33399331485965,51.3449702254407,8.52969551086426,30.9306221008301,23.9124050140381,16.382495880127,4.27607679367065,46.7119979858398,23.1033401489258,259.802337646484
"Reynoutria_japonica",9.33595126386921,42.451508679954,13.1249961853027,19.7565326690674,18.3411674499512,11.0607624053955,20.0481376647949,14.2976942062378,50.469654083252,67.8224029541016
"Reynoutria_japonica",9.33851481147572,60.9488159650452,4.07062005996704,24.3458728790283,26.7534484863281,13.7998037338257,-1.0628125667572,23.6678581237793,38.2232131958008,224.365936279297
"Reynoutria_japonica",9.33852159812461,46.5578120766367,2.87559127807617,32.2754287719727,26.8292045593262,10.579080581665,-5.51056337356567,47.2249412536621,35.0526695251465,358.760650634766
"Reynoutria_japonica",9.34414145255012,63.054383738405,4.06308698654175,24.677791595459,21.8607997894287,0.696672916412354,6.68538188934326,64.9035263061523,24.9526405334473,303.903991699219
"Reynoutria_japonica",9.34683565107338,47.2782020235051,4.37337732315063,33.1177558898926,26.4569034576416,12.7250385284424,0.648630499839783,115.758491516113,30.8941421508789,727.855712890625
"Reynoutria_japonica",9.3533156475977,62.864621349067,0.522224366664886,25.0935153961182,22.9577331542969,-3.06722974777222,3.38811445236206,48.2812232971191,23.0254421234131,261.915466308594
"Reynoutria_japonica",9.36450418302981,46.5299453724343,0.560538053512573,32.512092590332,26.6561412811279,9.04402542114258,-7.71767377853394,57.8391532897949,38.3577156066895,506.036315917969
"Reynoutria_japonica",9.36549500341406,46.4947134337527,1.81637930870056,32.3338394165039,26.8261756896973,8.57276725769043,-6.54255676269531,50.3943519592285,39.0173301696777,438.716064453125
"Reynoutria_japonica",9.36550372213744,60.6978571680367,2.3265016078949,24.9593830108643,26.5880851745605,11.8976364135742,-2.79667592048645,24.9769420623779,39.8266792297363,238.006683349609
"Reynoutria_japonica",9.3722590783019,42.58321775622,14.9549179077148,18.3065872192383,17.9725914001465,12.8648166656494,21.8955593109131,12.6296472549438,46.6794509887695,64.7790145874023
"Reynoutria_japonica",9.38721872783319,47.6156030730237,10.8073530197144,32.2990646362305,26.9251861572266,19.3790969848633,2.20655536651611,53.814022064209,33.2382011413574,350.344757080078
"Reynoutria_japonica",9.39132555180355,46.8394498076023,5.53646755218506,32.3716278076172,26.8653182983398,14.1091213226318,1.01066517829895,69.2969436645508,18.9294586181641,331.229064941406
"Reynoutria_japonica",9.39459089404644,59.3455448729109,5.3371958732605,25.2918739318848,25.875358581543,10.1336364746094,0.0801411718130112,52.8565635681152,32.3909873962402,344.829925537109
"Reynoutria_japonica",9.40000796736024,55.7986218245886,8.61022281646729,24.5457439422607,20.6542415618896,6.11386966705322,3.73954510688782,45.171199798584,23.2880821228027,222.405181884766
"Reynoutria_japonica",9.40730074983417,46.9951144761188,1.33660590648651,33.119068145752,26.3625030517578,9.66751861572266,-2.32656002044678,90.3557662963867,33.3053207397461,596.409240722656
"Reynoutria_japonica",9.4075602495271,46.9374814427389,1.04147839546204,33.0654220581055,26.3740997314453,9.37663650512695,-7.13652229309082,92.5623550415039,26.0049686431885,515.91650390625
"Reynoutria_japonica",9.40959818886063,55.4562734020632,8.95606803894043,23.785472869873,20.4077739715576,6.46830749511719,4.09809255599976,44.1696929931641,23.1864261627197,233.273986816406
"Reynoutria_japonica",9.41054838405861,59.4421936888883,3.99130916595459,25.7349433898926,26.0276985168457,4.34446620941162,-1.23084545135498,53.6888465881348,30.8811550140381,353.791625976562
"Reynoutria_japonica",9.41357855326946,47.4843246086319,9.97274303436279,32.4996299743652,26.9084796905518,18.5217456817627,1.42088615894318,54.943531036377,37.0803184509277,402.435302734375
"Reynoutria_japonica",9.41526610858522,42.3983197033174,14.0251817703247,19.7507171630859,18.4048461914062,11.9457273483276,20.974910736084,14.3627290725708,49.0421524047852,66.0935516357422
"Reynoutria_japonica",9.42004634886507,63.3891757619478,5.51288986206055,24.0470275878906,20.0940799713135,2.52455067634583,11.0138540267944,61.7483291625977,30.3924903869629,241.392379760742
"Reynoutria_japonica",9.42330984303673,47.0551228095836,8.19643497467041,32.4467239379883,27.0155372619629,16.8021640777588,-0.333427459001541,78.5957641601562,25.8007965087891,426.865966796875
"Reynoutria_japonica",9.42672135037534,47.3693074304542,7.72674655914307,32.8021240234375,26.8014965057373,16.2138843536377,-0.723540365695953,90.4543991088867,33.5586280822754,610.753112792969
"Reynoutria_japonica",9.43275016522635,55.9190839183115,8.48988246917725,24.8234481811523,20.8167343139648,5.97662448883057,3.6221489906311,46.4849891662598,22.9562187194824,227.767150878906
"Reynoutria_japonica",9.43519916506635,42.4224784945557,14.8675394058228,19.080982208252,18.2775058746338,12.772647857666,21.8383007049561,13.2165641784668,50.9563827514648,62.6196708679199
"Reynoutria_japonica",9.44542967348874,56.4442609206382,8.85974407196045,25.4660549163818,20.8851871490479,6.33896636962891,4.02001714706421,40.9543533325195,22.8768482208252,208.401794433594
"Reynoutria_japonica",9.45473130781944,54.9876899755278,9.16308689117432,25.6063251495361,20.8916797637939,16.2442741394043,4.38540363311768,43.779857635498,22.8360958099365,239.322448730469
"Reynoutria_japonica",9.46693614778002,47.49208958031,10.3573732376099,32.4672012329102,27.0292415618896,18.9383659362793,1.76450824737549,53.1698837280273,40.6744766235352,429.513427734375
"Reynoutria_japonica",9.47006221414131,45.6112106674869,13.6155843734741,31.4323921203613,29.988245010376,13.8210144042969,4.15334606170654,54.4631538391113,26.1431789398193,292.043853759766
"Reynoutria_japonica",9.47343668106421,42.3003692605522,14.9916687011719,19.5200138092041,18.4319343566895,12.9004125595093,21.9789886474609,13.2400941848755,52.6108894348145,60.8826332092285
"Reynoutria_japonica",9.47835238876266,46.5620321768835,0.291225075721741,32.580135345459,26.6438789367676,8.76107597351074,-7.98008155822754,48.2674827575684,45.4579429626465,508.128356933594
"Reynoutria_japonica",9.48304016721814,47.3017632130803,6.72774744033813,32.9030799865723,26.7592277526855,15.1922950744629,-1.69019448757172,87.9353408813477,38.0550117492676,656.981384277344
"Reynoutria_japonica",9.48343825220476,46.7839942412035,3.53025960922241,32.4817314147949,26.7850151062012,12.0680379867554,-4.83967399597168,61.918872833252,34.3716278076172,455.409210205078
"Reynoutria_japonica",9.48899747702082,49.9591415585679,8.86018466949463,31.3181190490723,25.167537689209,1.95066666603088,8.59887981414795,57.4025421142578,13.6612043380737,257.225982666016
"Reynoutria_japonica",9.51806778975047,47.4262321749068,8.05092334747314,32.7705535888672,26.8461074829102,16.5502471923828,-0.427256375551224,73.1162338256836,41.2744522094727,592.973937988281
"Reynoutria_japonica",9.52016215853151,46.9592869127302,8.45184803009033,32.2693862915039,27.1554355621338,17.1163845062256,-0.124323092401028,51.4072456359863,31.83251953125,325.249603271484
"Reynoutria_japonica",9.5211130443174,46.4048863707052,-0.512916445732117,32.5764389038086,26.805835723877,6.16253519058228,-8.80643749237061,52.1091766357422,42.6651725769043,527.361511230469
"Reynoutria_japonica",9.52413097547556,46.8099105257091,5.52406454086304,32.3176116943359,26.9698638916016,14.1414623260498,-2.94573330879211,49.1935997009277,36.4010887145996,357.846221923828
"Reynoutria_japonica",9.53510056215305,63.1036787004909,4.86858320236206,24.8347339630127,22.2042713165283,1.42610514163971,7.55997943878174,48.9128456115723,24.2581443786621,228.837646484375
"Reynoutria_japonica",9.55575349442595,47.5476298355123,10.8088159561157,32.3730430603027,27.0811195373535,19.4111366271973,2.1805694103241,64.3595275878906,34.8587646484375,438.924072265625
"Reynoutria_japonica",9.56241608987705,46.2503936822522,1.14829611778259,32.4244842529297,27.145938873291,7.9488000869751,-7.28185415267944,55.5115280151367,41.6935157775879,533.672180175781
"Reynoutria_japonica",9.56639118945056,47.3098208181758,10.6240215301514,32.4334831237793,27.2173557281494,19.2770690917969,1.98130202293396,67.8652267456055,31.2216053009033,422.946899414062
"Reynoutria_japonica",9.58871700289263,46.9673360677106,7.55341005325317,32.3812942504883,27.1208000183105,16.1988201141357,3.03018498420715,64.4425430297852,27.6519012451172,367.832458496094
"Reynoutria_japonica",9.58957223473106,59.4045251891375,4.57583904266357,25.3971061706543,25.9803943634033,4.96953248977661,-0.701526284217834,56.6587295532227,30.0878925323486,343.164337158203
"Reynoutria_japonica",9.59064576186019,57.1165428026711,9.07497119903564,20.8295650482178,19.6332130432129,10.2134914398193,4.13687038421631,38.6187286376953,22.6003513336182,200.877655029297
"Reynoutria_japonica",9.59965478567245,60.7614932332058,4.00744962692261,24.7814617156982,27.0344848632812,13.7573165893555,-1.2009711265564,26.6977882385254,37.4987373352051,243.098541259766
"Reynoutria_japonica",9.60071417979839,46.5906704114272,4.63714218139648,32.1080436706543,27.0893287658691,13.3135795593262,-3.8640079498291,38.4026336669922,40.9388198852539,346.263977050781
"Reynoutria_japonica",9.60183459618127,46.4089065720976,-0.258884310722351,32.543098449707,26.8660697937012,6.43228530883789,-8.57634544372559,51.2245635986328,37.2856636047363,406.333923339844
"Reynoutria_japonica",9.60471156163778,63.0531287674828,5.09310340881348,24.9982662200928,22.7278022766113,1.53574585914612,7.89684534072876,40.7530364990234,21.5824184417725,206.136749267578
"Reynoutria_japonica",9.61212635055304,46.8079275856113,4.65915584564209,32.4193382263184,26.9422950744629,13.2486457824707,-3.78173017501831,52.3215065002441,38.3723449707031,406.050445556641
"Reynoutria_japonica",9.62187889598534,46.5602936495969,3.28895592689514,32.2343215942383,26.9915580749512,11.9213943481445,-5.15560626983643,42.1977424621582,36.8261909484863,340.111724853516
"Reynoutria_japonica",9.6220656022641,46.3223650765857,1.40952897071838,32.3643989562988,27.1354541778564,10.0458917617798,-7.01931953430176,56.2394371032715,39.5625648498535,493.018249511719
"Reynoutria_japonica",9.63090559069209,47.4594312309864,10.8217630386353,32.4772491455078,27.173656463623,19.4547424316406,2.17194199562073,68.7313919067383,37.7527923583984,494.951538085938
"Reynoutria_japonica",9.63184527478142,47.640970077032,10.1245441436768,32.4416236877441,26.9889698028564,18.6971130371094,1.53065407276154,76.5488967895508,30.6569976806641,469.926879882812
"Reynoutria_japonica",9.63669983909572,47.0859936075139,3.74134516716003,33.0648193359375,26.7143249511719,12.1793994903564,-4.58914041519165,72.2423553466797,35.4599761962891,496.893463134766
"Reynoutria_japonica",9.64122683399484,46.7760698610928,1.20044004917145,32.7503318786621,26.6716327667236,9.65740585327148,-7.07915925979614,62.333080291748,35.1122093200684,449.229370117188
"Reynoutria_japonica",9.66277185195342,59.4691434344109,4.44944429397583,25.6355152130127,26.293966293335,4.80671548843384,-0.830031335353851,50.8655052185059,31.3166427612305,317.695251464844
"Reynoutria_japonica",9.66837619219995,63.423493388311,5.89172220230103,24.6578426361084,20.9857788085938,2.71932864189148,8.32121276855469,56.8405647277832,27.5724773406982,225.832946777344
"Reynoutria_japonica",9.66886433028574,46.1916035333525,8.96511268615723,31.4737148284912,28.1803016662598,16.2145900726318,0.0745081901550293,37.0467758178711,42.9880714416504,323.961975097656
"Reynoutria_japonica",9.67502943402575,46.8148855581192,4.01340866088867,32.4830703735352,26.9301071166992,12.5872440338135,-4.40965366363525,58.0259780883789,33.5583953857422,400.854766845703
"Reynoutria_japonica",9.68323635100354,46.3179795970176,-1.98817610740662,32.763801574707,26.8024559020996,4.64281749725342,-10.2461948394775,53.9235763549805,38.9205589294434,463.927062988281
"Reynoutria_japonica",9.6839264956099,46.2905945388208,1.004359126091,32.4182548522949,27.1762809753418,7.80024909973145,-7.42477035522461,44.1521873474121,42.5123062133789,404.3115234375
"Reynoutria_japonica",9.68527189136713,46.4995623472168,0.075117252767086,32.5188484191895,26.8063163757324,8.60080337524414,-8.24195957183838,44.0508232116699,38.2529525756836,390.455535888672
"Reynoutria_japonica",9.68839702393752,63.2599572628413,5.82782936096191,24.9009418487549,21.9151992797852,2.46125817298889,8.450364112854,54.536563873291,27.0659637451172,225.171768188477
"Reynoutria_japonica",9.68920558140794,47.5426249991621,10.6129131317139,32.4662246704102,27.1047344207764,19.2204189300537,1.97805178165436,84.9231033325195,28.6020221710205,499.045288085938
"Reynoutria_japonica",9.68980629806179,60.4807649270275,1.13847768306732,25.7424449920654,26.9070587158203,10.663197517395,-4.03846406936646,35.6241874694824,36.149959564209,310.656677246094
"Reynoutria_japonica",9.70244801868602,51.1624475348699,8.5584774017334,30.8951663970947,24.3680572509766,16.5739192962646,4.26880788803101,48.0477180480957,19.3550548553467,243.431243896484
"Reynoutria_japonica",9.70364019212693,47.2131579054585,8.87115669250488,32.6443634033203,27.1581764221191,17.49072265625,0.287493228912354,83.1075744628906,35.4485816955566,562.741455078125
"Reynoutria_japonica",9.70887691603939,46.9871480504065,6.2907600402832,32.5452728271484,27.0985126495361,14.9030447006226,1.78118896484375,69.3867263793945,27.2416934967041,392.7509765625
"Reynoutria_japonica",9.7100601373092,59.8633281843967,4.62904167175293,26.0134677886963,27.2669925689697,4.86782741546631,-0.675953030586243,42.0219306945801,29.4325485229492,283.241607666016
"Reynoutria_japonica",9.71722181172623,46.218489818519,0.507261157035828,32.4858856201172,27.2101459503174,7.29343843460083,-7.91488456726074,43.1519050598145,45.2655754089355,434.447448730469
"Reynoutria_japonica",9.72173732460181,46.2865611173,-1.50406622886658,32.7059860229492,26.9374408721924,5.16713237762451,-9.80387306213379,49.3457870483398,40.6116142272949,433.115966796875
"Reynoutria_japonica",9.73506222637033,46.4103755703868,1.12492561340332,32.3413047790527,27.0391902923584,9.73353290557861,-7.27212715148926,45.4814109802246,35.1897964477539,347.822387695312
"Reynoutria_japonica",9.73557022919008,46.1640911875383,9.28360080718994,31.4694538116455,28.2863254547119,16.5673274993896,0.355771034955978,51.9784469604492,33.3359107971191,380.111145019531
"Reynoutria_japonica",9.73653152351938,47.3392249064145,6.76069259643555,32.9527130126953,26.9217224121094,15.2656440734863,-1.70239996910095,98.6253204345703,38.5860252380371,728.208251953125
"Reynoutria_japonica",9.73680921668821,46.538313166693,-2.21711373329163,32.8152961730957,26.5414295196533,6.18796062469482,-10.4050636291504,46.7990608215332,36.6621513366699,370.316772460938
"Reynoutria_japonica",9.74905385155796,47.0308874967409,2.84829139709473,33.0312461853027,26.7443752288818,11.2958068847656,-1.63689732551575,88.6109161376953,21.5954914093018,450.253540039062
"Reynoutria_japonica",9.77812577010441,61.0736698078059,0.712083160877228,24.8905334472656,26.5959510803223,10.2752418518066,-4.38997983932495,39.1350593566895,36.5652008056641,325.446868896484
"Reynoutria_japonica",9.77934645180613,60.4613817677248,0.952251732349396,25.8243350982666,26.9785232543945,10.4821853637695,-4.23955583572388,37.5849418640137,36.0293006896973,333.11669921875
"Reynoutria_japonica",9.78378951703578,47.1499269168098,7.43649435043335,32.7119979858398,27.1434726715088,16.0457019805908,3.50823044776917,61.5124702453613,36.6856346130371,431.804138183594
"Reynoutria_japonica",9.78557583536738,47.4914695040453,9.63352966308594,32.6131134033203,27.1465034484863,18.2359046936035,1.02602350711823,107.826072692871,31.068286895752,660.101684570312
"Reynoutria_japonica",9.78797816083937,46.3748913716157,0.78962230682373,32.3841285705566,27.0119514465332,9.38650035858154,-7.59259939193726,43.195484161377,37.1191787719727,348.479614257812
"Reynoutria_japonica",9.79373620885965,59.7823659436778,6.3035888671875,25.7809982299805,27.3837471008301,11.2055168151855,0.936103522777557,43.1823997497559,31.6925411224365,284.859100341797
"Reynoutria_japonica",9.79930646736579,46.9998768134903,1.37304747104645,33.2014007568359,26.6485366821289,9.76912117004395,-2.34593558311462,97.0043258666992,28.4826889038086,553.068420410156
"Reynoutria_japonica",9.81087444597516,61.0475001393728,0.654883921146393,24.9191875457764,26.631031036377,10.2213926315308,-4.45399045944214,39.4349174499512,37.0796127319336,331.241119384766
"Reynoutria_japonica",9.81528404580436,46.5344865394002,-0.800532281398773,32.6269416809082,26.7099208831787,5.84738063812256,-9.07089900970459,36.4101638793945,38.414234161377,302.401031494141
"Reynoutria_japonica",9.81822778381058,61.1288845222549,1.79288589954376,24.705249786377,26.7184467315674,11.4453353881836,-3.32804083824158,27.9152927398682,36.7511558532715,243.430694580078
"Reynoutria_japonica",9.81847992739393,56.7217874205524,8.62361621856689,23.7506675720215,20.7258644104004,6.09479999542236,3.70458197593689,40.5623512268066,22.5839309692383,211.28141784668
"Reynoutria_japonica",9.81851550263062,54.654371014285,9.35536003112793,25.578685760498,21.211576461792,16.525520324707,4.58493041992188,39.5834350585938,23.2409973144531,229.083770751953
"Reynoutria_japonica",9.82255208160123,46.2252952448848,2.93782258033752,32.1506843566895,27.4543914794922,9.84914016723633,-5.61689567565918,53.9078598022461,34.752311706543,333.580627441406
"Reynoutria_japonica",9.82361095314575,47.2474779701409,6.00123167037964,32.9618644714355,27.0031814575195,14.5283222198486,1.51757967472076,108.872749328613,24.569881439209,564.077270507812
"Reynoutria_japonica",9.82758813423823,59.3469652222778,5.3935604095459,24.892068862915,25.8351726531982,5.82410669326782,0.0756188780069351,54.0448951721191,29.1519584655762,290.009399414062
"Reynoutria_japonica",9.84313538521432,47.3963476959465,8.03726100921631,32.8205909729004,27.1308517456055,16.6125965118408,-0.513891756534576,81.2303085327148,33.2004051208496,519.645385742188
"Reynoutria_japonica",9.84728788432054,60.7890939039781,3.02783060073853,25.0806522369385,27.1734313964844,12.7545528411865,-2.20316553115845,35.1960487365723,35.5910339355469,299.848480224609
"Reynoutria_japonica",9.84825697333759,47.3070573304838,4.2617449760437,33.2641716003418,26.8055534362793,12.699517250061,-4.10047054290771,106.470962524414,32.9891510009766,677.435424804688
"Reynoutria_japonica",9.84896299645316,47.2455671694698,6.38854217529297,32.9472923278809,27.0537128448486,14.9374771118164,1.90206587314606,99.9917144775391,24.0153141021729,510.72412109375
"Reynoutria_japonica",9.85253040540502,62.89833503335,3.67461729049683,25.2815246582031,24.134973526001,11.7556581497192,2.55157494544983,45.5883293151855,21.038724899292,240.804138183594
"Reynoutria_japonica",9.85406111650993,47.4896594062283,9.40101432800293,32.6533584594727,27.2028789520264,18.0109844207764,0.792982041835785,87.2790603637695,30.4662742614746,520.947692871094
"Reynoutria_japonica",9.86549593386069,63.0520973708919,4.28679513931274,25.2865524291992,23.4223346710205,12.1767797470093,3.1129252910614,40.218822479248,20.191104888916,205.244522094727
"Reynoutria_japonica",9.86716493137034,46.6500773856446,-0.661787450313568,32.7403526306152,26.6437835693359,7.78694915771484,-8.91391563415527,42.8090362548828,44.0102348327637,386.763092041016
"Reynoutria_japonica",9.87262659753317,48.6870337854611,8.55620956420898,31.3892822265625,26.2504005432129,17.1335048675537,4.26712799072266,72.6766128540039,21.507266998291,363.62109375
"Reynoutria_japonica",9.8733245182653,47.704045759557,9.45020198822021,32.5225067138672,27.025562286377,18.0271739959717,5.01818513870239,91.9452209472656,24.724494934082,500.638488769531
"Reynoutria_japonica",9.87725452097034,47.0944605128901,6.61635971069336,32.7381477355957,27.1815071105957,15.2291393280029,2.69456315040588,81.8560943603516,31.8912887573242,501.412719726562
"Reynoutria_japonica",9.88284274925993,48.3841913452676,8.98837947845459,31.6000919342041,26.4832286834717,17.5698738098145,4.66952610015869,48.5121879577637,27.9546699523926,285.327453613281
"Reynoutria_japonica",9.88977280709819,47.3005677281485,4.1608099937439,33.2915916442871,26.8191146850586,12.6036043167114,-4.20308399200439,108.581649780273,30.06569480896,638.233032226562
"Reynoutria_japonica",9.8957533046404,44.9291445748152,14.5517835617065,30.9444541931152,30.3224945068359,14.9214582443237,24.2081069946289,50.2133636474609,25.0396919250488,177.512847900391
"Reynoutria_japonica",9.89601280433332,46.3533533818606,-2.81375336647034,32.7968597412109,26.6979942321777,3.77090215682983,-11.0324373245239,43.2326583862305,38.7740364074707,364.973541259766
"Reynoutria_japonica",9.90254123929367,60.0456915609785,6.00340366363525,25.8029823303223,27.8461170196533,14.7063369750977,0.631168603897095,36.5479507446289,33.7532081604004,278.925933837891
"Reynoutria_japonica",9.90469764717723,49.927261731585,9.73515224456787,30.9449081420898,25.5628528594971,18.2307243347168,5.43063974380493,40.8176002502441,18.8511562347412,215.656372070312
"Reynoutria_japonica",9.9063330581592,46.4047036902648,-3.79459238052368,32.8977661132812,26.5668888092041,4.59398889541626,-11.9522399902344,50.8566589355469,35.6786727905273,400.587219238281
"Reynoutria_japonica",9.92655050069953,47.4645242895671,8.5687084197998,32.7890892028809,27.1760482788086,17.1622619628906,4.61776161193848,111.433410644531,27.2365169525146,616.664916992188
"Reynoutria_japonica",9.92776440550763,55.727171094627,8.86768627166748,20.3249759674072,20.0471706390381,6.38020086288452,3.82211446762085,40.3244247436523,20.7953681945801,194.081130981445
"Reynoutria_japonica",9.93726934353145,47.6676867543329,9.06442642211914,32.6270942687988,27.0361404418945,17.6373767852783,0.480362385511398,95.5541687011719,24.9306030273438,518.889892578125
"Reynoutria_japonica",9.94882583131058,59.9059105239073,6.44965791702271,25.7858009338379,27.7294788360596,6.65174579620361,1.05632150173187,37.0958137512207,30.0365924835205,256.752746582031
"Reynoutria_japonica",9.94981416872166,45.2655400142425,14.5260524749756,31.2459144592285,30.410192489624,14.7865524291992,4.87529420852661,56.3313865661621,18.6654510498047,230.376846313477
"Reynoutria_japonica",9.95626878366699,49.221077165737,9.47543239593506,30.9511051177979,26.0453834533691,18.1113262176514,5.1833963394165,45.4698333740234,13.8340606689453,218.318298339844
"Reynoutria_japonica",9.96131814783677,63.2618695486239,5.46854305267334,25.3673801422119,22.8632755279541,1.90993249416351,8.2876443862915,49.9158592224121,23.220235824585,215.488555908203
"Reynoutria_japonica",9.96534933108956,46.5695719594051,0.00401455443352461,32.4889030456543,26.8110771179199,8.53034973144531,-8.31458377838135,41.6395301818848,40.3258476257324,351.075103759766
"Reynoutria_japonica",9.96654950434868,47.0547116215752,3.25119423866272,33.0674057006836,26.9145126342773,11.7452630996704,-0.55493175983429,89.5980224609375,33.1262474060059,568.128784179688
"Reynoutria_japonica",9.96949256057371,63.3293012658727,5.6442608833313,25.341344833374,22.6889400482178,2.12221956253052,8.42561531066895,53.2370834350586,21.2710800170898,236.023345947266
"Reynoutria_japonica",9.96989064556033,48.7803423675288,8.20382976531982,31.3607597351074,26.2316131591797,16.791072845459,3.9142758846283,63.0476226806641,22.6686820983887,320.279998779297
"Reynoutria_japonica",9.97122460617328,47.9835481949328,8.790846824646,32.2258148193359,26.8075847625732,17.346586227417,0.229236081242561,53.6437644958496,32.2378311157227,362.991821289062
"Reynoutria_japonica",9.97124336910986,47.6738163751631,8.87411880493164,32.6551628112793,27.0299949645996,17.4454784393311,4.4406590461731,97.9660263061523,25.035364151001,532.99755859375
"Reynoutria_japonica",9.98072567029287,46.908077169082,-0.0790259018540382,33.1107635498047,26.6603660583496,8.32937431335449,-4.54622745513916,75.9710159301758,32.5979423522949,503.087829589844
